time,kf_cov_x,kf_cov_y,kf_cov_theta,ekf_cov_x,ekf_cov_y,ekf_cov_theta,pf_cov_x,pf_cov_y,pf_cov_theta
5.4002,0.0273,0.0273,0.0000,0.0268,0.0268,0.0268,0.0389,0.0393,0.0312
5.5002,0.0209,0.0209,0.0000,0.0192,0.0192,0.0192,0.0241,0.0237,0.0201
5.6002,0.0208,0.0208,0.0000,0.0180,0.0180,0.0180,0.0147,0.0138,0.0126
5.7001,0.0202,0.0202,0.0000,0.0179,0.0179,0.0179,0.0119,0.0103,0.0100
5.8008,0.0206,0.0206,0.0000,0.0179,0.0179,0.0179,0.0095,0.0083,0.0082
5.9001,0.0204,0.0204,0.0000,0.0179,0.0179,0.0179,0.0080,0.0062,0.0071
6.0002,0.0199,0.0199,0.0000,0.0179,0.0179,0.0179,0.0072,0.0055,0.0065
6.1001,0.0193,0.0193,0.0000,0.0179,0.0179,0.0179,0.0064,0.0047,0.0055
6.2021,0.0202,0.0202,0.0000,0.0179,0.0179,0.0179,0.0066,0.0043,0.0056
6.3002,0.0198,0.0198,0.0000,0.0179,0.0179,0.0179,0.0060,0.0041,0.0055
6.4028,0.0197,0.0197,0.0000,0.0179,0.0179,0.0179,0.0060,0.0038,0.0051
6.5002,0.0201,0.0201,0.0000,0.0179,0.0179,0.0179,0.0067,0.0036,0.0053
6.6001,0.0200,0.0200,0.0000,0.0179,0.0179,0.0179,0.0070,0.0035,0.0051
6.7006,0.0194,0.0194,0.0000,0.0179,0.0179,0.0179,0.0073,0.0032,0.0049
6.8002,0.0192,0.0192,0.0000,0.0179,0.0179,0.0179,0.0067,0.0031,0.0047
6.9005,0.0189,0.0189,0.0000,0.0179,0.0179,0.0179,0.0062,0.0028,0.0046
7.0001,0.0191,0.0191,0.0000,0.0179,0.0179,0.0179,0.0062,0.0027,0.0045
7.1002,0.0192,0.0192,0.0000,0.0179,0.0179,0.0179,0.0061,0.0026,0.0044
7.2035,0.0200,0.0200,0.0000,0.0179,0.0179,0.0179,0.0069,0.0024,0.0048
7.3002,0.0209,0.0209,0.0000,0.0179,0.0179,0.0179,0.0077,0.0024,0.0052
7.4054,0.0201,0.0201,0.0000,0.0179,0.0179,0.0179,0.0072,0.0023,0.0048
7.5001,0.0201,0.0201,0.0000,0.0179,0.0179,0.0179,0.0069,0.0022,0.0049
7.6004,0.0200,0.0200,0.0000,0.0179,0.0179,0.0179,0.0077,0.0021,0.0051
7.7011,0.0198,0.0198,0.0000,0.0179,0.0179,0.0179,0.0075,0.0020,0.0052
7.8043,0.0198,0.0198,0.0000,0.0179,0.0179,0.0179,0.0074,0.0019,0.0052
7.9085,0.0196,0.0196,0.0000,0.0179,0.0179,0.0179,0.0075,0.0018,0.0051
8.0006,0.0194,0.0194,0.0000,0.0179,0.0179,0.0179,0.0075,0.0016,0.0048
8.1001,0.0194,0.0194,0.0000,0.0179,0.0179,0.0179,0.0081,0.0015,0.0049
8.2027,0.0196,0.0196,0.0000,0.0179,0.0179,0.0179,0.0085,0.0015,0.0049
8.3009,0.0197,0.0197,0.0000,0.0179,0.0179,0.0179,0.0083,0.0014,0.0048
8.4001,0.0199,0.0199,0.0000,0.0179,0.0179,0.0179,0.0089,0.0014,0.0050
8.5002,0.0201,0.0201,0.0000,0.0179,0.0179,0.0179,0.0078,0.0013,0.0059
8.6014,0.0194,0.0194,0.0000,0.0179,0.0179,0.0179,0.0081,0.0012,0.0058
8.7002,0.0192,0.0192,0.0000,0.0179,0.0179,0.0179,0.0076,0.0011,0.0055
8.8002,0.0194,0.0194,0.0000,0.0179,0.0179,0.0179,0.0081,0.0011,0.0053
8.9002,0.0195,0.0195,0.0000,0.0179,0.0179,0.0179,0.0083,0.0011,0.0052
9.0027,0.0204,0.0204,0.0000,0.0179,0.0179,0.0179,0.0099,0.0010,0.0057
9.1004,0.0200,0.0200,0.0000,0.0179,0.0179,0.0179,0.0095,0.0010,0.0055
9.2002,0.0199,0.0199,0.0000,0.0179,0.0179,0.0179,0.0099,0.0009,0.0054
9.3002,0.0193,0.0193,0.0000,0.0179,0.0179,0.0179,0.0090,0.0009,0.0050
9.4002,0.0192,0.0192,0.0000,0.0179,0.0179,0.0179,0.0089,0.0008,0.0049
9.5003,0.0194,0.0194,0.0000,0.0179,0.0179,0.0179,0.0087,0.0008,0.0047
9.6007,0.0200,0.0200,0.0000,0.0179,0.0179,0.0179,0.0093,0.0008,0.0052
9.7001,0.0196,0.0196,0.0000,0.0179,0.0179,0.0179,0.0086,0.0007,0.0050
9.8028,0.0196,0.0196,0.0000,0.0179,0.0179,0.0179,0.0086,0.0007,0.0050
9.9005,0.0198,0.0198,0.0000,0.0179,0.0179,0.0179,0.0086,0.0007,0.0053
10.0001,0.0201,0.0201,0.0000,0.0179,0.0179,0.0179,0.0083,0.0007,0.0056
10.1005,0.0197,0.0197,0.0000,0.0179,0.0179,0.0179,0.0086,0.0006,0.0058
10.2001,0.0194,0.0194,0.0000,0.0179,0.0179,0.0179,0.0081,0.0006,0.0056
10.3001,0.0198,0.0198,0.0000,0.0179,0.0179,0.0179,0.0093,0.0006,0.0058
10.4006,0.0196,0.0196,0.0000,0.0179,0.0179,0.0179,0.0094,0.0006,0.0057
10.5002,0.0205,0.0205,0.0000,0.0179,0.0179,0.0179,0.0105,0.0006,0.0059
10.6068,0.0199,0.0199,0.0000,0.0179,0.0179,0.0179,0.0098,0.0006,0.0058
10.7002,0.0205,0.0205,0.0000,0.0179,0.0179,0.0179,0.0108,0.0005,0.0055
10.8005,0.0205,0.0205,0.0000,0.0179,0.0179,0.0179,0.0108,0.0005,0.0056
10.9002,0.0220,0.0220,0.0000,0.0179,0.0179,0.0179,0.0140,0.0005,0.0070
11.0002,0.0220,0.0220,0.0000,0.0179,0.0179,0.0179,0.0140,0.0005,0.0070
11.1039,0.0245,0.0245,0.0000,0.0179,0.0179,0.0179,0.0179,0.0006,0.0098
11.2021,0.0228,0.0228,0.0000,0.0179,0.0179,0.0179,0.0172,0.0006,0.0097
11.3032,0.0223,0.0223,0.0000,0.0179,0.0179,0.0179,0.0176,0.0006,0.0105
11.4146,0.0213,0.0213,0.0000,0.0179,0.0179,0.0179,0.0155,0.0007,0.0104
11.5003,0.0209,0.0209,0.0000,0.0179,0.0179,0.0179,0.0143,0.0007,0.0105
11.6106,0.0205,0.0205,0.0000,0.0179,0.0179,0.0179,0.0135,0.0007,0.0098
11.7018,0.0195,0.0195,0.0000,0.0179,0.0179,0.0179,0.0115,0.0007,0.0086
11.8010,0.0195,0.0195,0.0000,0.0179,0.0179,0.0179,0.0112,0.0007,0.0082
11.9056,0.0194,0.0194,0.0000,0.0179,0.0179,0.0179,0.0106,0.0007,0.0077
12.0002,0.0191,0.0191,0.0000,0.0179,0.0179,0.0179,0.0094,0.0007,0.0070
12.1002,0.0195,0.0195,0.0000,0.0179,0.0179,0.0179,0.0095,0.0007,0.0070
12.2014,0.0195,0.0195,0.0000,0.0179,0.0179,0.0179,0.0092,0.0007,0.0065
12.3083,0.0200,0.0200,0.0000,0.0179,0.0179,0.0179,0.0096,0.0007,0.0067
12.4002,0.0206,0.0206,0.0000,0.0179,0.0179,0.0179,0.0111,0.0007,0.0069
12.5013,0.0206,0.0206,0.0000,0.0179,0.0179,0.0179,0.0116,0.0007,0.0069
12.6002,0.0211,0.0211,0.0000,0.0179,0.0179,0.0179,0.0132,0.0007,0.0069
12.7011,0.0210,0.0210,0.0000,0.0179,0.0179,0.0179,0.0127,0.0007,0.0068
12.8022,0.0201,0.0201,0.0000,0.0179,0.0179,0.0179,0.0114,0.0007,0.0065
12.9001,0.0192,0.0192,0.0000,0.0179,0.0179,0.0179,0.0109,0.0007,0.0068
13.0002,0.0189,0.0189,0.0000,0.0179,0.0179,0.0179,0.0101,0.0006,0.0061
13.1011,0.0194,0.0194,0.0000,0.0179,0.0179,0.0179,0.0097,0.0006,0.0060
13.2002,0.0195,0.0195,0.0000,0.0179,0.0179,0.0179,0.0097,0.0006,0.0059
13.3045,0.0197,0.0197,0.0000,0.0179,0.0179,0.0179,0.0095,0.0006,0.0059
13.4052,0.0197,0.0197,0.0000,0.0179,0.0179,0.0179,0.0097,0.0006,0.0058
13.5015,0.0197,0.0197,0.0000,0.0179,0.0179,0.0179,0.0090,0.0006,0.0058
13.6001,0.0200,0.0200,0.0000,0.0179,0.0179,0.0179,0.0092,0.0006,0.0058
13.7027,0.0191,0.0191,0.0000,0.0179,0.0179,0.0179,0.0077,0.0005,0.0052
13.8002,0.0191,0.0191,0.0000,0.0179,0.0179,0.0179,0.0078,0.0005,0.0050
13.9002,0.0197,0.0197,0.0000,0.0179,0.0179,0.0179,0.0080,0.0005,0.0051
14.0001,0.0198,0.0198,0.0000,0.0179,0.0179,0.0179,0.0083,0.0005,0.0052
14.1002,0.0198,0.0198,0.0000,0.0179,0.0179,0.0179,0.0087,0.0005,0.0050
14.2002,0.0197,0.0197,0.0000,0.0179,0.0179,0.0179,0.0083,0.0005,0.0051
14.3078,0.0203,0.0203,0.0000,0.0179,0.0179,0.0179,0.0092,0.0005,0.0055
14.4001,0.0208,0.0208,0.0000,0.0179,0.0179,0.0179,0.0100,0.0005,0.0064
14.5005,0.0197,0.0197,0.0000,0.0179,0.0179,0.0179,0.0092,0.0005,0.0058
14.6002,0.0203,0.0203,0.0000,0.0179,0.0179,0.0179,0.0102,0.0005,0.0063
14.7002,0.0193,0.0193,0.0000,0.0179,0.0179,0.0179,0.0092,0.0005,0.0061
14.8002,0.0192,0.0192,0.0000,0.0179,0.0179,0.0179,0.0084,0.0005,0.0059
14.9002,0.0190,0.0190,0.0000,0.0179,0.0179,0.0179,0.0086,0.0005,0.0055
15.0003,0.0192,0.0192,0.0000,0.0179,0.0179,0.0179,0.0089,0.0005,0.0053
15.1026,0.0196,0.0196,0.0000,0.0179,0.0179,0.0179,0.0097,0.0005,0.0054
15.2001,0.0200,0.0200,0.0000,0.0179,0.0179,0.0179,0.0103,0.0005,0.0056
15.3002,0.0197,0.0197,0.0000,0.0179,0.0179,0.0179,0.0101,0.0005,0.0054
15.4039,0.0199,0.0199,0.0000,0.0179,0.0179,0.0179,0.0097,0.0005,0.0055
15.5029,0.0198,0.0198,0.0000,0.0179,0.0179,0.0179,0.0093,0.0005,0.0053
15.6002,0.0191,0.0191,0.0000,0.0179,0.0179,0.0179,0.0084,0.0005,0.0048
15.7001,0.0191,0.0191,0.0000,0.0179,0.0179,0.0179,0.0078,0.0005,0.0046
15.8002,0.0190,0.0190,0.0000,0.0179,0.0179,0.0179,0.0065,0.0004,0.0042
15.9002,0.0192,0.0192,0.0000,0.0179,0.0179,0.0179,0.0070,0.0004,0.0038
16.0003,0.0191,0.0191,0.0000,0.0179,0.0179,0.0179,0.0065,0.0004,0.0037
16.1009,0.0192,0.0192,0.0000,0.0179,0.0179,0.0179,0.0065,0.0004,0.0037
16.2002,0.0192,0.0192,0.0000,0.0179,0.0179,0.0179,0.0063,0.0004,0.0037
16.3010,0.0193,0.0193,0.0000,0.0179,0.0179,0.0179,0.0071,0.0004,0.0038
16.4002,0.0190,0.0190,0.0000,0.0179,0.0179,0.0179,0.0065,0.0004,0.0037
16.5026,0.0192,0.0192,0.0000,0.0179,0.0179,0.0179,0.0064,0.0004,0.0037
16.6002,0.0195,0.0195,0.0000,0.0179,0.0179,0.0179,0.0072,0.0004,0.0037
16.7002,0.0198,0.0198,0.0000,0.0179,0.0179,0.0179,0.0080,0.0004,0.0039
16.8002,0.0197,0.0197,0.0000,0.0179,0.0179,0.0179,0.0082,0.0004,0.0041
16.9002,0.0197,0.0197,0.0000,0.0179,0.0179,0.0179,0.0083,0.0004,0.0043
17.0001,0.0198,0.0198,0.0000,0.0179,0.0179,0.0179,0.0091,0.0004,0.0047
17.1045,0.0192,0.0192,0.0000,0.0179,0.0179,0.0179,0.0080,0.0004,0.0047
17.2023,0.0192,0.0192,0.0000,0.0179,0.0179,0.0179,0.0079,0.0004,0.0048
17.3002,0.0195,0.0195,0.0000,0.0179,0.0179,0.0179,0.0081,0.0004,0.0048
17.4001,0.0189,0.0189,0.0000,0.0179,0.0179,0.0179,0.0069,0.0004,0.0047
17.5009,0.0190,0.0190,0.0000,0.0179,0.0179,0.0179,0.0069,0.0004,0.0046
17.6001,0.0191,0.0191,0.0000,0.0179,0.0179,0.0179,0.0066,0.0004,0.0048
17.7029,0.0190,0.0190,0.0000,0.0179,0.0179,0.0179,0.0063,0.0004,0.0046
17.8012,0.0190,0.0190,0.0000,0.0179,0.0179,0.0179,0.0065,0.0004,0.0046
17.9026,0.0190,0.0190,0.0000,0.0179,0.0179,0.0179,0.0065,0.0004,0.0042
18.0007,0.0194,0.0194,0.0000,0.0179,0.0179,0.0179,0.0066,0.0004,0.0043
18.1002,0.0193,0.0193,0.0000,0.0179,0.0179,0.0179,0.0067,0.0004,0.0042
18.2032,0.0194,0.0194,0.0000,0.0179,0.0179,0.0179,0.0068,0.0004,0.0042
18.3008,0.0201,0.0201,0.0000,0.0179,0.0179,0.0179,0.0078,0.0004,0.0044
18.4027,0.0197,0.0197,0.0000,0.0179,0.0179,0.0179,0.0076,0.0004,0.0043
18.5002,0.0193,0.0193,0.0000,0.0179,0.0179,0.0179,0.0070,0.0004,0.0039
18.6001,0.0190,0.0190,0.0000,0.0179,0.0179,0.0179,0.0070,0.0004,0.0038
18.7001,0.0193,0.0193,0.0000,0.0179,0.0179,0.0179,0.0069,0.0004,0.0042
18.8002,0.0194,0.0194,0.0000,0.0179,0.0179,0.0179,0.0073,0.0004,0.0041
18.9024,0.0195,0.0195,0.0000,0.0179,0.0179,0.0179,0.0073,0.0004,0.0042
19.0022,0.0195,0.0195,0.0000,0.0179,0.0179,0.0179,0.0077,0.0004,0.0044
19.1009,0.0194,0.0194,0.0000,0.0179,0.0179,0.0179,0.0077,0.0004,0.0045
19.2001,0.0192,0.0192,0.0000,0.0179,0.0179,0.0179,0.0074,0.0004,0.0047
19.3002,0.0189,0.0189,0.0000,0.0179,0.0179,0.0179,0.0063,0.0004,0.0047
19.4001,0.0188,0.0188,0.0000,0.0179,0.0179,0.0179,0.0061,0.0004,0.0042
19.5002,0.0188,0.0188,0.0000,0.0179,0.0179,0.0179,0.0063,0.0004,0.0042
19.6001,0.0190,0.0190,0.0000,0.0179,0.0179,0.0179,0.0070,0.0004,0.0043
19.7026,0.0196,0.0196,0.0000,0.0179,0.0179,0.0179,0.0075,0.0004,0.0043
19.8001,0.0193,0.0193,0.0000,0.0179,0.0179,0.0179,0.0070,0.0004,0.0042
19.9001,0.0194,0.0194,0.0000,0.0179,0.0179,0.0179,0.0071,0.0004,0.0041
20.0001,0.0198,0.0198,0.0000,0.0179,0.0179,0.0179,0.0074,0.0004,0.0044
20.1002,0.0194,0.0194,0.0000,0.0179,0.0179,0.0179,0.0072,0.0004,0.0042
20.2001,0.0197,0.0197,0.0000,0.0179,0.0179,0.0179,0.0075,0.0004,0.0045
20.3001,0.0197,0.0197,0.0000,0.0179,0.0179,0.0179,0.0074,0.0004,0.0045
20.4002,0.0197,0.0197,0.0000,0.0179,0.0179,0.0179,0.0078,0.0004,0.0045
20.5001,0.0193,0.0193,0.0000,0.0179,0.0179,0.0179,0.0072,0.0004,0.0046
20.6001,0.0192,0.0192,0.0000,0.0179,0.0179,0.0179,0.0072,0.0004,0.0046
20.7050,0.0189,0.0189,0.0000,0.0179,0.0179,0.0179,0.0064,0.0004,0.0042
20.8008,0.0189,0.0189,0.0000,0.0179,0.0179,0.0179,0.0066,0.0004,0.0043
20.9002,0.0188,0.0188,0.0000,0.0179,0.0179,0.0179,0.0064,0.0004,0.0041
21.0003,0.0187,0.0187,0.0000,0.0179,0.0179,0.0179,0.0063,0.0004,0.0039
21.1001,0.0190,0.0190,0.0000,0.0179,0.0179,0.0179,0.0064,0.0004,0.0038
21.2001,0.0189,0.0189,0.0000,0.0179,0.0179,0.0179,0.0057,0.0004,0.0035
21.3017,0.0188,0.0188,0.0000,0.0179,0.0179,0.0179,0.0056,0.0004,0.0034
21.4001,0.0192,0.0192,0.0000,0.0179,0.0179,0.0179,0.0059,0.0004,0.0036
21.5003,0.0192,0.0192,0.0000,0.0179,0.0179,0.0179,0.0059,0.0004,0.0036
21.6001,0.0194,0.0194,0.0000,0.0179,0.0179,0.0179,0.0063,0.0004,0.0037
21.7001,0.0189,0.0189,0.0000,0.0179,0.0179,0.0179,0.0059,0.0004,0.0037
21.8025,0.0194,0.0194,0.0000,0.0179,0.0179,0.0179,0.0064,0.0004,0.0039
21.9001,0.0190,0.0190,0.0000,0.0179,0.0179,0.0179,0.0060,0.0004,0.0038
22.0001,0.0190,0.0190,0.0000,0.0179,0.0179,0.0179,0.0055,0.0004,0.0038
22.1003,0.0191,0.0191,0.0000,0.0179,0.0179,0.0179,0.0060,0.0004,0.0036
22.2027,0.0197,0.0197,0.0000,0.0179,0.0179,0.0179,0.0066,0.0004,0.0040
22.3002,0.0193,0.0193,0.0000,0.0179,0.0179,0.0179,0.0061,0.0004,0.0041
22.4009,0.0196,0.0196,0.0000,0.0179,0.0179,0.0179,0.0067,0.0004,0.0043
22.5001,0.0195,0.0195,0.0000,0.0179,0.0179,0.0179,0.0075,0.0004,0.0044
22.6001,0.0196,0.0196,0.0000,0.0179,0.0179,0.0179,0.0073,0.0004,0.0045
22.7003,0.0194,0.0194,0.0000,0.0179,0.0179,0.0179,0.0073,0.0004,0.0044
22.8001,0.0198,0.0198,0.0000,0.0179,0.0179,0.0179,0.0072,0.0004,0.0045
22.9001,0.0193,0.0193,0.0000,0.0179,0.0179,0.0179,0.0074,0.0004,0.0044
23.0002,0.0195,0.0195,0.0000,0.0179,0.0179,0.0179,0.0075,0.0004,0.0045
23.1002,0.0191,0.0191,0.0000,0.0179,0.0179,0.0179,0.0072,0.0004,0.0042
23.2008,0.0193,0.0193,0.0000,0.0179,0.0179,0.0179,0.0075,0.0004,0.0041
23.3000,0.0191,0.0191,0.0000,0.0179,0.0179,0.0179,0.0073,0.0004,0.0041
23.4002,0.0188,0.0188,0.0000,0.0179,0.0179,0.0179,0.0069,0.0004,0.0039
23.5003,0.0190,0.0190,0.0000,0.0179,0.0179,0.0179,0.0066,0.0004,0.0040
23.6002,0.0190,0.0190,0.0000,0.0179,0.0179,0.0179,0.0068,0.0004,0.0039
23.7002,0.0189,0.0189,0.0000,0.0179,0.0179,0.0179,0.0060,0.0004,0.0037
23.8001,0.0187,0.0187,0.0000,0.0179,0.0179,0.0179,0.0057,0.0004,0.0035
23.9004,0.0198,0.0198,0.0000,0.0179,0.0179,0.0179,0.0065,0.0004,0.0039
24.0027,0.0191,0.0191,0.0000,0.0179,0.0179,0.0179,0.0063,0.0004,0.0037
24.1004,0.0194,0.0194,0.0000,0.0179,0.0179,0.0179,0.0065,0.0004,0.0036
24.2045,0.0190,0.0190,0.0000,0.0179,0.0179,0.0179,0.0058,0.0004,0.0036
24.3026,0.0191,0.0191,0.0000,0.0179,0.0179,0.0179,0.0055,0.0004,0.0037
24.4004,0.0190,0.0190,0.0000,0.0179,0.0179,0.0179,0.0054,0.0004,0.0035
24.5003,0.0189,0.0189,0.0000,0.0179,0.0179,0.0179,0.0052,0.0004,0.0035
24.6003,0.0192,0.0192,0.0000,0.0179,0.0179,0.0179,0.0057,0.0004,0.0035
24.7011,0.0190,0.0190,0.0000,0.0179,0.0179,0.0179,0.0057,0.0004,0.0034
24.8010,0.0193,0.0193,0.0000,0.0179,0.0179,0.0179,0.0061,0.0004,0.0035
24.9001,0.0190,0.0190,0.0000,0.0179,0.0179,0.0179,0.0058,0.0004,0.0036
25.0027,0.0194,0.0194,0.0000,0.0179,0.0179,0.0179,0.0062,0.0004,0.0036
25.1002,0.0191,0.0191,0.0000,0.0179,0.0179,0.0179,0.0060,0.0004,0.0035
25.2002,0.0192,0.0192,0.0000,0.0179,0.0179,0.0179,0.0062,0.0004,0.0037
25.3038,0.0193,0.0193,0.0000,0.0179,0.0179,0.0179,0.0063,0.0003,0.0034
25.4007,0.0192,0.0192,0.0000,0.0179,0.0179,0.0179,0.0061,0.0003,0.0033
25.5001,0.0192,0.0192,0.0000,0.0179,0.0179,0.0179,0.0054,0.0003,0.0035
25.6002,0.0191,0.0191,0.0000,0.0179,0.0179,0.0179,0.0053,0.0003,0.0035
25.7002,0.0193,0.0193,0.0000,0.0179,0.0179,0.0179,0.0055,0.0003,0.0034
25.8002,0.0193,0.0193,0.0000,0.0179,0.0179,0.0179,0.0054,0.0003,0.0034
25.9020,0.0194,0.0194,0.0000,0.0179,0.0179,0.0179,0.0059,0.0003,0.0034
26.0009,0.0195,0.0195,0.0000,0.0179,0.0179,0.0179,0.0062,0.0003,0.0035
26.1012,0.0193,0.0193,0.0000,0.0179,0.0179,0.0179,0.0063,0.0003,0.0034
26.2001,0.0192,0.0192,0.0000,0.0179,0.0179,0.0179,0.0063,0.0003,0.0036
26.3005,0.0193,0.0193,0.0000,0.0179,0.0179,0.0179,0.0067,0.0003,0.0036
26.4006,0.0192,0.0192,0.0000,0.0179,0.0179,0.0179,0.0067,0.0003,0.0033
26.5002,0.0192,0.0192,0.0000,0.0179,0.0179,0.0179,0.0068,0.0003,0.0035
26.6048,0.0190,0.0190,0.0000,0.0179,0.0179,0.0179,0.0065,0.0003,0.0035
26.7001,0.0195,0.0195,0.0000,0.0179,0.0179,0.0179,0.0068,0.0003,0.0037
26.8003,0.0190,0.0190,0.0000,0.0179,0.0179,0.0179,0.0064,0.0003,0.0036
26.9002,0.0193,0.0193,0.0000,0.0179,0.0179,0.0179,0.0064,0.0003,0.0036
27.0001,0.0198,0.0198,0.0000,0.0179,0.0179,0.0179,0.0069,0.0003,0.0039
27.1002,0.0197,0.0197,0.0000,0.0179,0.0179,0.0179,0.0069,0.0003,0.0039
27.2002,0.0194,0.0194,0.0000,0.0179,0.0179,0.0179,0.0073,0.0003,0.0039
27.3002,0.0192,0.0192,0.0000,0.0179,0.0179,0.0179,0.0071,0.0003,0.0037
27.4001,0.0191,0.0191,0.0000,0.0179,0.0179,0.0179,0.0064,0.0003,0.0038
27.5009,0.0193,0.0193,0.0000,0.0179,0.0179,0.0179,0.0064,0.0003,0.0039
27.6000,0.0191,0.0191,0.0000,0.0179,0.0179,0.0179,0.0057,0.0003,0.0037
27.7002,0.0192,0.0192,0.0000,0.0179,0.0179,0.0179,0.0057,0.0003,0.0036
27.8002,0.0189,0.0189,0.0000,0.0179,0.0179,0.0179,0.0056,0.0003,0.0036
27.9002,0.0192,0.0192,0.0000,0.0179,0.0179,0.0179,0.0057,0.0003,0.0039
28.0003,0.0195,0.0195,0.0000,0.0179,0.0179,0.0179,0.0060,0.0003,0.0041
28.1006,0.0195,0.0195,0.0000,0.0179,0.0179,0.0179,0.0064,0.0003,0.0038
28.2026,0.0191,0.0191,0.0000,0.0179,0.0179,0.0179,0.0060,0.0003,0.0038
28.3002,0.0194,0.0194,0.0000,0.0179,0.0179,0.0179,0.0062,0.0003,0.0039
28.4001,0.0193,0.0193,0.0000,0.0179,0.0179,0.0179,0.0061,0.0003,0.0038
28.5002,0.0196,0.0196,0.0000,0.0179,0.0179,0.0179,0.0064,0.0003,0.0041
28.6001,0.0192,0.0192,0.0000,0.0179,0.0179,0.0179,0.0067,0.0003,0.0045
28.7001,0.0191,0.0191,0.0000,0.0179,0.0179,0.0179,0.0066,0.0003,0.0045
28.8002,0.0192,0.0192,0.0000,0.0179,0.0179,0.0179,0.0062,0.0003,0.0043
28.9002,0.0194,0.0194,0.0000,0.0179,0.0179,0.0179,0.0063,0.0003,0.0042
29.0002,0.0191,0.0191,0.0000,0.0179,0.0179,0.0179,0.0060,0.0003,0.0040
29.1001,0.0193,0.0193,0.0000,0.0179,0.0179,0.0179,0.0063,0.0003,0.0039
29.2103,0.0192,0.0192,0.0000,0.0179,0.0179,0.0179,0.0063,0.0003,0.0039
29.3043,0.0192,0.0192,0.0000,0.0179,0.0179,0.0179,0.0067,0.0003,0.0039
29.4047,0.0192,0.0192,0.0000,0.0179,0.0179,0.0179,0.0063,0.0003,0.0037
29.5002,0.0191,0.0191,0.0000,0.0179,0.0179,0.0179,0.0063,0.0003,0.0034
29.6001,0.0192,0.0192,0.0000,0.0179,0.0179,0.0179,0.0063,0.0003,0.0035
29.7002,0.0191,0.0191,0.0000,0.0179,0.0179,0.0179,0.0057,0.0003,0.0037
29.8002,0.0194,0.0194,0.0000,0.0179,0.0179,0.0179,0.0061,0.0003,0.0037
29.9001,0.0194,0.0194,0.0000,0.0179,0.0179,0.0179,0.0063,0.0003,0.0037
30.0002,0.0193,0.0193,0.0000,0.0179,0.0179,0.0179,0.0065,0.0003,0.0039
30.1070,0.0192,0.0192,0.0000,0.0179,0.0179,0.0179,0.0060,0.0003,0.0039
30.2001,0.0197,0.0197,0.0000,0.0179,0.0179,0.0179,0.0071,0.0003,0.0042
30.3001,0.0195,0.0195,0.0000,0.0179,0.0179,0.0179,0.0071,0.0003,0.0042
30.4024,0.0192,0.0192,0.0000,0.0179,0.0179,0.0179,0.0069,0.0003,0.0041
30.5002,0.0190,0.0190,0.0000,0.0179,0.0179,0.0179,0.0065,0.0003,0.0040
30.6001,0.0191,0.0191,0.0000,0.0179,0.0179,0.0179,0.0066,0.0003,0.0039
30.7001,0.0192,0.0192,0.0000,0.0179,0.0179,0.0179,0.0065,0.0003,0.0040
30.8006,0.0191,0.0191,0.0000,0.0179,0.0179,0.0179,0.0067,0.0003,0.0038
30.9027,0.0194,0.0194,0.0000,0.0179,0.0179,0.0179,0.0068,0.0003,0.0040
31.0001,0.0196,0.0196,0.0000,0.0179,0.0179,0.0179,0.0070,0.0003,0.0041
31.1002,0.0197,0.0197,0.0000,0.0179,0.0179,0.0179,0.0075,0.0003,0.0044
31.2004,0.0195,0.0195,0.0000,0.0179,0.0179,0.0179,0.0075,0.0003,0.0045
31.3000,0.0198,0.0198,0.0000,0.0179,0.0179,0.0179,0.0079,0.0003,0.0050
31.4002,0.0193,0.0193,0.0000,0.0179,0.0179,0.0179,0.0077,0.0003,0.0049
31.5001,0.0192,0.0192,0.0000,0.0179,0.0179,0.0179,0.0068,0.0003,0.0047
31.6002,0.0190,0.0190,0.0000,0.0179,0.0179,0.0179,0.0073,0.0003,0.0043
31.7002,0.0189,0.0189,0.0000,0.0179,0.0179,0.0179,0.0070,0.0003,0.0041
31.8001,0.0190,0.0190,0.0000,0.0179,0.0179,0.0179,0.0068,0.0003,0.0040
31.9004,0.0193,0.0193,0.0000,0.0179,0.0179,0.0179,0.0071,0.0003,0.0040
32.0002,0.0191,0.0191,0.0000,0.0179,0.0179,0.0179,0.0069,0.0003,0.0039
32.1007,0.0189,0.0189,0.0000,0.0179,0.0179,0.0179,0.0069,0.0003,0.0037
32.2001,0.0192,0.0192,0.0000,0.0179,0.0179,0.0179,0.0068,0.0003,0.0036
32.3002,0.0194,0.0194,0.0000,0.0179,0.0179,0.0179,0.0066,0.0003,0.0038
32.4002,0.0190,0.0190,0.0000,0.0179,0.0179,0.0179,0.0066,0.0003,0.0036
32.5001,0.0193,0.0193,0.0000,0.0179,0.0179,0.0179,0.0062,0.0003,0.0037
32.6001,0.0195,0.0195,0.0000,0.0179,0.0179,0.0179,0.0066,0.0003,0.0038
32.7001,0.0195,0.0195,0.0000,0.0179,0.0179,0.0179,0.0070,0.0003,0.0040
32.8002,0.0191,0.0191,0.0000,0.0179,0.0179,0.0179,0.0070,0.0003,0.0040
32.9002,0.0193,0.0193,0.0000,0.0179,0.0179,0.0179,0.0069,0.0003,0.0039
33.0017,0.0198,0.0198,0.0000,0.0179,0.0179,0.0179,0.0073,0.0003,0.0043
33.1002,0.0193,0.0193,0.0000,0.0179,0.0179,0.0179,0.0076,0.0003,0.0043
33.2001,0.0193,0.0193,0.0000,0.0179,0.0179,0.0179,0.0072,0.0003,0.0043
33.3001,0.0190,0.0190,0.0000,0.0179,0.0179,0.0179,0.0068,0.0003,0.0042
33.4010,0.0190,0.0190,0.0000,0.0179,0.0179,0.0179,0.0064,0.0003,0.0044
33.5017,0.0193,0.0193,0.0000,0.0179,0.0179,0.0179,0.0065,0.0003,0.0044
33.6023,0.0189,0.0189,0.0000,0.0179,0.0179,0.0179,0.0060,0.0003,0.0041
33.7006,0.0188,0.0188,0.0000,0.0179,0.0179,0.0179,0.0060,0.0003,0.0040
33.8001,0.0189,0.0189,0.0000,0.0179,0.0179,0.0179,0.0062,0.0003,0.0038
33.9001,0.0192,0.0192,0.0000,0.0179,0.0179,0.0179,0.0067,0.0003,0.0035
34.0002,0.0190,0.0190,0.0000,0.0179,0.0179,0.0179,0.0063,0.0003,0.0034
34.1004,0.0194,0.0194,0.0000,0.0179,0.0179,0.0179,0.0063,0.0003,0.0037
34.2002,0.0191,0.0191,0.0000,0.0179,0.0179,0.0179,0.0063,0.0003,0.0036
34.3007,0.0196,0.0196,0.0000,0.0179,0.0179,0.0179,0.0063,0.0003,0.0037
34.4024,0.0195,0.0195,0.0000,0.0179,0.0179,0.0179,0.0069,0.0003,0.0037
34.5003,0.0194,0.0194,0.0000,0.0179,0.0179,0.0179,0.0081,0.0003,0.0038
34.6001,0.0195,0.0195,0.0000,0.0179,0.0179,0.0179,0.0076,0.0003,0.0038
34.7002,0.0195,0.0195,0.0000,0.0179,0.0179,0.0179,0.0077,0.0003,0.0039
34.8001,0.0195,0.0195,0.0000,0.0179,0.0179,0.0179,0.0080,0.0003,0.0040
34.9002,0.0192,0.0192,0.0000,0.0179,0.0179,0.0179,0.0069,0.0003,0.0039
35.0001,0.0192,0.0192,0.0000,0.0179,0.0179,0.0179,0.0074,0.0003,0.0041
35.1001,0.0193,0.0193,0.0000,0.0179,0.0179,0.0179,0.0071,0.0003,0.0041
35.2036,0.0194,0.0194,0.0000,0.0179,0.0179,0.0179,0.0073,0.0003,0.0041
35.3002,0.0189,0.0189,0.0000,0.0179,0.0179,0.0179,0.0069,0.0003,0.0039
35.4002,0.0189,0.0189,0.0000,0.0179,0.0179,0.0179,0.0070,0.0003,0.0040
35.5003,0.0190,0.0190,0.0000,0.0179,0.0179,0.0179,0.0065,0.0003,0.0040
35.6003,0.0191,0.0191,0.0000,0.0179,0.0179,0.0179,0.0065,0.0003,0.0038
35.7001,0.0189,0.0189,0.0000,0.0179,0.0179,0.0179,0.0061,0.0003,0.0034
35.8038,0.0191,0.0191,0.0000,0.0179,0.0179,0.0179,0.0056,0.0003,0.0032
35.9010,0.0191,0.0191,0.0000,0.0179,0.0179,0.0179,0.0059,0.0003,0.0033
36.0003,0.0192,0.0192,0.0000,0.0179,0.0179,0.0179,0.0062,0.0003,0.0033
36.1001,0.0195,0.0195,0.0000,0.0179,0.0179,0.0179,0.0064,0.0003,0.0033
36.2002,0.0191,0.0191,0.0000,0.0179,0.0179,0.0179,0.0062,0.0003,0.0033
36.3001,0.0196,0.0196,0.0000,0.0179,0.0179,0.0179,0.0070,0.0003,0.0037
36.4001,0.0194,0.0194,0.0000,0.0179,0.0179,0.0179,0.0064,0.0003,0.0036
36.5005,0.0196,0.0196,0.0000,0.0179,0.0179,0.0179,0.0068,0.0003,0.0036
36.6006,0.0193,0.0193,0.0000,0.0179,0.0179,0.0179,0.0065,0.0003,0.0037
36.7066,0.0192,0.0192,0.0000,0.0179,0.0179,0.0179,0.0064,0.0003,0.0039
36.8002,0.0190,0.0190,0.0000,0.0179,0.0179,0.0179,0.0062,0.0003,0.0038
36.9004,0.0192,0.0192,0.0000,0.0179,0.0179,0.0179,0.0065,0.0003,0.0039
37.0001,0.0193,0.0193,0.0000,0.0179,0.0179,0.0179,0.0070,0.0003,0.0041
37.1002,0.0197,0.0197,0.0000,0.0179,0.0179,0.0179,0.0077,0.0003,0.0044
37.2002,0.0191,0.0191,0.0000,0.0179,0.0179,0.0179,0.0072,0.0003,0.0044
37.3001,0.0193,0.0193,0.0000,0.0179,0.0179,0.0179,0.0075,0.0003,0.0044
37.4010,0.0193,0.0193,0.0000,0.0179,0.0179,0.0179,0.0071,0.0003,0.0044
37.5026,0.0192,0.0192,0.0000,0.0179,0.0179,0.0179,0.0074,0.0003,0.0043
37.6001,0.0192,0.0192,0.0000,0.0179,0.0179,0.0179,0.0072,0.0003,0.0042
37.7004,0.0190,0.0190,0.0000,0.0179,0.0179,0.0179,0.0072,0.0003,0.0039
37.8001,0.0191,0.0191,0.0000,0.0179,0.0179,0.0179,0.0062,0.0003,0.0041
37.9002,0.0190,0.0190,0.0000,0.0179,0.0179,0.0179,0.0063,0.0003,0.0040
38.0002,0.0188,0.0188,0.0000,0.0179,0.0179,0.0179,0.0066,0.0003,0.0039
38.1001,0.0192,0.0192,0.0000,0.0179,0.0179,0.0179,0.0064,0.0003,0.0039
38.2002,0.0191,0.0191,0.0000,0.0179,0.0179,0.0179,0.0064,0.0003,0.0037
38.3017,0.0191,0.0191,0.0000,0.0179,0.0179,0.0179,0.0060,0.0003,0.0038
38.4002,0.0195,0.0195,0.0000,0.0179,0.0179,0.0179,0.0065,0.0003,0.0041
38.5034,0.0192,0.0192,0.0000,0.0179,0.0179,0.0179,0.0063,0.0003,0.0039
38.6001,0.0191,0.0191,0.0000,0.0179,0.0179,0.0179,0.0062,0.0003,0.0040
38.7002,0.0192,0.0192,0.0000,0.0179,0.0179,0.0179,0.0059,0.0003,0.0038
38.8016,0.0192,0.0192,0.0000,0.0179,0.0179,0.0179,0.0058,0.0003,0.0036
38.9001,0.0192,0.0192,0.0000,0.0179,0.0179,0.0179,0.0063,0.0003,0.0036
39.0002,0.0192,0.0192,0.0000,0.0179,0.0179,0.0179,0.0060,0.0003,0.0035
39.1017,0.0191,0.0191,0.0000,0.0179,0.0179,0.0179,0.0061,0.0003,0.0037
39.2039,0.0193,0.0193,0.0000,0.0179,0.0179,0.0179,0.0062,0.0003,0.0038
39.3002,0.0194,0.0194,0.0000,0.0179,0.0179,0.0179,0.0070,0.0003,0.0041
39.4001,0.0193,0.0193,0.0000,0.0179,0.0179,0.0179,0.0077,0.0003,0.0043
39.5004,0.0193,0.0193,0.0000,0.0179,0.0179,0.0179,0.0076,0.0003,0.0045
39.6003,0.0191,0.0191,0.0000,0.0179,0.0179,0.0179,0.0070,0.0003,0.0044
39.7019,0.0194,0.0194,0.0000,0.0179,0.0179,0.0179,0.0074,0.0003,0.0048
39.8002,0.0195,0.0195,0.0000,0.0179,0.0179,0.0179,0.0074,0.0003,0.0046
39.9003,0.0191,0.0191,0.0000,0.0179,0.0179,0.0179,0.0076,0.0003,0.0047
40.0001,0.0191,0.0191,0.0000,0.0179,0.0179,0.0179,0.0074,0.0003,0.0047
40.1002,0.0192,0.0192,0.0000,0.0179,0.0179,0.0179,0.0074,0.0003,0.0046
40.2033,0.0191,0.0191,0.0000,0.0179,0.0179,0.0179,0.0071,0.0003,0.0044
40.3002,0.0195,0.0195,0.0000,0.0179,0.0179,0.0179,0.0074,0.0003,0.0046
40.4007,0.0192,0.0192,0.0000,0.0179,0.0179,0.0179,0.0075,0.0003,0.0047
40.5001,0.0194,0.0194,0.0000,0.0179,0.0179,0.0179,0.0076,0.0003,0.0047
40.6045,0.0195,0.0195,0.0000,0.0179,0.0179,0.0179,0.0077,0.0003,0.0046
40.7001,0.0191,0.0191,0.0000,0.0179,0.0179,0.0179,0.0072,0.0003,0.0045
40.8003,0.0190,0.0190,0.0000,0.0179,0.0179,0.0179,0.0068,0.0003,0.0043
40.9003,0.0192,0.0192,0.0000,0.0179,0.0179,0.0179,0.0070,0.0003,0.0041
41.0002,0.0194,0.0194,0.0000,0.0179,0.0179,0.0179,0.0080,0.0003,0.0039
41.1002,0.0193,0.0193,0.0000,0.0179,0.0179,0.0179,0.0079,0.0003,0.0040
41.2002,0.0196,0.0196,0.0000,0.0179,0.0179,0.0179,0.0077,0.0003,0.0041
41.3001,0.0195,0.0195,0.0000,0.0179,0.0179,0.0179,0.0077,0.0003,0.0040
41.4016,0.0195,0.0195,0.0000,0.0179,0.0179,0.0179,0.0075,0.0003,0.0040
41.5010,0.0190,0.0190,0.0000,0.0179,0.0179,0.0179,0.0066,0.0003,0.0036
41.6001,0.0189,0.0189,0.0000,0.0179,0.0179,0.0179,0.0064,0.0003,0.0034
41.7002,0.0190,0.0190,0.0000,0.0179,0.0179,0.0179,0.0066,0.0003,0.0033
41.8006,0.0191,0.0191,0.0000,0.0179,0.0179,0.0179,0.0068,0.0003,0.0031
41.9002,0.0190,0.0190,0.0000,0.0179,0.0179,0.0179,0.0069,0.0003,0.0032
42.0002,0.0189,0.0189,0.0000,0.0179,0.0179,0.0179,0.0066,0.0003,0.0031
42.1004,0.0193,0.0193,0.0000,0.0179,0.0179,0.0179,0.0069,0.0002,0.0032
42.2009,0.0192,0.0192,0.0000,0.0179,0.0179,0.0179,0.0070,0.0003,0.0033
42.3002,0.0194,0.0194,0.0000,0.0179,0.0179,0.0179,0.0068,0.0003,0.0035
42.4107,0.0193,0.0193,0.0000,0.0179,0.0179,0.0179,0.0068,0.0003,0.0036
42.5001,0.0191,0.0191,0.0000,0.0179,0.0179,0.0179,0.0071,0.0003,0.0036
42.6001,0.0196,0.0196,0.0000,0.0179,0.0179,0.0179,0.0075,0.0003,0.0038
42.7002,0.0192,0.0192,0.0000,0.0179,0.0179,0.0179,0.0073,0.0003,0.0035
42.8056,0.0194,0.0194,0.0000,0.0179,0.0179,0.0179,0.0069,0.0003,0.0036
42.9002,0.0192,0.0192,0.0000,0.0179,0.0179,0.0179,0.0068,0.0003,0.0036
43.0002,0.0194,0.0194,0.0000,0.0179,0.0179,0.0179,0.0066,0.0003,0.0037
43.1001,0.0193,0.0193,0.0000,0.0179,0.0179,0.0179,0.0061,0.0003,0.0037
43.2002,0.0193,0.0193,0.0000,0.0179,0.0179,0.0179,0.0064,0.0003,0.0039
43.3002,0.0190,0.0190,0.0000,0.0179,0.0179,0.0179,0.0062,0.0002,0.0038
43.4002,0.0189,0.0189,0.0000,0.0179,0.0179,0.0179,0.0058,0.0002,0.0038
43.5054,0.0189,0.0189,0.0000,0.0179,0.0179,0.0179,0.0061,0.0002,0.0038
43.6030,0.0192,0.0192,0.0000,0.0179,0.0179,0.0179,0.0064,0.0003,0.0034
43.7002,0.0188,0.0188,0.0000,0.0179,0.0179,0.0179,0.0060,0.0002,0.0035
43.8002,0.0192,0.0192,0.0000,0.0179,0.0179,0.0179,0.0065,0.0002,0.0038
43.9001,0.0196,0.0196,0.0000,0.0179,0.0179,0.0179,0.0067,0.0002,0.0040
44.0020,0.0190,0.0190,0.0000,0.0179,0.0179,0.0179,0.0063,0.0002,0.0040
44.1027,0.0191,0.0191,0.0000,0.0179,0.0179,0.0179,0.0062,0.0002,0.0041
44.2001,0.0192,0.0192,0.0000,0.0179,0.0179,0.0179,0.0067,0.0002,0.0041
44.3003,0.0193,0.0193,0.0000,0.0179,0.0179,0.0179,0.0068,0.0002,0.0039
44.4036,0.0194,0.0194,0.0000,0.0179,0.0179,0.0179,0.0070,0.0002,0.0042
44.5002,0.0193,0.0193,0.0000,0.0179,0.0179,0.0179,0.0065,0.0002,0.0040
44.6002,0.0192,0.0192,0.0000,0.0179,0.0179,0.0179,0.0071,0.0002,0.0042
44.7001,0.0192,0.0192,0.0000,0.0179,0.0179,0.0179,0.0073,0.0002,0.0043
44.8002,0.0192,0.0192,0.0000,0.0179,0.0179,0.0179,0.0067,0.0002,0.0044
44.9004,0.0196,0.0196,0.0000,0.0179,0.0179,0.0179,0.0067,0.0002,0.0044
45.0002,0.0193,0.0193,0.0000,0.0179,0.0179,0.0179,0.0060,0.0002,0.0041
45.1002,0.0192,0.0192,0.0000,0.0179,0.0179,0.0179,0.0057,0.0002,0.0039
45.2008,0.0194,0.0194,0.0000,0.0179,0.0179,0.0179,0.0063,0.0003,0.0041
45.3002,0.0195,0.0195,0.0000,0.0179,0.0179,0.0179,0.0064,0.0003,0.0044
45.4108,0.0195,0.0195,0.0000,0.0179,0.0179,0.0179,0.0063,0.0003,0.0043
45.5021,0.0195,0.0195,0.0000,0.0179,0.0179,0.0179,0.0063,0.0003,0.0044
45.6002,0.0189,0.0189,0.0000,0.0179,0.0179,0.0179,0.0059,0.0002,0.0040
45.7002,0.0190,0.0190,0.0000,0.0179,0.0179,0.0179,0.0065,0.0002,0.0039
45.8020,0.0191,0.0191,0.0000,0.0179,0.0179,0.0179,0.0065,0.0002,0.0037
45.9003,0.0192,0.0192,0.0000,0.0179,0.0179,0.0179,0.0064,0.0002,0.0037
46.0004,0.0190,0.0190,0.0000,0.0179,0.0179,0.0179,0.0060,0.0002,0.0037
46.1001,0.0190,0.0190,0.0000,0.0179,0.0179,0.0179,0.0054,0.0002,0.0034
46.2001,0.0196,0.0196,0.0000,0.0179,0.0179,0.0179,0.0063,0.0002,0.0036
46.3001,0.0194,0.0194,0.0000,0.0179,0.0179,0.0179,0.0065,0.0002,0.0036
46.4004,0.0195,0.0195,0.0000,0.0179,0.0179,0.0179,0.0066,0.0002,0.0036
46.5001,0.0195,0.0195,0.0000,0.0179,0.0179,0.0179,0.0064,0.0002,0.0037
46.6001,0.0192,0.0192,0.0000,0.0179,0.0179,0.0179,0.0063,0.0002,0.0036
46.7001,0.0190,0.0190,0.0000,0.0179,0.0179,0.0179,0.0063,0.0002,0.0034
46.8001,0.0194,0.0194,0.0000,0.0179,0.0179,0.0179,0.0071,0.0002,0.0037
46.9026,0.0192,0.0192,0.0000,0.0179,0.0179,0.0179,0.0068,0.0002,0.0038
47.0002,0.0190,0.0190,0.0000,0.0179,0.0179,0.0179,0.0074,0.0002,0.0038
47.1003,0.0193,0.0193,0.0000,0.0179,0.0179,0.0179,0.0067,0.0002,0.0039
47.2001,0.0192,0.0192,0.0000,0.0179,0.0179,0.0179,0.0064,0.0002,0.0040
47.3003,0.0193,0.0193,0.0000,0.0179,0.0179,0.0179,0.0066,0.0002,0.0041
47.4003,0.0192,0.0192,0.0000,0.0179,0.0179,0.0179,0.0064,0.0002,0.0041
47.5028,0.0198,0.0198,0.0000,0.0179,0.0179,0.0179,0.0070,0.0002,0.0042
47.6018,0.0193,0.0193,0.0000,0.0179,0.0179,0.0179,0.0071,0.0002,0.0040
47.7002,0.0192,0.0192,0.0000,0.0179,0.0179,0.0179,0.0069,0.0002,0.0038
47.8023,0.0191,0.0191,0.0000,0.0179,0.0179,0.0179,0.0067,0.0002,0.0035
47.9001,0.0195,0.0195,0.0000,0.0179,0.0179,0.0179,0.0071,0.0002,0.0036
48.0001,0.0191,0.0191,0.0000,0.0179,0.0179,0.0179,0.0063,0.0002,0.0035
48.1001,0.0197,0.0197,0.0000,0.0179,0.0179,0.0179,0.0071,0.0002,0.0038
48.2002,0.0191,0.0191,0.0000,0.0179,0.0179,0.0179,0.0063,0.0002,0.0036
48.3002,0.0193,0.0193,0.0000,0.0179,0.0179,0.0179,0.0066,0.0002,0.0037
48.4002,0.0189,0.0189,0.0000,0.0179,0.0179,0.0179,0.0060,0.0002,0.0038
48.5005,0.0191,0.0191,0.0000,0.0179,0.0179,0.0179,0.0059,0.0002,0.0038
48.6004,0.0190,0.0190,0.0000,0.0179,0.0179,0.0179,0.0057,0.0002,0.0038
48.7026,0.0187,0.0187,0.0000,0.0179,0.0179,0.0179,0.0055,0.0002,0.0037
48.8003,0.0189,0.0189,0.0000,0.0179,0.0179,0.0179,0.0055,0.0002,0.0036
48.9003,0.0193,0.0193,0.0000,0.0179,0.0179,0.0179,0.0063,0.0002,0.0036
49.0003,0.0191,0.0191,0.0000,0.0179,0.0179,0.0179,0.0061,0.0002,0.0037
49.1002,0.0195,0.0195,0.0000,0.0179,0.0179,0.0179,0.0066,0.0002,0.0038
49.2001,0.0193,0.0193,0.0000,0.0179,0.0179,0.0179,0.0063,0.0002,0.0040
49.3002,0.0193,0.0193,0.0000,0.0179,0.0179,0.0179,0.0063,0.0002,0.0042
49.4027,0.0190,0.0190,0.0000,0.0179,0.0179,0.0179,0.0060,0.0002,0.0040
49.5003,0.0191,0.0191,0.0000,0.0179,0.0179,0.0179,0.0056,0.0002,0.0038
49.6002,0.0194,0.0194,0.0000,0.0179,0.0179,0.0179,0.0060,0.0002,0.0037
49.7012,0.0191,0.0191,0.0000,0.0179,0.0179,0.0179,0.0060,0.0002,0.0035
49.8026,0.0192,0.0192,0.0000,0.0179,0.0179,0.0179,0.0060,0.0002,0.0036
49.9001,0.0192,0.0192,0.0000,0.0179,0.0179,0.0179,0.0066,0.0002,0.0037
50.0005,0.0193,0.0193,0.0000,0.0179,0.0179,0.0179,0.0062,0.0002,0.0036
50.1001,0.0195,0.0195,0.0000,0.0179,0.0179,0.0179,0.0066,0.0002,0.0037
50.2014,0.0193,0.0193,0.0000,0.0179,0.0179,0.0179,0.0069,0.0002,0.0037
50.3001,0.0197,0.0197,0.0000,0.0179,0.0179,0.0179,0.0072,0.0002,0.0040
50.4066,0.0192,0.0192,0.0000,0.0179,0.0179,0.0179,0.0071,0.0002,0.0040
50.5002,0.0195,0.0195,0.0000,0.0179,0.0179,0.0179,0.0069,0.0002,0.0042
50.6002,0.0195,0.0195,0.0000,0.0179,0.0179,0.0179,0.0070,0.0002,0.0041
50.7001,0.0190,0.0190,0.0000,0.0179,0.0179,0.0179,0.0063,0.0002,0.0039
50.8002,0.0190,0.0190,0.0000,0.0179,0.0179,0.0179,0.0061,0.0002,0.0037
50.9002,0.0194,0.0194,0.0000,0.0179,0.0179,0.0179,0.0071,0.0002,0.0039
51.0003,0.0194,0.0194,0.0000,0.0179,0.0179,0.0179,0.0070,0.0002,0.0038
51.1014,0.0193,0.0193,0.0000,0.0179,0.0179,0.0179,0.0072,0.0002,0.0038
51.2016,0.0190,0.0190,0.0000,0.0179,0.0179,0.0179,0.0071,0.0002,0.0035
51.3033,0.0192,0.0192,0.0000,0.0179,0.0179,0.0179,0.0069,0.0002,0.0036
51.4008,0.0190,0.0190,0.0000,0.0179,0.0179,0.0179,0.0070,0.0002,0.0035
51.5002,0.0191,0.0191,0.0000,0.0179,0.0179,0.0179,0.0068,0.0002,0.0034
51.6028,0.0191,0.0191,0.0000,0.0179,0.0179,0.0179,0.0068,0.0002,0.0035
51.7001,0.0190,0.0190,0.0000,0.0179,0.0179,0.0179,0.0062,0.0002,0.0036
51.8001,0.0191,0.0191,0.0000,0.0179,0.0179,0.0179,0.0060,0.0002,0.0036
51.9001,0.0193,0.0193,0.0000,0.0179,0.0179,0.0179,0.0062,0.0002,0.0038
52.0001,0.0194,0.0194,0.0000,0.0179,0.0179,0.0179,0.0068,0.0002,0.0040
52.1001,0.0192,0.0192,0.0000,0.0179,0.0179,0.0179,0.0067,0.0002,0.0041
52.2001,0.0192,0.0192,0.0000,0.0179,0.0179,0.0179,0.0070,0.0002,0.0043
52.3005,0.0190,0.0190,0.0000,0.0179,0.0179,0.0179,0.0070,0.0002,0.0041
52.4001,0.0191,0.0191,0.0000,0.0179,0.0179,0.0179,0.0070,0.0002,0.0041
52.5001,0.0190,0.0190,0.0000,0.0179,0.0179,0.0179,0.0072,0.0002,0.0042
52.6001,0.0190,0.0190,0.0000,0.0179,0.0179,0.0179,0.0070,0.0002,0.0040
52.7002,0.0189,0.0189,0.0000,0.0179,0.0179,0.0179,0.0067,0.0002,0.0040
52.8050,0.0192,0.0192,0.0000,0.0179,0.0179,0.0179,0.0072,0.0002,0.0040
52.9001,0.0199,0.0199,0.0000,0.0179,0.0179,0.0179,0.0087,0.0003,0.0044
53.0009,0.0193,0.0193,0.0000,0.0179,0.0179,0.0179,0.0076,0.0003,0.0042
53.1001,0.0192,0.0192,0.0000,0.0179,0.0179,0.0179,0.0072,0.0003,0.0040
53.2026,0.0189,0.0189,0.0000,0.0179,0.0179,0.0179,0.0069,0.0003,0.0038
53.3001,0.0191,0.0191,0.0000,0.0179,0.0179,0.0179,0.0069,0.0003,0.0038
53.4003,0.0191,0.0191,0.0000,0.0179,0.0179,0.0179,0.0066,0.0003,0.0039
53.5002,0.0188,0.0188,0.0000,0.0179,0.0179,0.0179,0.0063,0.0003,0.0038
53.6001,0.0191,0.0191,0.0000,0.0179,0.0179,0.0179,0.0068,0.0003,0.0039
53.7001,0.0188,0.0188,0.0000,0.0179,0.0179,0.0179,0.0065,0.0003,0.0040
53.8006,0.0192,0.0192,0.0000,0.0179,0.0179,0.0179,0.0070,0.0004,0.0040
53.9001,0.0192,0.0192,0.0000,0.0179,0.0179,0.0179,0.0057,0.0004,0.0041
54.0008,0.0195,0.0195,0.0000,0.0179,0.0179,0.0179,0.0059,0.0004,0.0040
54.1003,0.0198,0.0198,0.0000,0.0179,0.0179,0.0179,0.0055,0.0004,0.0041
54.2025,0.0190,0.0190,0.0000,0.0179,0.0179,0.0179,0.0057,0.0005,0.0041
54.3019,0.0192,0.0192,0.0000,0.0179,0.0179,0.0179,0.0058,0.0006,0.0041
54.4001,0.0191,0.0191,0.0000,0.0179,0.0179,0.0179,0.0055,0.0007,0.0039
54.5003,0.0195,0.0195,0.0000,0.0179,0.0179,0.0179,0.0056,0.0008,0.0038
54.6048,0.0188,0.0188,0.0000,0.0179,0.0179,0.0179,0.0050,0.0008,0.0035
54.7004,0.0189,0.0189,0.0000,0.0179,0.0179,0.0179,0.0049,0.0008,0.0034
54.8002,0.0191,0.0191,0.0000,0.0179,0.0179,0.0179,0.0052,0.0010,0.0036
54.9016,0.0194,0.0194,0.0000,0.0179,0.0179,0.0179,0.0058,0.0011,0.0036
55.0001,0.0196,0.0196,0.0000,0.0179,0.0179,0.0179,0.0059,0.0011,0.0039
55.1001,0.0194,0.0194,0.0000,0.0179,0.0179,0.0179,0.0057,0.0012,0.0041
55.2002,0.0192,0.0192,0.0000,0.0179,0.0179,0.0179,0.0057,0.0013,0.0041
55.3013,0.0192,0.0192,0.0000,0.0179,0.0179,0.0179,0.0053,0.0013,0.0041
55.4002,0.0190,0.0190,0.0000,0.0179,0.0179,0.0179,0.0052,0.0014,0.0042
55.5002,0.0189,0.0189,0.0000,0.0179,0.0179,0.0179,0.0053,0.0016,0.0042
55.6042,0.0190,0.0190,0.0000,0.0179,0.0179,0.0179,0.0045,0.0014,0.0038
55.7001,0.0190,0.0190,0.0000,0.0179,0.0179,0.0179,0.0042,0.0014,0.0037
55.8003,0.0191,0.0191,0.0000,0.0179,0.0179,0.0179,0.0040,0.0014,0.0036
55.9001,0.0193,0.0193,0.0000,0.0179,0.0179,0.0179,0.0041,0.0017,0.0035
56.0001,0.0192,0.0192,0.0000,0.0179,0.0179,0.0179,0.0043,0.0019,0.0037
56.1002,0.0190,0.0190,0.0000,0.0179,0.0179,0.0179,0.0043,0.0021,0.0037
56.2001,0.0194,0.0194,0.0000,0.0179,0.0179,0.0179,0.0044,0.0024,0.0039
56.3150,0.0193,0.0193,0.0000,0.0179,0.0179,0.0179,0.0045,0.0025,0.0042
56.4013,0.0190,0.0190,0.0000,0.0179,0.0179,0.0179,0.0047,0.0027,0.0038
56.5001,0.0189,0.0189,0.0000,0.0179,0.0179,0.0179,0.0045,0.0026,0.0035
56.6002,0.0192,0.0192,0.0000,0.0179,0.0179,0.0179,0.0042,0.0026,0.0034
56.7001,0.0189,0.0189,0.0000,0.0179,0.0179,0.0179,0.0036,0.0024,0.0031
56.8001,0.0190,0.0190,0.0000,0.0179,0.0179,0.0179,0.0032,0.0023,0.0028
56.9014,0.0195,0.0195,0.0000,0.0179,0.0179,0.0179,0.0031,0.0025,0.0029
57.0002,0.0194,0.0194,0.0000,0.0179,0.0179,0.0179,0.0031,0.0029,0.0029
57.1001,0.0193,0.0193,0.0000,0.0179,0.0179,0.0179,0.0030,0.0031,0.0031
57.2001,0.0192,0.0192,0.0000,0.0179,0.0179,0.0179,0.0026,0.0029,0.0032
57.3002,0.0193,0.0193,0.0000,0.0179,0.0179,0.0179,0.0025,0.0031,0.0034
57.4001,0.0191,0.0191,0.0000,0.0179,0.0179,0.0179,0.0023,0.0032,0.0037
57.5001,0.0193,0.0193,0.0000,0.0179,0.0179,0.0179,0.0022,0.0033,0.0040
57.6001,0.0190,0.0190,0.0000,0.0179,0.0179,0.0179,0.0020,0.0032,0.0044
57.7016,0.0187,0.0187,0.0000,0.0179,0.0179,0.0179,0.0018,0.0030,0.0041
57.8008,0.0191,0.0191,0.0000,0.0179,0.0179,0.0179,0.0018,0.0033,0.0039
57.9002,0.0192,0.0192,0.0000,0.0179,0.0179,0.0179,0.0018,0.0035,0.0034
58.0002,0.0190,0.0190,0.0000,0.0179,0.0179,0.0179,0.0017,0.0034,0.0031
58.1003,0.0192,0.0192,0.0000,0.0179,0.0179,0.0179,0.0016,0.0039,0.0028
58.2003,0.0192,0.0192,0.0000,0.0179,0.0179,0.0179,0.0017,0.0043,0.0028
58.3041,0.0197,0.0197,0.0000,0.0179,0.0179,0.0179,0.0019,0.0054,0.0032
58.4003,0.0195,0.0195,0.0000,0.0179,0.0179,0.0179,0.0018,0.0053,0.0031
58.5002,0.0189,0.0189,0.0000,0.0179,0.0179,0.0179,0.0018,0.0054,0.0032
58.6002,0.0191,0.0191,0.0000,0.0179,0.0179,0.0179,0.0018,0.0057,0.0035
58.7005,0.0198,0.0198,0.0000,0.0179,0.0179,0.0179,0.0017,0.0060,0.0038
58.8004,0.0197,0.0197,0.0000,0.0179,0.0179,0.0179,0.0017,0.0061,0.0039
58.9002,0.0200,0.0200,0.0000,0.0179,0.0179,0.0179,0.0017,0.0065,0.0036
59.0001,0.0203,0.0203,0.0000,0.0179,0.0179,0.0179,0.0017,0.0070,0.0041
59.1001,0.0204,0.0204,0.0000,0.0179,0.0179,0.0179,0.0016,0.0075,0.0043
59.2002,0.0201,0.0201,0.0000,0.0179,0.0179,0.0179,0.0015,0.0073,0.0042
59.3003,0.0200,0.0200,0.0000,0.0179,0.0179,0.0179,0.0013,0.0074,0.0042
59.4001,0.0192,0.0192,0.0000,0.0179,0.0179,0.0179,0.0011,0.0067,0.0039
59.5002,0.0188,0.0188,0.0000,0.0179,0.0179,0.0179,0.0009,0.0058,0.0036
59.6004,0.0187,0.0187,0.0000,0.0179,0.0179,0.0179,0.0008,0.0057,0.0033
59.7055,0.0189,0.0189,0.0000,0.0179,0.0179,0.0179,0.0007,0.0053,0.0034
59.8017,0.0196,0.0196,0.0000,0.0179,0.0179,0.0179,0.0006,0.0058,0.0038
59.9001,0.0190,0.0190,0.0000,0.0179,0.0179,0.0179,0.0005,0.0054,0.0038
60.0002,0.0194,0.0194,0.0000,0.0179,0.0179,0.0179,0.0004,0.0054,0.0039
60.1001,0.0193,0.0193,0.0000,0.0179,0.0179,0.0179,0.0004,0.0055,0.0040
60.2002,0.0191,0.0191,0.0000,0.0179,0.0179,0.0179,0.0004,0.0054,0.0035
60.3031,0.0192,0.0192,0.0000,0.0179,0.0179,0.0179,0.0003,0.0052,0.0031
60.4005,0.0194,0.0194,0.0000,0.0179,0.0179,0.0179,0.0003,0.0052,0.0029
60.5001,0.0188,0.0188,0.0000,0.0179,0.0179,0.0179,0.0002,0.0056,0.0024
60.6004,0.0188,0.0188,0.0000,0.0179,0.0179,0.0179,0.0002,0.0057,0.0023
60.7002,0.0194,0.0194,0.0000,0.0179,0.0179,0.0179,0.0002,0.0061,0.0028
60.8001,0.0190,0.0190,0.0000,0.0179,0.0179,0.0179,0.0002,0.0057,0.0030
60.9002,0.0195,0.0195,0.0000,0.0179,0.0179,0.0179,0.0002,0.0057,0.0031
61.0004,0.0191,0.0191,0.0000,0.0179,0.0179,0.0179,0.0001,0.0052,0.0031
61.1001,0.0191,0.0191,0.0000,0.0179,0.0179,0.0179,0.0002,0.0055,0.0033
61.2001,0.0192,0.0192,0.0000,0.0179,0.0179,0.0179,0.0002,0.0055,0.0033
61.3020,0.0194,0.0194,0.0000,0.0179,0.0179,0.0179,0.0002,0.0052,0.0033
61.4050,0.0191,0.0191,0.0000,0.0179,0.0179,0.0179,0.0002,0.0054,0.0031
61.5026,0.0193,0.0193,0.0000,0.0179,0.0179,0.0179,0.0002,0.0055,0.0030
61.6001,0.0195,0.0195,0.0000,0.0179,0.0179,0.0179,0.0003,0.0057,0.0030
61.7026,0.0190,0.0190,0.0000,0.0179,0.0179,0.0179,0.0003,0.0050,0.0029
61.8003,0.0192,0.0192,0.0000,0.0179,0.0179,0.0179,0.0003,0.0053,0.0030
61.9001,0.0191,0.0191,0.0000,0.0179,0.0179,0.0179,0.0003,0.0054,0.0033
62.0001,0.0193,0.0193,0.0000,0.0179,0.0179,0.0179,0.0003,0.0056,0.0034
62.1002,0.0190,0.0190,0.0000,0.0179,0.0179,0.0179,0.0003,0.0058,0.0034
62.2002,0.0193,0.0193,0.0000,0.0179,0.0179,0.0179,0.0003,0.0062,0.0035
62.3003,0.0191,0.0191,0.0000,0.0179,0.0179,0.0179,0.0003,0.0060,0.0035
62.4004,0.0196,0.0196,0.0000,0.0179,0.0179,0.0179,0.0003,0.0065,0.0038
62.5001,0.0193,0.0193,0.0000,0.0179,0.0179,0.0179,0.0003,0.0066,0.0040
62.6001,0.0190,0.0190,0.0000,0.0179,0.0179,0.0179,0.0002,0.0065,0.0038
62.7001,0.0191,0.0191,0.0000,0.0179,0.0179,0.0179,0.0002,0.0062,0.0036
62.8008,0.0192,0.0192,0.0000,0.0179,0.0179,0.0179,0.0002,0.0066,0.0033
62.9001,0.0195,0.0195,0.0000,0.0179,0.0179,0.0179,0.0002,0.0074,0.0035
63.0009,0.0197,0.0197,0.0000,0.0179,0.0179,0.0179,0.0002,0.0076,0.0033
63.1004,0.0197,0.0197,0.0000,0.0179,0.0179,0.0179,0.0002,0.0074,0.0034
63.2001,0.0196,0.0196,0.0000,0.0179,0.0179,0.0179,0.0002,0.0073,0.0036
63.3002,0.0196,0.0196,0.0000,0.0179,0.0179,0.0179,0.0002,0.0076,0.0039
63.4001,0.0198,0.0198,0.0000,0.0179,0.0179,0.0179,0.0002,0.0073,0.0041
63.5003,0.0199,0.0199,0.0000,0.0179,0.0179,0.0179,0.0002,0.0078,0.0042
63.6002,0.0191,0.0191,0.0000,0.0179,0.0179,0.0179,0.0002,0.0075,0.0043
63.7005,0.0191,0.0191,0.0000,0.0179,0.0179,0.0179,0.0003,0.0076,0.0041
63.8023,0.0198,0.0198,0.0000,0.0179,0.0179,0.0179,0.0003,0.0086,0.0045
63.9024,0.0198,0.0198,0.0000,0.0179,0.0179,0.0179,0.0003,0.0087,0.0049
64.0003,0.0198,0.0198,0.0000,0.0179,0.0179,0.0179,0.0003,0.0087,0.0054
64.1002,0.0200,0.0200,0.0000,0.0179,0.0179,0.0179,0.0003,0.0086,0.0056
64.2001,0.0197,0.0197,0.0000,0.0179,0.0179,0.0179,0.0003,0.0077,0.0055
64.3016,0.0198,0.0198,0.0000,0.0179,0.0179,0.0179,0.0003,0.0082,0.0052
64.4049,0.0194,0.0194,0.0000,0.0179,0.0179,0.0179,0.0003,0.0081,0.0052
64.5012,0.0192,0.0192,0.0000,0.0179,0.0179,0.0179,0.0004,0.0081,0.0050
64.6006,0.0193,0.0193,0.0000,0.0179,0.0179,0.0179,0.0004,0.0079,0.0049
64.7001,0.0197,0.0197,0.0000,0.0179,0.0179,0.0179,0.0004,0.0079,0.0048
64.8016,0.0195,0.0195,0.0000,0.0179,0.0179,0.0179,0.0004,0.0087,0.0047
64.9002,0.0198,0.0198,0.0000,0.0179,0.0179,0.0179,0.0004,0.0087,0.0051
65.0109,0.0195,0.0195,0.0000,0.0179,0.0179,0.0179,0.0004,0.0084,0.0050
65.1002,0.0192,0.0192,0.0000,0.0179,0.0179,0.0179,0.0004,0.0081,0.0049
65.2001,0.0196,0.0196,0.0000,0.0179,0.0179,0.0179,0.0004,0.0080,0.0050
65.3006,0.0195,0.0195,0.0000,0.0179,0.0179,0.0179,0.0004,0.0079,0.0050
65.4001,0.0198,0.0198,0.0000,0.0179,0.0179,0.0179,0.0004,0.0081,0.0052
65.5024,0.0194,0.0194,0.0000,0.0179,0.0179,0.0179,0.0004,0.0081,0.0050
65.6002,0.0194,0.0194,0.0000,0.0179,0.0179,0.0179,0.0004,0.0081,0.0048
65.7014,0.0195,0.0195,0.0000,0.0179,0.0179,0.0179,0.0004,0.0086,0.0050
65.8002,0.0200,0.0200,0.0000,0.0179,0.0179,0.0179,0.0004,0.0092,0.0053
65.9001,0.0195,0.0195,0.0000,0.0179,0.0179,0.0179,0.0004,0.0088,0.0051
66.0012,0.0201,0.0201,0.0000,0.0179,0.0179,0.0179,0.0004,0.0090,0.0050
66.1002,0.0195,0.0195,0.0000,0.0179,0.0179,0.0179,0.0004,0.0085,0.0049
66.2004,0.0196,0.0196,0.0000,0.0179,0.0179,0.0179,0.0004,0.0085,0.0050
66.3002,0.0193,0.0193,0.0000,0.0179,0.0179,0.0179,0.0004,0.0080,0.0049
66.4003,0.0194,0.0194,0.0000,0.0179,0.0179,0.0179,0.0004,0.0080,0.0048
66.5026,0.0193,0.0193,0.0000,0.0179,0.0179,0.0179,0.0004,0.0079,0.0047
66.6001,0.0193,0.0193,0.0000,0.0179,0.0179,0.0179,0.0004,0.0078,0.0045
66.7002,0.0193,0.0193,0.0000,0.0179,0.0179,0.0179,0.0004,0.0080,0.0044
66.8002,0.0200,0.0200,0.0000,0.0179,0.0179,0.0179,0.0004,0.0084,0.0048
66.9002,0.0196,0.0196,0.0000,0.0179,0.0179,0.0179,0.0004,0.0080,0.0047
67.0003,0.0199,0.0199,0.0000,0.0179,0.0179,0.0179,0.0005,0.0084,0.0050
67.1001,0.0190,0.0190,0.0000,0.0179,0.0179,0.0179,0.0005,0.0075,0.0047
67.2007,0.0192,0.0192,0.0000,0.0179,0.0179,0.0179,0.0005,0.0077,0.0045
67.3001,0.0189,0.0189,0.0000,0.0179,0.0179,0.0179,0.0005,0.0068,0.0043
67.4002,0.0190,0.0190,0.0000,0.0179,0.0179,0.0179,0.0005,0.0070,0.0044
67.5001,0.0190,0.0190,0.0000,0.0179,0.0179,0.0179,0.0005,0.0065,0.0044
67.6001,0.0188,0.0188,0.0000,0.0179,0.0179,0.0179,0.0005,0.0063,0.0039
67.7027,0.0189,0.0189,0.0000,0.0179,0.0179,0.0179,0.0005,0.0060,0.0035
67.8002,0.0190,0.0190,0.0000,0.0179,0.0179,0.0179,0.0005,0.0060,0.0036
67.9007,0.0191,0.0191,0.0000,0.0179,0.0179,0.0179,0.0005,0.0059,0.0037
68.0001,0.0190,0.0190,0.0000,0.0179,0.0179,0.0179,0.0005,0.0061,0.0034
68.1001,0.0191,0.0191,0.0000,0.0179,0.0179,0.0179,0.0005,0.0062,0.0035
68.2003,0.0192,0.0192,0.0000,0.0179,0.0179,0.0179,0.0005,0.0064,0.0035
68.3011,0.0191,0.0191,0.0000,0.0179,0.0179,0.0179,0.0005,0.0064,0.0036
68.4004,0.0191,0.0191,0.0000,0.0179,0.0179,0.0179,0.0005,0.0061,0.0035
68.5001,0.0194,0.0194,0.0000,0.0179,0.0179,0.0179,0.0005,0.0069,0.0036
68.6002,0.0192,0.0192,0.0000,0.0179,0.0179,0.0179,0.0005,0.0066,0.0036
68.7001,0.0191,0.0191,0.0000,0.0179,0.0179,0.0179,0.0005,0.0067,0.0038
68.8012,0.0190,0.0190,0.0000,0.0179,0.0179,0.0179,0.0005,0.0068,0.0038
68.9020,0.0193,0.0193,0.0000,0.0179,0.0179,0.0179,0.0005,0.0061,0.0039
69.0092,0.0196,0.0196,0.0000,0.0179,0.0179,0.0179,0.0005,0.0065,0.0041
69.1002,0.0199,0.0199,0.0000,0.0179,0.0179,0.0179,0.0005,0.0070,0.0043
69.2002,0.0192,0.0192,0.0000,0.0179,0.0179,0.0179,0.0005,0.0066,0.0043
69.3002,0.0194,0.0194,0.0000,0.0179,0.0179,0.0179,0.0005,0.0067,0.0044
69.4002,0.0193,0.0193,0.0000,0.0179,0.0179,0.0179,0.0005,0.0070,0.0041
69.5024,0.0193,0.0193,0.0000,0.0179,0.0179,0.0179,0.0005,0.0068,0.0042
69.6003,0.0192,0.0192,0.0000,0.0179,0.0179,0.0179,0.0005,0.0074,0.0040
69.7002,0.0192,0.0192,0.0000,0.0179,0.0179,0.0179,0.0005,0.0074,0.0038
69.8001,0.0192,0.0192,0.0000,0.0179,0.0179,0.0179,0.0005,0.0078,0.0037
69.9026,0.0194,0.0194,0.0000,0.0179,0.0179,0.0179,0.0005,0.0082,0.0041
70.0080,0.0193,0.0193,0.0000,0.0179,0.0179,0.0179,0.0005,0.0080,0.0044
70.1027,0.0196,0.0196,0.0000,0.0179,0.0179,0.0179,0.0005,0.0086,0.0047
70.2069,0.0194,0.0194,0.0000,0.0179,0.0179,0.0179,0.0005,0.0080,0.0047
70.3026,0.0193,0.0193,0.0000,0.0179,0.0179,0.0179,0.0005,0.0085,0.0047
70.4003,0.0192,0.0192,0.0000,0.0179,0.0179,0.0179,0.0005,0.0082,0.0048
70.5001,0.0194,0.0194,0.0000,0.0179,0.0179,0.0179,0.0005,0.0090,0.0050
70.6002,0.0191,0.0191,0.0000,0.0179,0.0179,0.0179,0.0005,0.0079,0.0049
70.7002,0.0190,0.0190,0.0000,0.0179,0.0179,0.0179,0.0005,0.0073,0.0047
70.8009,0.0189,0.0189,0.0000,0.0179,0.0179,0.0179,0.0005,0.0067,0.0045
70.9002,0.0190,0.0190,0.0000,0.0179,0.0179,0.0179,0.0005,0.0065,0.0045
71.0001,0.0194,0.0194,0.0000,0.0179,0.0179,0.0179,0.0005,0.0067,0.0046
71.1010,0.0196,0.0196,0.0000,0.0179,0.0179,0.0179,0.0005,0.0069,0.0046
71.2001,0.0194,0.0194,0.0000,0.0179,0.0179,0.0179,0.0005,0.0070,0.0044
71.3002,0.0195,0.0195,0.0000,0.0179,0.0179,0.0179,0.0005,0.0071,0.0044
71.4034,0.0193,0.0193,0.0000,0.0179,0.0179,0.0179,0.0005,0.0074,0.0044
71.5004,0.0192,0.0192,0.0000,0.0179,0.0179,0.0179,0.0005,0.0071,0.0044
71.6001,0.0196,0.0196,0.0000,0.0179,0.0179,0.0179,0.0005,0.0083,0.0047
71.7002,0.0192,0.0192,0.0000,0.0179,0.0179,0.0179,0.0005,0.0070,0.0043
71.8013,0.0192,0.0192,0.0000,0.0179,0.0179,0.0179,0.0005,0.0070,0.0044
71.9001,0.0192,0.0192,0.0000,0.0179,0.0179,0.0179,0.0005,0.0066,0.0043
72.0003,0.0190,0.0190,0.0000,0.0179,0.0179,0.0179,0.0005,0.0061,0.0041
72.1002,0.0194,0.0194,0.0000,0.0179,0.0179,0.0179,0.0005,0.0062,0.0043
72.2006,0.0199,0.0199,0.0000,0.0179,0.0179,0.0179,0.0005,0.0071,0.0047
72.3041,0.0194,0.0194,0.0000,0.0179,0.0179,0.0179,0.0005,0.0065,0.0045
72.4003,0.0193,0.0193,0.0000,0.0179,0.0179,0.0179,0.0005,0.0068,0.0049
72.5002,0.0197,0.0197,0.0000,0.0179,0.0179,0.0179,0.0005,0.0075,0.0052
72.6001,0.0190,0.0190,0.0000,0.0179,0.0179,0.0179,0.0005,0.0071,0.0050
72.7002,0.0192,0.0192,0.0000,0.0179,0.0179,0.0179,0.0005,0.0072,0.0049
72.8001,0.0190,0.0190,0.0000,0.0179,0.0179,0.0179,0.0005,0.0070,0.0047
72.9002,0.0191,0.0191,0.0000,0.0179,0.0179,0.0179,0.0005,0.0070,0.0047
73.0001,0.0192,0.0192,0.0000,0.0179,0.0179,0.0179,0.0005,0.0072,0.0045
73.1006,0.0192,0.0192,0.0000,0.0179,0.0179,0.0179,0.0005,0.0072,0.0048
73.2001,0.0191,0.0191,0.0000,0.0179,0.0179,0.0179,0.0005,0.0070,0.0045
73.3002,0.0192,0.0192,0.0000,0.0179,0.0179,0.0179,0.0005,0.0074,0.0044
73.4002,0.0195,0.0195,0.0000,0.0179,0.0179,0.0179,0.0005,0.0075,0.0046
73.5002,0.0200,0.0200,0.0000,0.0179,0.0179,0.0179,0.0005,0.0080,0.0051
73.6002,0.0194,0.0194,0.0000,0.0179,0.0179,0.0179,0.0005,0.0077,0.0049
73.7001,0.0195,0.0195,0.0000,0.0179,0.0179,0.0179,0.0005,0.0073,0.0048
73.8016,0.0193,0.0193,0.0000,0.0179,0.0179,0.0179,0.0005,0.0071,0.0049
73.9001,0.0194,0.0194,0.0000,0.0179,0.0179,0.0179,0.0005,0.0072,0.0045
74.0001,0.0196,0.0196,0.0000,0.0179,0.0179,0.0179,0.0005,0.0076,0.0048
74.1040,0.0193,0.0193,0.0000,0.0179,0.0179,0.0179,0.0004,0.0077,0.0045
74.2001,0.0195,0.0195,0.0000,0.0179,0.0179,0.0179,0.0005,0.0077,0.0043
74.3002,0.0197,0.0197,0.0000,0.0179,0.0179,0.0179,0.0005,0.0079,0.0042
74.4001,0.0192,0.0192,0.0000,0.0179,0.0179,0.0179,0.0005,0.0075,0.0041
74.5271,0.0193,0.0193,0.0000,0.0179,0.0179,0.0179,0.0005,0.0076,0.0041
74.6004,0.0190,0.0190,0.0000,0.0179,0.0179,0.0179,0.0005,0.0071,0.0039
74.7002,0.0195,0.0195,0.0000,0.0179,0.0179,0.0179,0.0005,0.0082,0.0040
74.8032,0.0192,0.0192,0.0000,0.0179,0.0179,0.0179,0.0005,0.0077,0.0038
74.9006,0.0192,0.0192,0.0000,0.0179,0.0179,0.0179,0.0005,0.0076,0.0042
75.0001,0.0195,0.0195,0.0000,0.0179,0.0179,0.0179,0.0004,0.0077,0.0044
75.1002,0.0194,0.0194,0.0000,0.0179,0.0179,0.0179,0.0004,0.0075,0.0044
75.2003,0.0191,0.0191,0.0000,0.0179,0.0179,0.0179,0.0004,0.0075,0.0042
75.3002,0.0193,0.0193,0.0000,0.0179,0.0179,0.0179,0.0004,0.0077,0.0044
75.4002,0.0190,0.0190,0.0000,0.0179,0.0179,0.0179,0.0004,0.0074,0.0039
75.5002,0.0193,0.0193,0.0000,0.0179,0.0179,0.0179,0.0004,0.0077,0.0042
75.6003,0.0197,0.0197,0.0000,0.0179,0.0179,0.0179,0.0004,0.0088,0.0046
75.7029,0.0195,0.0195,0.0000,0.0179,0.0179,0.0179,0.0004,0.0089,0.0046
75.8001,0.0192,0.0192,0.0000,0.0179,0.0179,0.0179,0.0004,0.0073,0.0045
75.9002,0.0191,0.0191,0.0000,0.0179,0.0179,0.0179,0.0004,0.0070,0.0046
76.0027,0.0189,0.0189,0.0000,0.0179,0.0179,0.0179,0.0004,0.0068,0.0044
76.1001,0.0191,0.0191,0.0000,0.0179,0.0179,0.0179,0.0004,0.0073,0.0044
76.2002,0.0190,0.0190,0.0000,0.0179,0.0179,0.0179,0.0004,0.0071,0.0043
76.3003,0.0192,0.0192,0.0000,0.0179,0.0179,0.0179,0.0004,0.0076,0.0043
76.4004,0.0191,0.0191,0.0000,0.0179,0.0179,0.0179,0.0004,0.0075,0.0044
76.5002,0.0193,0.0193,0.0000,0.0179,0.0179,0.0179,0.0004,0.0074,0.0044
76.6002,0.0191,0.0191,0.0000,0.0179,0.0179,0.0179,0.0004,0.0072,0.0043
76.7005,0.0188,0.0188,0.0000,0.0179,0.0179,0.0179,0.0004,0.0065,0.0039
76.8000,0.0193,0.0193,0.0000,0.0179,0.0179,0.0179,0.0004,0.0068,0.0040
76.9001,0.0194,0.0194,0.0000,0.0179,0.0179,0.0179,0.0004,0.0064,0.0039
77.0002,0.0195,0.0195,0.0000,0.0179,0.0179,0.0179,0.0004,0.0065,0.0037
77.1001,0.0196,0.0196,0.0000,0.0179,0.0179,0.0179,0.0004,0.0065,0.0037
77.2002,0.0195,0.0195,0.0000,0.0179,0.0179,0.0179,0.0004,0.0064,0.0039
77.3003,0.0196,0.0196,0.0000,0.0179,0.0179,0.0179,0.0004,0.0067,0.0041
77.4002,0.0192,0.0192,0.0000,0.0179,0.0179,0.0179,0.0004,0.0066,0.0041
77.5002,0.0194,0.0194,0.0000,0.0179,0.0179,0.0179,0.0004,0.0075,0.0039
77.6002,0.0193,0.0193,0.0000,0.0179,0.0179,0.0179,0.0004,0.0074,0.0041
77.7002,0.0196,0.0196,0.0000,0.0179,0.0179,0.0179,0.0004,0.0075,0.0043
77.8002,0.0199,0.0199,0.0000,0.0179,0.0179,0.0179,0.0004,0.0072,0.0046
77.9004,0.0196,0.0196,0.0000,0.0179,0.0179,0.0179,0.0004,0.0072,0.0047
78.0001,0.0195,0.0195,0.0000,0.0179,0.0179,0.0179,0.0004,0.0069,0.0046
78.1003,0.0195,0.0195,0.0000,0.0179,0.0179,0.0179,0.0004,0.0076,0.0046
78.2002,0.0195,0.0195,0.0000,0.0179,0.0179,0.0179,0.0004,0.0073,0.0046
78.3011,0.0191,0.0191,0.0000,0.0179,0.0179,0.0179,0.0004,0.0064,0.0046
78.4067,0.0195,0.0195,0.0000,0.0179,0.0179,0.0179,0.0004,0.0078,0.0044
78.5003,0.0197,0.0197,0.0000,0.0179,0.0179,0.0179,0.0004,0.0074,0.0044
78.6004,0.0199,0.0199,0.0000,0.0179,0.0179,0.0179,0.0004,0.0071,0.0045
78.7047,0.0201,0.0201,0.0000,0.0179,0.0179,0.0179,0.0004,0.0077,0.0045
78.8027,0.0197,0.0197,0.0000,0.0179,0.0179,0.0179,0.0004,0.0073,0.0046
78.9003,0.0200,0.0200,0.0000,0.0179,0.0179,0.0179,0.0004,0.0077,0.0049
79.0001,0.0195,0.0195,0.0000,0.0179,0.0179,0.0179,0.0004,0.0077,0.0051
79.1002,0.0195,0.0195,0.0000,0.0179,0.0179,0.0179,0.0004,0.0079,0.0049
79.2003,0.0192,0.0192,0.0000,0.0179,0.0179,0.0179,0.0004,0.0072,0.0048
79.3074,0.0195,0.0195,0.0000,0.0179,0.0179,0.0179,0.0005,0.0071,0.0048
79.4001,0.0192,0.0192,0.0000,0.0179,0.0179,0.0179,0.0005,0.0070,0.0048
79.5001,0.0194,0.0194,0.0000,0.0179,0.0179,0.0179,0.0005,0.0076,0.0048
79.6008,0.0193,0.0193,0.0000,0.0179,0.0179,0.0179,0.0006,0.0075,0.0050
79.7002,0.0196,0.0196,0.0000,0.0179,0.0179,0.0179,0.0006,0.0079,0.0050
79.8001,0.0194,0.0194,0.0000,0.0179,0.0179,0.0179,0.0007,0.0074,0.0046
79.9006,0.0190,0.0190,0.0000,0.0179,0.0179,0.0179,0.0008,0.0069,0.0042
80.0001,0.0197,0.0197,0.0000,0.0179,0.0179,0.0179,0.0010,0.0068,0.0044
80.1006,0.0196,0.0196,0.0000,0.0179,0.0179,0.0179,0.0010,0.0065,0.0045
80.2001,0.0198,0.0198,0.0000,0.0179,0.0179,0.0179,0.0011,0.0067,0.0053
80.3028,0.0202,0.0202,0.0000,0.0179,0.0179,0.0179,0.0013,0.0077,0.0057
80.4005,0.0198,0.0198,0.0000,0.0179,0.0179,0.0179,0.0015,0.0069,0.0057
80.5002,0.0194,0.0194,0.0000,0.0179,0.0179,0.0179,0.0015,0.0061,0.0050
80.6003,0.0200,0.0200,0.0000,0.0179,0.0179,0.0179,0.0017,0.0066,0.0053
80.7002,0.0193,0.0193,0.0000,0.0179,0.0179,0.0179,0.0017,0.0068,0.0050
80.8001,0.0200,0.0200,0.0000,0.0179,0.0179,0.0179,0.0019,0.0074,0.0050
80.9030,0.0198,0.0198,0.0000,0.0179,0.0179,0.0179,0.0020,0.0069,0.0046
81.0003,0.0194,0.0194,0.0000,0.0179,0.0179,0.0179,0.0020,0.0064,0.0040
81.1004,0.0195,0.0195,0.0000,0.0179,0.0179,0.0179,0.0019,0.0058,0.0037
81.2003,0.0193,0.0193,0.0000,0.0179,0.0179,0.0179,0.0019,0.0054,0.0037
81.3007,0.0197,0.0197,0.0000,0.0179,0.0179,0.0179,0.0022,0.0059,0.0037
81.4001,0.0191,0.0191,0.0000,0.0179,0.0179,0.0179,0.0020,0.0051,0.0029
81.5027,0.0193,0.0193,0.0000,0.0179,0.0179,0.0179,0.0019,0.0050,0.0030
81.6107,0.0192,0.0192,0.0000,0.0179,0.0179,0.0179,0.0022,0.0051,0.0027
81.7006,0.0193,0.0193,0.0000,0.0179,0.0179,0.0179,0.0024,0.0053,0.0026
81.8006,0.0193,0.0193,0.0000,0.0179,0.0179,0.0179,0.0027,0.0053,0.0027
81.9007,0.0192,0.0192,0.0000,0.0179,0.0179,0.0179,0.0027,0.0052,0.0027
82.0001,0.0194,0.0194,0.0000,0.0179,0.0179,0.0179,0.0030,0.0052,0.0033
82.1001,0.0193,0.0193,0.0000,0.0179,0.0179,0.0179,0.0029,0.0048,0.0041
82.2001,0.0194,0.0194,0.0000,0.0179,0.0179,0.0179,0.0028,0.0045,0.0037
82.3002,0.0195,0.0195,0.0000,0.0179,0.0179,0.0179,0.0029,0.0045,0.0030
82.4002,0.0196,0.0196,0.0000,0.0179,0.0179,0.0179,0.0028,0.0044,0.0029
82.5002,0.0200,0.0200,0.0000,0.0179,0.0179,0.0179,0.0031,0.0044,0.0026
82.6000,0.0195,0.0195,0.0000,0.0179,0.0179,0.0179,0.0033,0.0043,0.0025
82.7001,0.0191,0.0191,0.0000,0.0179,0.0179,0.0179,0.0033,0.0041,0.0023
82.8001,0.0191,0.0191,0.0000,0.0179,0.0179,0.0179,0.0033,0.0039,0.0023
82.9001,0.0192,0.0192,0.0000,0.0179,0.0179,0.0179,0.0034,0.0038,0.0020
83.0002,0.0196,0.0196,0.0000,0.0179,0.0179,0.0179,0.0039,0.0038,0.0023
83.1002,0.0194,0.0194,0.0000,0.0179,0.0179,0.0179,0.0042,0.0038,0.0027
83.2002,0.0192,0.0192,0.0000,0.0179,0.0179,0.0179,0.0045,0.0036,0.0030
83.3001,0.0196,0.0196,0.0000,0.0179,0.0179,0.0179,0.0047,0.0034,0.0030
83.4029,0.0194,0.0194,0.0000,0.0179,0.0179,0.0179,0.0044,0.0030,0.0029
83.5002,0.0196,0.0196,0.0000,0.0179,0.0179,0.0179,0.0047,0.0027,0.0032
83.6001,0.0194,0.0194,0.0000,0.0179,0.0179,0.0179,0.0049,0.0027,0.0036
83.7001,0.0193,0.0193,0.0000,0.0179,0.0179,0.0179,0.0044,0.0023,0.0039
83.8010,0.0196,0.0196,0.0000,0.0179,0.0179,0.0179,0.0042,0.0022,0.0038
83.9003,0.0193,0.0193,0.0000,0.0179,0.0179,0.0179,0.0041,0.0021,0.0035
84.0002,0.0199,0.0199,0.0000,0.0179,0.0179,0.0179,0.0043,0.0021,0.0038
84.1001,0.0195,0.0195,0.0000,0.0179,0.0179,0.0179,0.0045,0.0020,0.0033
84.2001,0.0193,0.0193,0.0000,0.0179,0.0179,0.0179,0.0048,0.0020,0.0029
84.3026,0.0196,0.0196,0.0000,0.0179,0.0179,0.0179,0.0053,0.0020,0.0029
84.4002,0.0194,0.0194,0.0000,0.0179,0.0179,0.0179,0.0053,0.0019,0.0029
84.5002,0.0191,0.0191,0.0000,0.0179,0.0179,0.0179,0.0055,0.0018,0.0029
84.6001,0.0194,0.0194,0.0000,0.0179,0.0179,0.0179,0.0053,0.0016,0.0030
84.7001,0.0192,0.0192,0.0000,0.0179,0.0179,0.0179,0.0050,0.0014,0.0028
84.8006,0.0190,0.0190,0.0000,0.0179,0.0179,0.0179,0.0047,0.0013,0.0026
84.9001,0.0196,0.0196,0.0000,0.0179,0.0179,0.0179,0.0047,0.0012,0.0028
85.0002,0.0195,0.0195,0.0000,0.0179,0.0179,0.0179,0.0045,0.0010,0.0026
85.1002,0.0193,0.0193,0.0000,0.0179,0.0179,0.0179,0.0046,0.0009,0.0024
85.2002,0.0452,0.0452,0.0000,0.0379,0.0379,0.0379,0.0059,0.0010,0.0070
85.3001,0.0758,0.0758,0.0000,0.0579,0.0579,0.0579,0.0066,0.0010,0.1212
85.4002,0.1121,0.1121,0.0000,0.0779,0.0779,0.0779,0.0077,0.0010,0.6886
85.5014,0.1510,0.1510,0.0000,0.0979,0.0979,0.0979,0.0088,0.0010,2.3805
85.6004,0.1989,0.1989,0.0000,0.1179,0.1179,0.1179,0.0100,0.0010,7.7934
85.7001,0.2688,0.2688,0.0000,0.1479,0.1479,0.1479,0.0112,0.0010,15.7128
85.8019,0.3323,0.3323,0.0000,0.1679,0.1679,0.1679,0.0124,0.0010,14.4982
85.9001,0.3977,0.3977,0.0000,0.1879,0.1879,0.1879,0.0136,0.0010,7.1610
86.0002,0.4786,0.4786,0.0000,0.2079,0.2079,0.2079,0.0152,0.0011,3.9825
86.1002,0.5310,0.5310,0.0000,0.2179,0.2179,0.2179,0.0164,0.0011,3.0175
86.2002,0.0273,0.0273,0.0000,0.0252,0.0252,0.0252,0.0129,0.0009,3.1096
86.3070,0.0206,0.0206,0.0000,0.0190,0.0190,0.0190,0.0117,0.0008,1.8323
86.4001,0.0200,0.0200,0.0000,0.0184,0.0184,0.0184,0.0117,0.0007,0.9445
86.5002,0.0193,0.0193,0.0000,0.0179,0.0179,0.0179,0.0092,0.0006,0.2470
86.6003,0.0191,0.0191,0.0000,0.0179,0.0179,0.0179,0.0077,0.0005,0.0022
86.7003,0.0190,0.0190,0.0000,0.0179,0.0179,0.0179,0.0070,0.0004,0.0019
86.8001,0.0191,0.0191,0.0000,0.0179,0.0179,0.0179,0.0064,0.0004,0.0016
86.9037,0.0192,0.0192,0.0000,0.0179,0.0179,0.0179,0.0064,0.0003,0.0018
87.0001,0.0195,0.0195,0.0000,0.0179,0.0179,0.0179,0.0070,0.0003,0.0019
87.1001,0.0194,0.0194,0.0000,0.0179,0.0179,0.0179,0.0072,0.0003,0.0020
87.2002,0.0198,0.0198,0.0000,0.0179,0.0179,0.0179,0.0080,0.0003,0.0027
87.3025,0.0193,0.0193,0.0000,0.0179,0.0179,0.0179,0.0071,0.0003,0.0023
87.4003,0.0194,0.0194,0.0000,0.0179,0.0179,0.0179,0.0065,0.0003,0.0021
87.5001,0.0192,0.0192,0.0000,0.0179,0.0179,0.0179,0.0063,0.0004,0.0018
87.6031,0.0194,0.0194,0.0000,0.0179,0.0179,0.0179,0.0065,0.0005,0.0018
87.7001,0.0192,0.0192,0.0000,0.0179,0.0179,0.0179,0.0062,0.0007,0.0016
87.8003,0.0192,0.0192,0.0000,0.0179,0.0179,0.0179,0.0058,0.0008,0.0019
87.9001,0.0197,0.0197,0.0000,0.0179,0.0179,0.0179,0.0064,0.0009,0.0023
88.0026,0.0194,0.0194,0.0000,0.0179,0.0179,0.0179,0.0060,0.0010,0.0028
88.1001,0.0196,0.0196,0.0000,0.0179,0.0179,0.0179,0.0063,0.0011,0.0028
88.2002,0.0193,0.0193,0.0000,0.0179,0.0179,0.0179,0.0060,0.0011,0.0022
88.3005,0.0190,0.0190,0.0000,0.0179,0.0179,0.0179,0.0056,0.0011,0.0019
88.4001,0.0196,0.0196,0.0000,0.0179,0.0179,0.0179,0.0062,0.0012,0.0018
88.5001,0.0193,0.0193,0.0000,0.0179,0.0179,0.0179,0.0056,0.0012,0.0019
88.6002,0.0193,0.0193,0.0000,0.0179,0.0179,0.0179,0.0059,0.0013,0.0019
88.7002,0.0196,0.0196,0.0000,0.0179,0.0179,0.0179,0.0059,0.0014,0.0025
88.8002,0.0195,0.0195,0.0000,0.0179,0.0179,0.0179,0.0060,0.0015,0.0026
88.9001,0.0194,0.0194,0.0000,0.0179,0.0179,0.0179,0.0062,0.0015,0.0024
89.0001,0.0193,0.0193,0.0000,0.0179,0.0179,0.0179,0.0057,0.0015,0.0025
89.1025,0.0199,0.0199,0.0000,0.0179,0.0179,0.0179,0.0065,0.0015,0.0030
89.2001,0.0458,0.0458,0.0000,0.0379,0.0379,0.0379,0.0073,0.0016,0.0034
89.3002,0.0774,0.0774,0.0000,0.0579,0.0579,0.0579,0.0091,0.0018,0.0038
89.4002,0.1137,0.1137,0.0000,0.0779,0.0780,0.0779,0.0099,0.0019,0.0040
89.5001,0.1538,0.1538,0.0000,0.0979,0.0981,0.0979,0.0114,0.0021,0.0049
89.6066,0.1957,0.1957,0.0000,0.1179,0.1182,0.1179,0.0126,0.0023,0.0051
89.7008,0.2698,0.2698,0.0000,0.1479,0.1484,0.1479,0.0137,0.0025,0.0055
89.8001,0.3249,0.3249,0.0000,0.1679,0.1686,0.1679,0.0155,0.0027,0.0058
89.9001,0.3960,0.3960,0.0000,0.1879,0.1890,0.1879,0.0170,0.0030,0.0065
90.0003,0.4794,0.4794,0.0000,0.2079,0.2094,0.2079,0.0194,0.0033,0.0072
90.1051,0.5518,0.5518,0.0000,0.2279,0.2298,0.2279,0.0195,0.0033,0.0075
90.2046,0.0271,0.0271,0.0000,0.0253,0.0253,0.0253,0.0117,0.0021,0.0088
90.3002,0.0201,0.0201,0.0000,0.0190,0.0190,0.0190,0.0081,0.0016,0.0085
90.4003,0.0190,0.0190,0.0000,0.0181,0.0181,0.0181,0.0063,0.0011,0.2960
90.5001,0.0193,0.0193,0.0000,0.0179,0.0179,0.0179,0.0061,0.0007,0.6066
90.6001,0.0193,0.0193,0.0000,0.0179,0.0179,0.0179,0.0065,0.0005,1.8440
90.7002,0.0191,0.0191,0.0000,0.0179,0.0179,0.0179,0.0061,0.0004,1.9087
90.8000,0.0191,0.0191,0.0000,0.0179,0.0179,0.0179,0.0061,0.0003,3.5196
90.9054,0.0191,0.0191,0.0000,0.0179,0.0179,0.0179,0.0058,0.0002,4.8297
91.0002,0.0190,0.0190,0.0000,0.0179,0.0179,0.0179,0.0055,0.0002,5.7642
91.1001,0.0191,0.0191,0.0000,0.0179,0.0179,0.0179,0.0059,0.0001,7.5685
91.2001,0.0193,0.0193,0.0000,0.0179,0.0179,0.0179,0.0061,0.0001,9.3843
91.3012,0.0193,0.0193,0.0000,0.0179,0.0179,0.0179,0.0062,0.0001,10.2990
91.4026,0.0191,0.0191,0.0000,0.0179,0.0179,0.0179,0.0058,0.0001,10.7302
91.5001,0.0191,0.0191,0.0000,0.0179,0.0179,0.0179,0.0063,0.0001,12.3515
91.6001,0.0191,0.0191,0.0000,0.0179,0.0179,0.0179,0.0064,0.0001,12.0102
91.7001,0.0191,0.0191,0.0000,0.0179,0.0179,0.0179,0.0063,0.0001,13.8983
91.8021,0.0190,0.0190,0.0000,0.0179,0.0179,0.0179,0.0061,0.0001,13.6967
91.9007,0.0193,0.0193,0.0000,0.0179,0.0179,0.0179,0.0063,0.0001,15.6797
92.0004,0.0195,0.0195,0.0000,0.0179,0.0179,0.0179,0.0066,0.0001,15.8558
92.1004,0.0193,0.0193,0.0000,0.0179,0.0179,0.0179,0.0069,0.0001,16.5272
92.2001,0.0196,0.0196,0.0000,0.0179,0.0179,0.0179,0.0069,0.0001,17.0905
92.3008,0.0193,0.0193,0.0000,0.0179,0.0179,0.0179,0.0067,0.0001,17.8427
92.4006,0.0191,0.0191,0.0000,0.0179,0.0179,0.0179,0.0067,0.0001,17.6685
92.5050,0.0189,0.0189,0.0000,0.0179,0.0179,0.0179,0.0063,0.0001,19.7111
92.6017,0.0189,0.0189,0.0000,0.0179,0.0179,0.0179,0.0062,0.0001,19.3569
92.7003,0.0191,0.0191,0.0000,0.0179,0.0179,0.0179,0.0067,0.0001,18.8172
92.8001,0.0193,0.0193,0.0000,0.0179,0.0179,0.0179,0.0070,0.0002,17.3063
92.9013,0.0195,0.0195,0.0000,0.0179,0.0179,0.0179,0.0070,0.0002,17.2035
93.0001,0.0199,0.0199,0.0000,0.0179,0.0179,0.0179,0.0075,0.0002,17.7800
93.1002,0.0197,0.0197,0.0000,0.0179,0.0179,0.0179,0.0075,0.0002,17.6858
93.2001,0.0472,0.0472,0.0000,0.0379,0.0379,0.0379,0.0094,0.0002,18.1898
93.3002,0.0781,0.0781,0.0000,0.0579,0.0579,0.0579,0.0110,0.0002,18.9744
93.4001,0.1148,0.1148,0.0000,0.0779,0.0780,0.0779,0.0125,0.0002,17.5019
93.5002,0.1751,0.1751,0.0000,0.1079,0.1081,0.1079,0.0133,0.0002,18.0048
93.6001,0.2213,0.2213,0.0000,0.1279,0.1282,0.1279,0.0143,0.0002,18.1742
93.7001,0.2777,0.2777,0.0000,0.1479,0.1484,0.1479,0.0149,0.0003,17.8716
93.8066,0.3391,0.3391,0.0000,0.1679,0.1686,0.1679,0.0159,0.0003,19.0607
93.9001,0.4135,0.4135,0.0000,0.1879,0.1890,0.1879,0.0167,0.0003,18.9719
94.0002,0.4910,0.4910,0.0000,0.2079,0.2094,0.2079,0.0176,0.0004,19.8197
94.1002,0.5932,0.5932,0.0000,0.2279,0.2300,0.2279,0.0184,0.0004,19.8903
94.2001,0.6504,0.6504,0.0000,0.2379,0.2403,0.2379,0.0192,0.0004,19.1060
94.3035,0.7621,0.7621,0.0000,0.2579,0.2611,0.2579,0.0211,0.0005,19.3939
94.4002,0.8710,0.8710,0.0000,0.2779,0.2818,0.2779,0.0224,0.0005,19.3957
94.5002,1.0400,1.0400,0.0000,0.3079,0.3131,0.3079,0.0239,0.0006,19.2460
94.6002,1.1619,1.1619,0.0000,0.3279,0.3340,0.3279,0.0254,0.0007,19.5359
94.7010,1.3136,1.3136,0.0000,0.3479,0.3553,0.3479,0.0266,0.0007,19.2101
94.8055,1.4491,1.4491,0.0000,0.3779,0.3869,0.3779,0.0279,0.0008,18.8550
94.9002,1.6672,1.6672,0.0000,0.3979,0.4083,0.3979,0.0303,0.0009,18.6867
95.0002,1.8501,1.8501,0.0000,0.4179,0.4301,0.4179,0.0325,0.0010,18.7890
95.1017,1.9545,1.9545,0.0000,0.4279,0.4411,0.4279,0.0329,0.0011,19.8589
95.2004,0.0277,0.0277,0.0000,0.0262,0.0262,0.0261,0.0192,0.0007,18.5571
95.3002,0.0204,0.0204,0.0000,0.0191,0.0191,0.0191,0.0139,0.0006,17.1190
95.4026,0.0196,0.0196,0.0000,0.0181,0.0181,0.0181,0.0112,0.0005,17.5380
95.5003,0.0190,0.0190,0.0000,0.0179,0.0179,0.0179,0.0085,0.0004,17.1884
95.6004,0.0194,0.0194,0.0000,0.0179,0.0179,0.0179,0.0081,0.0004,17.0136
95.7002,0.0197,0.0197,0.0000,0.0179,0.0179,0.0179,0.0081,0.0004,16.7681
95.8004,0.0195,0.0195,0.0000,0.0179,0.0179,0.0179,0.0078,0.0004,16.7818
95.9001,0.0197,0.0197,0.0000,0.0179,0.0179,0.0179,0.0080,0.0004,16.8755
96.0026,0.0191,0.0191,0.0000,0.0179,0.0179,0.0179,0.0075,0.0004,16.7686
96.1009,0.0194,0.0194,0.0000,0.0179,0.0179,0.0179,0.0074,0.0004,16.3791
96.2001,0.0195,0.0195,0.0000,0.0179,0.0179,0.0179,0.0075,0.0004,16.8746
96.3001,0.0198,0.0198,0.0000,0.0179,0.0179,0.0179,0.0078,0.0004,17.6693
96.4001,0.0195,0.0195,0.0000,0.0179,0.0179,0.0179,0.0073,0.0004,15.6807
96.5001,0.0194,0.0194,0.0000,0.0179,0.0179,0.0179,0.0073,0.0004,16.2591
96.6001,0.0189,0.0189,0.0000,0.0179,0.0179,0.0179,0.0071,0.0004,15.9723
96.7002,0.0191,0.0191,0.0000,0.0179,0.0179,0.0179,0.0066,0.0004,15.8998
96.8002,0.0188,0.0188,0.0000,0.0179,0.0179,0.0179,0.0060,0.0004,15.4162
96.9002,0.0191,0.0191,0.0000,0.0179,0.0179,0.0179,0.0059,0.0004,14.8426
97.0001,0.0191,0.0191,0.0000,0.0179,0.0179,0.0179,0.0059,0.0004,14.6759
97.1001,0.0192,0.0192,0.0000,0.0179,0.0179,0.0179,0.0059,0.0004,14.8229
97.2003,0.0191,0.0191,0.0000,0.0179,0.0179,0.0179,0.0064,0.0005,15.3542
97.3033,0.0193,0.0193,0.0000,0.0179,0.0179,0.0179,0.0071,0.0005,15.1412
97.4002,0.0192,0.0192,0.0000,0.0179,0.0179,0.0179,0.0072,0.0005,14.2682
97.5002,0.0190,0.0190,0.0000,0.0179,0.0179,0.0179,0.0068,0.0005,13.9738
97.6016,0.0194,0.0194,0.0000,0.0179,0.0179,0.0179,0.0068,0.0005,14.4958
97.7001,0.0191,0.0191,0.0000,0.0179,0.0179,0.0179,0.0064,0.0005,13.8175
97.8002,0.0195,0.0195,0.0000,0.0179,0.0179,0.0179,0.0066,0.0005,14.2713
97.9002,0.0190,0.0190,0.0000,0.0179,0.0179,0.0179,0.0062,0.0005,13.3423
98.0001,0.0193,0.0193,0.0000,0.0179,0.0179,0.0179,0.0064,0.0005,14.1709
98.1001,0.0196,0.0196,0.0000,0.0179,0.0179,0.0179,0.0070,0.0005,13.7931
98.2002,0.0197,0.0197,0.0000,0.0179,0.0179,0.0179,0.0076,0.0005,15.8073
98.3002,0.0192,0.0192,0.0000,0.0179,0.0179,0.0179,0.0069,0.0005,15.4248
98.4067,0.0196,0.0196,0.0000,0.0179,0.0179,0.0179,0.0075,0.0005,15.5570
98.5002,0.0190,0.0190,0.0000,0.0179,0.0179,0.0179,0.0074,0.0004,15.7120
98.6018,0.0188,0.0188,0.0000,0.0179,0.0179,0.0179,0.0068,0.0004,14.9377
98.7002,0.0191,0.0191,0.0000,0.0179,0.0179,0.0179,0.0068,0.0004,15.5631
98.8002,0.0197,0.0197,0.0000,0.0179,0.0179,0.0179,0.0073,0.0004,16.3078
98.9002,0.0194,0.0194,0.0000,0.0179,0.0179,0.0179,0.0070,0.0004,14.5698
99.0001,0.0193,0.0193,0.0000,0.0179,0.0179,0.0179,0.0071,0.0004,15.3366
99.1002,0.0196,0.0196,0.0000,0.0179,0.0179,0.0179,0.0074,0.0004,14.2846
99.2001,0.0191,0.0191,0.0000,0.0179,0.0179,0.0179,0.0074,0.0004,14.2132
99.3002,0.0194,0.0194,0.0000,0.0179,0.0179,0.0179,0.0077,0.0004,14.0630
99.4001,0.0195,0.0195,0.0000,0.0179,0.0179,0.0179,0.0077,0.0004,14.1817
99.5001,0.0195,0.0195,0.0000,0.0179,0.0179,0.0179,0.0078,0.0004,14.8636
99.6001,0.0197,0.0197,0.0000,0.0179,0.0179,0.0179,0.0073,0.0004,14.4447
99.7002,0.0190,0.0190,0.0000,0.0179,0.0179,0.0179,0.0066,0.0004,14.5629
99.8008,0.0194,0.0194,0.0000,0.0179,0.0179,0.0179,0.0069,0.0004,14.7369
99.9001,0.0195,0.0195,0.0000,0.0179,0.0179,0.0179,0.0071,0.0004,13.7619
100.0004,0.0191,0.0191,0.0000,0.0179,0.0179,0.0179,0.0065,0.0004,13.9992
100.1001,0.0197,0.0197,0.0000,0.0179,0.0179,0.0179,0.0072,0.0004,14.5195
100.2002,0.0194,0.0194,0.0000,0.0179,0.0179,0.0179,0.0070,0.0004,14.2563
100.3001,0.0200,0.0200,0.0000,0.0179,0.0179,0.0179,0.0077,0.0004,15.0491
100.4001,0.0200,0.0200,0.0000,0.0179,0.0179,0.0179,0.0080,0.0004,14.2039
100.5001,0.0197,0.0197,0.0000,0.0179,0.0179,0.0179,0.0075,0.0004,15.6978
100.6001,0.0197,0.0197,0.0000,0.0179,0.0179,0.0179,0.0072,0.0004,16.1409
100.7027,0.0194,0.0194,0.0000,0.0179,0.0179,0.0179,0.0072,0.0004,16.6660
100.8022,0.0196,0.0196,0.0000,0.0179,0.0179,0.0179,0.0080,0.0004,16.2474
100.9001,0.0192,0.0192,0.0000,0.0179,0.0179,0.0179,0.0069,0.0004,16.3903
101.0001,0.0193,0.0193,0.0000,0.0179,0.0179,0.0179,0.0073,0.0004,16.6042
101.1003,0.0193,0.0193,0.0000,0.0179,0.0179,0.0179,0.0076,0.0004,17.0900
101.2002,0.0191,0.0191,0.0000,0.0179,0.0179,0.0179,0.0070,0.0004,18.5441
101.3011,0.0194,0.0194,0.0000,0.0179,0.0179,0.0179,0.0074,0.0004,17.2385
101.4003,0.0199,0.0199,0.0000,0.0179,0.0179,0.0179,0.0079,0.0004,16.4361
101.5002,0.0200,0.0200,0.0000,0.0179,0.0179,0.0179,0.0077,0.0004,16.8442
101.6005,0.0194,0.0194,0.0000,0.0179,0.0179,0.0179,0.0076,0.0004,17.4370
101.7002,0.0198,0.0198,0.0000,0.0179,0.0179,0.0179,0.0082,0.0004,16.4540
101.8003,0.0192,0.0192,0.0000,0.0179,0.0179,0.0179,0.0072,0.0004,15.8721
101.9001,0.0196,0.0196,0.0000,0.0179,0.0179,0.0179,0.0078,0.0004,17.6746
102.0036,0.0195,0.0195,0.0000,0.0179,0.0179,0.0179,0.0076,0.0004,17.5526
102.1036,0.0191,0.0191,0.0000,0.0179,0.0179,0.0179,0.0073,0.0004,17.5648
102.2003,0.0194,0.0194,0.0000,0.0179,0.0179,0.0179,0.0071,0.0004,18.3809
102.3005,0.0196,0.0196,0.0000,0.0179,0.0179,0.0179,0.0073,0.0004,18.0739
102.4002,0.0192,0.0192,0.0000,0.0179,0.0179,0.0179,0.0068,0.0004,17.8391
102.5001,0.0195,0.0195,0.0000,0.0179,0.0179,0.0179,0.0077,0.0004,16.3251
102.6028,0.0189,0.0189,0.0000,0.0179,0.0179,0.0179,0.0070,0.0004,16.6198
102.7001,0.0193,0.0193,0.0000,0.0179,0.0179,0.0179,0.0068,0.0004,15.9028
102.8001,0.0193,0.0193,0.0000,0.0179,0.0179,0.0179,0.0070,0.0004,16.3226
102.9002,0.0194,0.0194,0.0000,0.0179,0.0179,0.0179,0.0069,0.0004,15.5659
103.0001,0.0191,0.0191,0.0000,0.0179,0.0179,0.0179,0.0063,0.0004,16.3050
103.1001,0.0194,0.0194,0.0000,0.0179,0.0179,0.0179,0.0070,0.0004,16.6443
103.2003,0.0193,0.0193,0.0000,0.0179,0.0179,0.0179,0.0068,0.0004,15.8650
103.3011,0.0192,0.0192,0.0000,0.0179,0.0179,0.0179,0.0068,0.0004,15.5475
103.4007,0.0191,0.0191,0.0000,0.0179,0.0179,0.0179,0.0064,0.0004,15.2815
103.5020,0.0189,0.0189,0.0000,0.0179,0.0179,0.0179,0.0060,0.0004,15.5374
103.6002,0.0189,0.0189,0.0000,0.0179,0.0179,0.0179,0.0058,0.0004,16.1660
103.7004,0.0194,0.0194,0.0000,0.0179,0.0179,0.0179,0.0064,0.0004,16.3808
103.8001,0.0194,0.0194,0.0000,0.0179,0.0179,0.0179,0.0064,0.0004,15.9386
103.9013,0.0201,0.0201,0.0000,0.0179,0.0179,0.0179,0.0074,0.0004,17.2361
104.0011,0.0193,0.0193,0.0000,0.0179,0.0179,0.0179,0.0070,0.0004,15.8275
104.1001,0.0194,0.0194,0.0000,0.0179,0.0179,0.0179,0.0081,0.0004,17.3488
104.2106,0.0191,0.0191,0.0000,0.0179,0.0179,0.0179,0.0080,0.0004,16.7465
104.3027,0.0192,0.0192,0.0000,0.0179,0.0179,0.0179,0.0077,0.0004,15.9223
104.4002,0.0194,0.0194,0.0000,0.0179,0.0179,0.0179,0.0078,0.0004,15.6791
104.5002,0.0196,0.0196,0.0000,0.0179,0.0179,0.0179,0.0076,0.0004,17.2332
104.6027,0.0192,0.0192,0.0000,0.0179,0.0179,0.0179,0.0073,0.0004,16.8423
104.7001,0.0195,0.0195,0.0000,0.0179,0.0179,0.0179,0.0078,0.0004,16.8873
104.8009,0.0193,0.0193,0.0000,0.0179,0.0179,0.0179,0.0075,0.0004,17.1167
104.9028,0.0192,0.0192,0.0000,0.0179,0.0179,0.0179,0.0078,0.0004,17.8169
105.0002,0.0195,0.0195,0.0000,0.0179,0.0179,0.0179,0.0073,0.0004,16.9151
105.1002,0.0196,0.0196,0.0000,0.0179,0.0179,0.0179,0.0072,0.0004,17.1884
105.2002,0.0191,0.0191,0.0000,0.0179,0.0179,0.0179,0.0070,0.0004,17.0420
105.3002,0.0202,0.0202,0.0000,0.0179,0.0179,0.0179,0.0077,0.0004,17.3544
105.4002,0.0194,0.0194,0.0000,0.0179,0.0179,0.0179,0.0075,0.0004,17.7254
105.5006,0.0195,0.0195,0.0000,0.0179,0.0179,0.0179,0.0074,0.0004,18.0895
105.6055,0.0193,0.0193,0.0000,0.0179,0.0179,0.0179,0.0072,0.0004,18.7429
105.7030,0.0189,0.0189,0.0000,0.0179,0.0179,0.0179,0.0064,0.0004,18.8284
105.8011,0.0191,0.0191,0.0000,0.0179,0.0179,0.0179,0.0067,0.0004,18.6188
105.9003,0.0193,0.0193,0.0000,0.0179,0.0179,0.0179,0.0066,0.0004,17.8451
106.0005,0.0193,0.0193,0.0000,0.0179,0.0179,0.0179,0.0064,0.0004,17.5255
106.1001,0.0196,0.0196,0.0000,0.0179,0.0179,0.0179,0.0066,0.0004,17.6369
106.2002,0.0197,0.0197,0.0000,0.0179,0.0179,0.0179,0.0065,0.0005,17.0287
106.3000,0.0195,0.0195,0.0000,0.0179,0.0179,0.0179,0.0065,0.0005,16.6794
106.4002,0.0193,0.0193,0.0000,0.0179,0.0179,0.0179,0.0073,0.0005,17.0438
106.5001,0.0191,0.0191,0.0000,0.0179,0.0179,0.0179,0.0069,0.0005,16.9570
106.6002,0.0196,0.0196,0.0000,0.0179,0.0179,0.0179,0.0078,0.0005,17.2527
106.7005,0.0191,0.0191,0.0000,0.0179,0.0179,0.0179,0.0072,0.0005,17.8339
106.8003,0.0193,0.0193,0.0000,0.0179,0.0179,0.0179,0.0073,0.0005,18.8248
106.9002,0.0191,0.0191,0.0000,0.0179,0.0179,0.0179,0.0069,0.0005,18.3418
107.0011,0.0198,0.0198,0.0000,0.0179,0.0179,0.0179,0.0074,0.0005,18.4087
107.1002,0.0190,0.0190,0.0000,0.0179,0.0179,0.0179,0.0072,0.0005,17.2541
107.2003,0.0190,0.0190,0.0000,0.0179,0.0179,0.0179,0.0073,0.0005,17.0994
107.3007,0.0191,0.0191,0.0000,0.0179,0.0179,0.0179,0.0077,0.0005,16.6132
107.4003,0.0191,0.0191,0.0000,0.0179,0.0179,0.0179,0.0074,0.0005,15.2177
107.5002,0.0194,0.0194,0.0000,0.0179,0.0179,0.0179,0.0073,0.0005,14.6439
107.6001,0.0197,0.0197,0.0000,0.0179,0.0179,0.0179,0.0078,0.0005,14.9594
107.7069,0.0193,0.0193,0.0000,0.0179,0.0179,0.0179,0.0074,0.0005,14.7767
107.8003,0.0193,0.0193,0.0000,0.0179,0.0179,0.0179,0.0074,0.0005,14.7237
107.9009,0.0193,0.0193,0.0000,0.0179,0.0179,0.0179,0.0072,0.0006,15.3478
108.0002,0.0196,0.0196,0.0000,0.0179,0.0179,0.0179,0.0075,0.0006,15.3389
108.1004,0.0195,0.0195,0.0000,0.0179,0.0179,0.0179,0.0076,0.0006,14.9477
108.2002,0.0196,0.0196,0.0000,0.0179,0.0179,0.0179,0.0077,0.0006,15.3099
108.3002,0.0194,0.0194,0.0000,0.0179,0.0179,0.0179,0.0074,0.0006,15.3231
108.4002,0.0193,0.0193,0.0000,0.0179,0.0179,0.0179,0.0077,0.0006,15.4555
108.5002,0.0193,0.0193,0.0000,0.0179,0.0179,0.0179,0.0073,0.0006,14.7517
108.6001,0.0192,0.0192,0.0000,0.0179,0.0179,0.0179,0.0073,0.0006,15.1587
108.7001,0.0194,0.0194,0.0000,0.0179,0.0179,0.0179,0.0074,0.0006,15.6379
108.8001,0.0197,0.0197,0.0000,0.0179,0.0179,0.0179,0.0076,0.0006,14.7792
108.9001,0.0193,0.0193,0.0000,0.0179,0.0179,0.0179,0.0071,0.0006,14.3492
109.0009,0.0198,0.0198,0.0000,0.0179,0.0179,0.0179,0.0081,0.0006,15.6894
109.1003,0.0196,0.0196,0.0000,0.0179,0.0179,0.0179,0.0084,0.0006,16.0424
109.2072,0.0195,0.0195,0.0000,0.0179,0.0179,0.0179,0.0086,0.0006,15.2301
109.3002,0.0196,0.0196,0.0000,0.0179,0.0179,0.0179,0.0086,0.0006,16.4926
109.4002,0.0197,0.0197,0.0000,0.0179,0.0179,0.0179,0.0084,0.0006,16.4336
109.5027,0.0193,0.0193,0.0000,0.0179,0.0179,0.0179,0.0075,0.0006,17.6700
109.6002,0.0191,0.0191,0.0000,0.0179,0.0179,0.0179,0.0073,0.0005,16.4965
109.7002,0.0188,0.0188,0.0000,0.0179,0.0179,0.0179,0.0066,0.0005,15.1596
109.8002,0.0190,0.0190,0.0000,0.0179,0.0179,0.0179,0.0064,0.0005,14.1128
109.9002,0.0191,0.0191,0.0000,0.0179,0.0179,0.0179,0.0063,0.0005,14.9805
110.0001,0.0192,0.0192,0.0000,0.0179,0.0179,0.0179,0.0065,0.0005,15.0614
110.1001,0.0193,0.0193,0.0000,0.0179,0.0179,0.0179,0.0065,0.0005,15.0561
110.2027,0.0197,0.0197,0.0000,0.0179,0.0179,0.0179,0.0069,0.0005,15.5849
110.3002,0.0197,0.0197,0.0000,0.0179,0.0179,0.0179,0.0067,0.0005,15.3228
110.4002,0.0193,0.0193,0.0000,0.0179,0.0179,0.0179,0.0065,0.0005,15.9125
110.5015,0.0195,0.0195,0.0000,0.0179,0.0179,0.0179,0.0066,0.0005,15.4291
110.6017,0.0189,0.0189,0.0000,0.0179,0.0179,0.0179,0.0063,0.0005,16.8762
110.7001,0.0190,0.0190,0.0000,0.0179,0.0179,0.0179,0.0067,0.0005,16.1974
110.8018,0.0192,0.0192,0.0000,0.0179,0.0179,0.0179,0.0068,0.0005,16.2365
110.9026,0.0191,0.0191,0.0000,0.0179,0.0179,0.0179,0.0069,0.0005,15.4960
111.0002,0.0191,0.0191,0.0000,0.0179,0.0179,0.0179,0.0072,0.0005,15.5079
111.1027,0.0190,0.0190,0.0000,0.0179,0.0179,0.0179,0.0071,0.0005,15.6570
111.2001,0.0193,0.0193,0.0000,0.0179,0.0179,0.0179,0.0073,0.0005,15.3685
111.3002,0.0192,0.0192,0.0000,0.0179,0.0179,0.0179,0.0071,0.0005,15.2595
111.4002,0.0197,0.0197,0.0000,0.0179,0.0179,0.0179,0.0077,0.0005,15.5858
111.5001,0.0195,0.0195,0.0000,0.0179,0.0179,0.0179,0.0073,0.0005,14.3943
111.6010,0.0191,0.0191,0.0000,0.0179,0.0179,0.0179,0.0065,0.0005,15.6819
111.7002,0.0191,0.0191,0.0000,0.0179,0.0179,0.0179,0.0068,0.0005,15.4512
111.8048,0.0189,0.0189,0.0000,0.0179,0.0179,0.0179,0.0065,0.0005,14.8101
111.9002,0.0190,0.0190,0.0000,0.0179,0.0179,0.0179,0.0066,0.0005,14.9353
112.0001,0.0192,0.0192,0.0000,0.0179,0.0179,0.0179,0.0066,0.0004,14.6215
112.1002,0.0190,0.0190,0.0000,0.0179,0.0179,0.0179,0.0068,0.0004,15.0849
112.2001,0.0192,0.0192,0.0000,0.0179,0.0179,0.0179,0.0064,0.0004,14.0456
112.3001,0.0192,0.0192,0.0000,0.0179,0.0179,0.0179,0.0063,0.0004,15.3382
112.4012,0.0190,0.0190,0.0000,0.0179,0.0179,0.0179,0.0059,0.0004,15.2348
112.5001,0.0189,0.0189,0.0000,0.0179,0.0179,0.0179,0.0060,0.0004,14.8071
112.6002,0.0194,0.0194,0.0000,0.0179,0.0179,0.0179,0.0067,0.0004,15.8927
112.7029,0.0191,0.0191,0.0000,0.0179,0.0179,0.0179,0.0062,0.0004,15.4707
112.8001,0.0192,0.0192,0.0000,0.0179,0.0179,0.0179,0.0061,0.0004,15.3271
