time,true_dist,kf_dist,ekf_dist,pf_dist,kf_err,ekf_err,pf_err
5.4002,0.8485,0.8485,0.8485,0.8440,0.0000,0.0000,0.0045
5.5002,0.8485,0.8485,0.8485,0.8469,0.0000,0.0000,0.0017
5.6002,0.8485,0.8485,0.8485,0.8480,0.0000,0.0000,0.0005
5.7001,0.8485,0.8485,0.8485,0.8502,0.0000,0.0000,0.0017
5.8008,0.8485,0.8485,0.8485,0.8536,0.0000,0.0000,0.0050
5.9001,0.8485,0.8485,0.8485,0.8555,0.0000,0.0000,0.0070
6.0002,0.8485,0.8485,0.8485,0.8589,0.0000,0.0000,0.0104
6.1001,0.8485,0.8485,0.8485,0.8613,0.0000,0.0000,0.0128
6.2021,0.8485,0.8485,0.8485,0.8589,0.0000,0.0000,0.0104
6.3002,0.8485,0.8485,0.8485,0.8581,0.0000,0.0000,0.0095
6.4028,0.8485,0.8485,0.8485,0.8596,0.0000,0.0000,0.0110
6.5002,0.8485,0.8485,0.8485,0.8582,0.0000,0.0000,0.0097
6.6001,0.8485,0.8485,0.8485,0.8584,0.0000,0.0000,0.0098
6.7006,0.8485,0.8485,0.8485,0.8573,0.0000,0.0000,0.0087
6.8002,0.8485,0.8485,0.8485,0.8570,0.0000,0.0000,0.0085
6.9005,0.8485,0.8485,0.8485,0.8557,0.0000,0.0000,0.0071
7.0001,0.8485,0.8485,0.8485,0.8554,0.0000,0.0000,0.0069
7.1002,0.8485,0.8485,0.8485,0.8572,0.0000,0.0000,0.0086
7.2035,0.8485,0.8485,0.8485,0.8554,0.0000,0.0000,0.0069
7.3002,0.8485,0.8485,0.8485,0.8551,0.0000,0.0000,0.0066
7.4054,0.8485,0.8485,0.8485,0.8546,0.0000,0.0000,0.0061
7.5001,0.8485,0.8485,0.8485,0.8526,0.0000,0.0000,0.0041
7.6004,0.8485,0.8485,0.8485,0.8541,0.0000,0.0000,0.0055
7.7011,0.8485,0.8485,0.8485,0.8552,0.0000,0.0000,0.0067
7.8043,0.8485,0.8485,0.8485,0.8545,0.0000,0.0000,0.0060
7.9085,0.8485,0.8485,0.8485,0.8561,0.0000,0.0000,0.0076
8.0006,0.8485,0.8485,0.8485,0.8565,0.0000,0.0000,0.0080
8.1001,0.8485,0.8485,0.8485,0.8588,0.0000,0.0000,0.0102
8.2027,0.8485,0.8485,0.8485,0.8594,0.0000,0.0000,0.0109
8.3009,0.8485,0.8485,0.8485,0.8589,0.0000,0.0000,0.0104
8.4001,0.8485,0.8485,0.8485,0.8595,0.0000,0.0000,0.0110
8.5002,0.8485,0.8485,0.8485,0.8636,0.0000,0.0000,0.0151
8.6014,0.8485,0.8485,0.8485,0.8624,0.0000,0.0000,0.0138
8.7002,0.8485,0.8485,0.8485,0.8615,0.0000,0.0000,0.0130
8.8002,0.8485,0.8485,0.8485,0.8614,0.0000,0.0000,0.0129
8.9002,0.8485,0.8485,0.8485,0.8610,0.0000,0.0000,0.0125
9.0027,0.8485,0.8485,0.8485,0.8618,0.0000,0.0000,0.0133
9.1004,0.8485,0.8485,0.8485,0.8612,0.0000,0.0000,0.0127
9.2002,0.8485,0.8485,0.8485,0.8622,0.0000,0.0000,0.0136
9.3002,0.8485,0.8485,0.8485,0.8623,0.0000,0.0000,0.0138
9.4002,0.8485,0.8485,0.8485,0.8613,0.0000,0.0000,0.0128
9.5003,0.8485,0.8485,0.8485,0.8590,0.0000,0.0000,0.0104
9.6007,0.8485,0.8485,0.8485,0.8581,0.0000,0.0000,0.0096
9.7001,0.8485,0.8485,0.8485,0.8576,0.0000,0.0000,0.0090
9.8028,0.8485,0.8485,0.8485,0.8577,0.0000,0.0000,0.0091
9.9005,0.8485,0.8485,0.8485,0.8594,0.0000,0.0000,0.0108
10.0001,0.8485,0.8485,0.8485,0.8595,0.0000,0.0000,0.0110
10.1005,0.8485,0.8485,0.8485,0.8596,0.0000,0.0000,0.0110
10.2001,0.8485,0.8485,0.8485,0.8592,0.0000,0.0000,0.0107
10.3001,0.8485,0.8485,0.8485,0.8563,0.0000,0.0000,0.0078
10.4006,0.8485,0.8485,0.8485,0.8543,0.0000,0.0000,0.0058
10.5002,0.8485,0.8485,0.8485,0.8575,0.0000,0.0000,0.0090
10.6068,0.8485,0.8485,0.8485,0.8564,0.0000,0.0000,0.0078
10.7002,0.8485,0.8485,0.8485,0.8580,0.0000,0.0000,0.0095
10.8005,0.8485,0.8485,0.8485,0.8573,0.0000,0.0000,0.0088
10.9002,0.8485,0.8485,0.8485,0.8581,0.0000,0.0000,0.0095
11.0002,0.8485,0.8485,0.8485,0.8581,0.0000,0.0000,0.0095
11.1039,0.8485,0.8485,0.8485,0.8579,0.0000,0.0000,0.0094
11.2021,0.8485,0.8485,0.8485,0.8600,0.0000,0.0000,0.0114
11.3032,0.8485,0.8485,0.8485,0.8615,0.0000,0.0000,0.0129
11.4146,0.8485,0.8485,0.8485,0.8608,0.0000,0.0000,0.0122
11.5003,0.8485,0.8485,0.8485,0.8614,0.0000,0.0000,0.0129
11.6106,0.8485,0.8485,0.8485,0.8634,0.0000,0.0000,0.0149
11.7018,0.8485,0.8485,0.8485,0.8649,0.0000,0.0000,0.0164
11.8010,0.8485,0.8485,0.8485,0.8664,0.0000,0.0000,0.0179
11.9056,0.8485,0.8485,0.8485,0.8681,0.0000,0.0000,0.0195
12.0002,0.8485,0.8485,0.8485,0.8670,0.0000,0.0000,0.0184
12.1002,0.8485,0.8485,0.8485,0.8654,0.0000,0.0000,0.0169
12.2014,0.8485,0.8485,0.8485,0.8623,0.0000,0.0000,0.0138
12.3083,0.8485,0.8485,0.8485,0.8607,0.0000,0.0000,0.0122
12.4002,0.8485,0.8485,0.8485,0.8612,0.0000,0.0000,0.0127
12.5013,0.8485,0.8485,0.8485,0.8610,0.0000,0.0000,0.0125
12.6002,0.8485,0.8485,0.8485,0.8618,0.0000,0.0000,0.0133
12.7011,0.8485,0.8485,0.8485,0.8587,0.0000,0.0000,0.0102
12.8022,0.8485,0.8485,0.8485,0.8581,0.0000,0.0000,0.0096
12.9001,0.8485,0.8485,0.8485,0.8561,0.0000,0.0000,0.0076
13.0002,0.8485,0.8485,0.8485,0.8587,0.0000,0.0000,0.0101
13.1011,0.8485,0.8485,0.8485,0.8569,0.0000,0.0000,0.0084
13.2002,0.8485,0.8485,0.8485,0.8579,0.0000,0.0000,0.0093
13.3045,0.8485,0.8485,0.8485,0.8570,0.0000,0.0000,0.0085
13.4052,0.8485,0.8485,0.8485,0.8555,0.0000,0.0000,0.0069
13.5015,0.8485,0.8485,0.8485,0.8548,0.0000,0.0000,0.0062
13.6001,0.8485,0.8485,0.8485,0.8555,0.0000,0.0000,0.0070
13.7027,0.8485,0.8485,0.8485,0.8578,0.0000,0.0000,0.0093
13.8002,0.8485,0.8485,0.8485,0.8578,0.0000,0.0000,0.0093
13.9002,0.8485,0.8485,0.8485,0.8586,0.0000,0.0000,0.0101
14.0001,0.8485,0.8485,0.8485,0.8578,0.0000,0.0000,0.0093
14.1002,0.8485,0.8485,0.8485,0.8592,0.0000,0.0000,0.0107
14.2002,0.8485,0.8485,0.8485,0.8590,0.0000,0.0000,0.0104
14.3078,0.8485,0.8485,0.8485,0.8594,0.0000,0.0000,0.0109
14.4001,0.8485,0.8485,0.8485,0.8609,0.0000,0.0000,0.0124
14.5005,0.8485,0.8485,0.8485,0.8602,0.0000,0.0000,0.0116
14.6002,0.8485,0.8485,0.8485,0.8621,0.0000,0.0000,0.0135
14.7002,0.8485,0.8485,0.8485,0.8613,0.0000,0.0000,0.0128
14.8002,0.8485,0.8485,0.8485,0.8627,0.0000,0.0000,0.0141
14.9002,0.8485,0.8485,0.8485,0.8595,0.0000,0.0000,0.0110
15.0003,0.8485,0.8485,0.8451,0.8519,0.0000,0.0034,0.0033
15.1026,0.8480,0.8483,0.8397,0.8437,0.0003,0.0083,0.0043
15.2001,0.8473,0.8479,0.8372,0.8387,0.0006,0.0101,0.0085
15.3002,0.8450,0.8463,0.8355,0.8363,0.0013,0.0095,0.0087
15.4039,0.8435,0.8451,0.8336,0.8336,0.0016,0.0099,0.0099
15.5029,0.8396,0.8419,0.8313,0.8262,0.0023,0.0083,0.0135
15.6002,0.8354,0.8381,0.8291,0.8212,0.0027,0.0063,0.0143
15.7001,0.8313,0.8339,0.8257,0.8169,0.0027,0.0056,0.0144
15.8002,0.8251,0.8276,0.8202,0.8078,0.0025,0.0048,0.0173
15.9002,0.8210,0.8232,0.8156,0.8009,0.0023,0.0054,0.0200
16.0003,0.8169,0.8190,0.8121,0.7977,0.0022,0.0048,0.0192
16.1009,0.8128,0.8147,0.8080,0.7909,0.0019,0.0048,0.0219
16.2002,0.8108,0.8126,0.8058,0.7863,0.0019,0.0050,0.0245
16.3010,0.8048,0.8063,0.7997,0.7807,0.0016,0.0051,0.0241
16.4002,0.8008,0.8024,0.7966,0.7781,0.0017,0.0042,0.0227
16.5026,0.7968,0.7982,0.7923,0.7743,0.0014,0.0045,0.0225
16.6002,0.7929,0.7939,0.7875,0.7691,0.0010,0.0054,0.0238
16.7002,0.7890,0.7896,0.7829,0.7622,0.0006,0.0061,0.0268
16.8002,0.7870,0.7877,0.7807,0.7617,0.0007,0.0063,0.0253
16.9002,0.7832,0.7837,0.7770,0.7579,0.0006,0.0062,0.0252
17.0001,0.7793,0.7797,0.7727,0.7551,0.0004,0.0066,0.0242
17.1045,0.7755,0.7763,0.7707,0.7527,0.0008,0.0048,0.0228
17.2023,0.7717,0.7725,0.7670,0.7500,0.0008,0.0047,0.0217
17.3002,0.7680,0.7684,0.7625,0.7449,0.0005,0.0055,0.0230
17.4001,0.7624,0.7634,0.7590,0.7427,0.0010,0.0034,0.0197
17.5009,0.7587,0.7595,0.7550,0.7389,0.0009,0.0037,0.0198
17.6001,0.7550,0.7557,0.7516,0.7370,0.0007,0.0035,0.0180
17.7029,0.7514,0.7522,0.7478,0.7324,0.0008,0.0036,0.0190
17.8012,0.7478,0.7485,0.7443,0.7290,0.0007,0.0035,0.0188
17.9026,0.7425,0.7432,0.7392,0.7254,0.0007,0.0033,0.0171
18.0007,0.7389,0.7392,0.7349,0.7202,0.0003,0.0040,0.0187
18.1002,0.7355,0.7358,0.7314,0.7175,0.0003,0.0040,0.0180
18.2032,0.7320,0.7322,0.7277,0.7137,0.0002,0.0043,0.0183
18.3008,0.7303,0.7298,0.7243,0.7090,0.0004,0.0060,0.0213
18.4027,0.7252,0.7268,0.7207,0.7083,0.0016,0.0045,0.0169
18.5002,0.7218,0.7220,0.7176,0.7043,0.0002,0.0043,0.0175
18.6001,0.7185,0.7191,0.7153,0.7021,0.0005,0.0033,0.0165
18.7001,0.7152,0.7154,0.7111,0.6971,0.0002,0.0042,0.0181
18.8002,0.7120,0.7121,0.7077,0.6931,0.0001,0.0043,0.0189
18.9024,0.7104,0.7104,0.7060,0.6921,0.0000,0.0044,0.0183
19.0022,0.7072,0.7071,0.7027,0.6898,0.0000,0.0045,0.0174
19.1009,0.7040,0.7041,0.6997,0.6882,0.0001,0.0043,0.0158
19.2001,0.6994,0.6997,0.6958,0.6861,0.0003,0.0035,0.0132
19.3002,0.6963,0.6969,0.6937,0.6844,0.0006,0.0026,0.0119
19.4001,0.6918,0.6924,0.6895,0.6809,0.0007,0.0023,0.0109
19.5002,0.6888,0.6895,0.6866,0.6788,0.0006,0.0022,0.0101
19.6001,0.6859,0.6863,0.6831,0.6760,0.0004,0.0027,0.0099
19.7026,0.6830,0.6829,0.6791,0.6724,0.0001,0.0039,0.0106
19.8001,0.6787,0.6788,0.6756,0.6693,0.0001,0.0031,0.0095
19.9001,0.6760,0.6760,0.6726,0.6654,0.0000,0.0034,0.0106
20.0001,0.6732,0.6729,0.6692,0.6611,0.0003,0.0041,0.0121
20.1002,0.6719,0.6718,0.6685,0.6601,0.0000,0.0033,0.0118
20.2001,0.6692,0.6689,0.6652,0.6577,0.0003,0.0040,0.0115
20.3001,0.6665,0.6663,0.6626,0.6556,0.0002,0.0039,0.0109
20.4002,0.6640,0.6637,0.6600,0.6523,0.0002,0.0039,0.0117
20.5001,0.6614,0.6614,0.6582,0.6496,0.0000,0.0032,0.0118
20.6001,0.6577,0.6578,0.6548,0.6476,0.0001,0.0028,0.0101
20.7050,0.6552,0.6556,0.6530,0.6460,0.0003,0.0022,0.0092
20.8008,0.6529,0.6532,0.6507,0.6453,0.0003,0.0022,0.0075
20.9002,0.6505,0.6509,0.6486,0.6442,0.0004,0.0019,0.0063
21.0003,0.6471,0.6476,0.6455,0.6418,0.0005,0.0016,0.0053
21.1001,0.6438,0.6441,0.6419,0.6392,0.0003,0.0019,0.0046
21.2001,0.6406,0.6420,0.6400,0.6368,0.0014,0.0005,0.0037
21.3017,0.6385,0.6389,0.6371,0.6348,0.0004,0.0014,0.0037
21.4001,0.6355,0.6356,0.6336,0.6326,0.0001,0.0019,0.0029
21.5003,0.6335,0.6336,0.6317,0.6297,0.0001,0.0018,0.0039
21.6001,0.6316,0.6316,0.6296,0.6276,0.0001,0.0021,0.0040
21.7001,0.6289,0.6291,0.6274,0.6252,0.0002,0.0015,0.0037
21.8025,0.6271,0.6270,0.6252,0.6229,0.0001,0.0019,0.0041
21.9001,0.6245,0.6247,0.6232,0.6217,0.0002,0.0014,0.0028
22.0001,0.6221,0.6222,0.6208,0.6194,0.0001,0.0013,0.0027
22.1003,0.6205,0.6206,0.6193,0.6184,0.0001,0.0013,0.0021
22.2027,0.6190,0.6188,0.6172,0.6164,0.0002,0.0018,0.0027
22.3002,0.6176,0.6175,0.6160,0.6150,0.0001,0.0015,0.0026
22.4009,0.6162,0.6160,0.6144,0.6135,0.0002,0.0018,0.0027
22.5001,0.6149,0.6147,0.6131,0.6125,0.0001,0.0017,0.0023
22.6001,0.6136,0.6134,0.6119,0.6118,0.0002,0.0017,0.0018
22.7003,0.6123,0.6123,0.6108,0.6113,0.0001,0.0015,0.0010
22.8001,0.6118,0.6115,0.6099,0.6104,0.0002,0.0018,0.0013
22.9001,0.6101,0.6101,0.6088,0.6092,0.0000,0.0013,0.0009
23.0002,0.6090,0.6089,0.6077,0.6085,0.0001,0.0013,0.0005
23.1002,0.6080,0.6081,0.6070,0.6079,0.0000,0.0010,0.0001
23.2008,0.6071,0.6071,0.6060,0.6068,0.0000,0.0011,0.0003
23.3000,0.6058,0.6062,0.6049,0.6056,0.0005,0.0008,0.0002
23.4002,0.6050,0.6051,0.6043,0.6048,0.0001,0.0006,0.0002
23.5003,0.6039,0.6040,0.6033,0.6039,0.0001,0.0006,0.0000
23.6002,0.6032,0.6033,0.6027,0.6033,0.0001,0.0005,0.0001
23.7002,0.6024,0.6024,0.6020,0.6031,0.0001,0.0004,0.0008
23.8001,0.6016,0.6017,0.6014,0.6030,0.0001,0.0003,0.0013
23.9004,0.6014,0.6014,0.6009,0.6031,0.0001,0.0005,0.0017
24.0027,0.6009,0.6009,0.6006,0.6034,0.0000,0.0003,0.0026
24.1004,0.6006,0.6006,0.6003,0.6039,0.0000,0.0003,0.0033
24.2045,0.6003,0.6004,0.6002,0.6039,0.0000,0.0002,0.0035
24.3026,0.6002,0.6002,0.6001,0.6043,0.0000,0.0001,0.0041
24.4004,0.6000,0.6000,0.6000,0.6048,0.0000,0.0000,0.0048
24.5003,0.6000,0.6000,0.6001,0.6049,0.0000,0.0000,0.0049
24.6003,0.6001,0.6001,0.6002,0.6057,0.0000,0.0001,0.0056
24.7011,0.6002,0.6002,0.6004,0.6060,0.0000,0.0002,0.0058
24.8010,0.6005,0.6005,0.6008,0.6068,0.0000,0.0003,0.0063
24.9001,0.6008,0.6008,0.6011,0.6075,0.0000,0.0003,0.0067
25.0027,0.6011,0.6011,0.6016,0.6086,0.0000,0.0005,0.0075
25.1002,0.6015,0.6015,0.6020,0.6094,0.0000,0.0004,0.0079
25.2002,0.6020,0.6020,0.6025,0.6102,0.0000,0.0006,0.0082
25.3038,0.6028,0.6028,0.6034,0.6113,0.0000,0.0007,0.0086
25.4007,0.6034,0.6034,0.6041,0.6120,0.0000,0.0007,0.0086
25.5001,0.6044,0.6044,0.6052,0.6136,0.0000,0.0008,0.0092
25.6002,0.6051,0.6051,0.6058,0.6144,0.0000,0.0006,0.0093
25.7002,0.6064,0.6064,0.6074,0.6166,0.0000,0.0010,0.0102
25.8002,0.6073,0.6073,0.6083,0.6179,0.0000,0.0010,0.0106
25.9020,0.6082,0.6083,0.6093,0.6195,0.0001,0.0011,0.0112
26.0009,0.6092,0.6093,0.6107,0.6209,0.0001,0.0014,0.0116
26.1012,0.6109,0.6109,0.6121,0.6230,0.0000,0.0013,0.0122
26.2001,0.6120,0.6120,0.6134,0.6249,0.0000,0.0014,0.0129
26.3005,0.6132,0.6133,0.6146,0.6261,0.0000,0.0014,0.0129
26.4006,0.6145,0.6145,0.6160,0.6286,0.0000,0.0015,0.0141
26.5002,0.6158,0.6158,0.6173,0.6301,0.0000,0.0015,0.0143
26.6048,0.6172,0.6171,0.6185,0.6316,0.0001,0.0013,0.0144
26.7001,0.6186,0.6187,0.6205,0.6342,0.0001,0.0019,0.0155
26.8003,0.6209,0.6208,0.6223,0.6364,0.0001,0.0014,0.0155
26.9002,0.6225,0.6225,0.6243,0.6389,0.0000,0.0019,0.0165
27.0001,0.6241,0.6243,0.6266,0.6445,0.0003,0.0026,0.0204
27.1002,0.6258,0.6260,0.6283,0.6466,0.0002,0.0025,0.0209
27.2002,0.6275,0.6276,0.6298,0.6497,0.0001,0.0023,0.0222
27.3002,0.6293,0.6292,0.6312,0.6506,0.0000,0.0020,0.0213
27.4001,0.6320,0.6319,0.6341,0.6527,0.0001,0.0021,0.0206
27.5009,0.6339,0.6339,0.6362,0.6548,0.0000,0.0022,0.0209
27.6000,0.6369,0.6358,0.6379,0.6565,0.0011,0.0010,0.0196
27.7002,0.6390,0.6389,0.6410,0.6584,0.0001,0.0020,0.0195
27.8002,0.6421,0.6418,0.6438,0.6618,0.0003,0.0017,0.0197
27.9002,0.6443,0.6442,0.6464,0.6644,0.0001,0.0022,0.0201
28.0003,0.6465,0.6466,0.6492,0.6660,0.0001,0.0027,0.0196
28.1006,0.6487,0.6489,0.6516,0.6674,0.0002,0.0029,0.0187
28.2026,0.6510,0.6509,0.6534,0.6701,0.0001,0.0024,0.0191
28.3002,0.6534,0.6535,0.6564,0.6745,0.0001,0.0030,0.0211
28.4001,0.6558,0.6558,0.6584,0.6761,0.0000,0.0026,0.0203
28.5002,0.6582,0.6585,0.6616,0.6785,0.0003,0.0034,0.0203
28.6001,0.6620,0.6620,0.6648,0.6819,0.0000,0.0029,0.0199
28.7001,0.6645,0.6644,0.6672,0.6849,0.0001,0.0027,0.0204
28.8002,0.6671,0.6670,0.6699,0.6869,0.0001,0.0027,0.0198
28.9002,0.6698,0.6699,0.6731,0.6918,0.0001,0.0033,0.0220
29.0002,0.6738,0.6737,0.6766,0.6971,0.0001,0.0028,0.0232
29.1001,0.6766,0.6766,0.6798,0.6998,0.0000,0.0032,0.0232
29.2103,0.6794,0.6793,0.6824,0.7028,0.0001,0.0031,0.0234
29.3043,0.6822,0.6822,0.6853,0.7064,0.0000,0.0031,0.0242
29.4047,0.6865,0.6865,0.6895,0.7135,0.0001,0.0029,0.0269
29.5002,0.6895,0.6893,0.6926,0.7172,0.0002,0.0032,0.0277
29.6001,0.6925,0.6924,0.6956,0.7202,0.0001,0.0031,0.0278
29.7002,0.6970,0.6968,0.6998,0.7242,0.0002,0.0028,0.0272
29.8002,0.7001,0.7002,0.7038,0.7288,0.0001,0.0037,0.0288
29.9001,0.7032,0.7033,0.7070,0.7300,0.0001,0.0038,0.0268
30.0002,0.7063,0.7064,0.7101,0.7336,0.0001,0.0038,0.0273
30.1070,0.7095,0.7095,0.7129,0.7364,0.0000,0.0034,0.0269
30.2001,0.7127,0.7131,0.7175,0.7405,0.0004,0.0048,0.0278
30.3001,0.7160,0.7162,0.7203,0.7449,0.0002,0.0043,0.0289
30.4024,0.7193,0.7192,0.7231,0.7467,0.0000,0.0039,0.0274
30.5002,0.7226,0.7223,0.7259,0.7494,0.0003,0.0033,0.0268
30.6001,0.7277,0.7274,0.7312,0.7541,0.0002,0.0036,0.0265
30.7001,0.7311,0.7309,0.7349,0.7565,0.0001,0.0038,0.0254
30.8006,0.7362,0.7343,0.7379,0.7575,0.0019,0.0017,0.0212
30.9027,0.7397,0.7399,0.7418,0.7628,0.0001,0.0020,0.0231
31.0001,0.7415,0.7418,0.7462,0.7688,0.0003,0.0047,0.0273
31.1002,0.7450,0.7454,0.7502,0.7736,0.0004,0.0052,0.0285
31.2004,0.7486,0.7489,0.7535,0.7761,0.0003,0.0049,0.0275
31.3000,0.7522,0.7527,0.7580,0.7795,0.0005,0.0058,0.0272
31.4002,0.7558,0.7558,0.7605,0.7820,0.0000,0.0046,0.0262
31.5001,0.7595,0.7594,0.7642,0.7858,0.0001,0.0047,0.0263
31.6002,0.7651,0.7647,0.7689,0.7907,0.0004,0.0038,0.0256
31.7002,0.7688,0.7683,0.7723,0.7940,0.0005,0.0035,0.0252
31.8001,0.7726,0.7722,0.7762,0.7976,0.0004,0.0037,0.0250
31.9004,0.7783,0.7763,0.7806,0.8020,0.0020,0.0023,0.0238
32.0002,0.7821,0.7818,0.7861,0.8076,0.0003,0.0040,0.0255
32.1007,0.7860,0.7854,0.7894,0.8121,0.0005,0.0035,0.0261
32.2001,0.7898,0.7897,0.7941,0.8156,0.0001,0.0043,0.0257
32.3002,0.7938,0.7938,0.7985,0.8187,0.0000,0.0047,0.0250
32.4002,0.7997,0.7993,0.8035,0.8208,0.0004,0.0038,0.0211
32.5001,0.8037,0.8037,0.8084,0.8246,0.0000,0.0047,0.0209
32.6001,0.8077,0.8078,0.8127,0.8286,0.0002,0.0050,0.0210
32.7001,0.8117,0.8119,0.8169,0.8342,0.0002,0.0052,0.0225
32.8002,0.8178,0.8175,0.8218,0.8406,0.0003,0.0040,0.0228
32.9002,0.8219,0.8219,0.8266,0.8467,0.0000,0.0047,0.0248
33.0017,0.8260,0.8266,0.8320,0.8528,0.0006,0.0060,0.0269
33.1002,0.8301,0.8302,0.8351,0.8588,0.0000,0.0050,0.0286
33.2001,0.8343,0.8342,0.8390,0.8619,0.0001,0.0047,0.0276
33.3001,0.8406,0.8380,0.8452,0.8661,0.0025,0.0047,0.0255
33.4010,0.8448,0.8443,0.8485,0.8748,0.0005,0.0038,0.0300
33.5017,0.8490,0.8490,0.8541,0.8822,0.0000,0.0051,0.0332
33.6023,0.8554,0.8548,0.8587,0.8871,0.0006,0.0033,0.0317
33.7006,0.8597,0.8589,0.8627,0.8909,0.0008,0.0030,0.0312
33.8001,0.8662,0.8656,0.8696,0.8973,0.0005,0.0034,0.0312
33.9001,0.8705,0.8704,0.8749,0.9022,0.0001,0.0044,0.0317
34.0002,0.8770,0.8767,0.8810,0.9085,0.0003,0.0040,0.0315
34.1004,0.8814,0.8816,0.8862,0.9137,0.0002,0.0048,0.0323
34.2002,0.8880,0.8877,0.8920,0.9197,0.0003,0.0040,0.0317
34.3007,0.8925,0.8930,0.8982,0.9222,0.0005,0.0058,0.0298
34.4024,0.8947,0.8950,0.9000,0.9288,0.0004,0.0053,0.0341
34.5003,0.9014,0.9017,0.9055,0.9339,0.0003,0.0041,0.0325
34.6001,0.9059,0.9040,0.9092,0.9365,0.0019,0.0034,0.0307
34.7002,0.9104,0.9107,0.9164,0.9435,0.0003,0.0061,0.0331
34.8001,0.9126,0.9130,0.9189,0.9464,0.0004,0.0062,0.0338
34.9002,0.9194,0.9194,0.9250,0.9551,0.0001,0.0055,0.0357
35.0001,0.9240,0.9239,0.9290,0.9614,0.0001,0.0050,0.0374
35.1001,0.9286,0.9285,0.9341,0.9679,0.0000,0.0055,0.0394
35.2036,0.9331,0.9333,0.9387,0.9706,0.0002,0.0056,0.0375
35.3002,0.9401,0.9395,0.9442,0.9738,0.0006,0.0041,0.0338
35.4002,0.9447,0.9441,0.9489,0.9772,0.0006,0.0042,0.0326
35.5003,0.9517,0.9511,0.9556,0.9791,0.0005,0.0039,0.0274
35.6003,0.9563,0.9560,0.9605,0.9830,0.0003,0.0042,0.0267
35.7001,0.9633,0.9628,0.9673,0.9904,0.0006,0.0039,0.0270
35.8038,0.9680,0.9677,0.9723,0.9940,0.0003,0.0042,0.0260
35.9010,0.9728,0.9725,0.9773,0.9977,0.0003,0.0045,0.0249
36.0003,0.9775,0.9773,0.9821,1.0047,0.0002,0.0047,0.0273
36.1001,0.9846,0.9850,0.9904,1.0125,0.0004,0.0058,0.0279
36.2002,0.9894,0.9891,0.9938,1.0177,0.0003,0.0044,0.0283
36.3001,0.9941,0.9947,1.0006,1.0263,0.0006,0.0064,0.0321
36.4001,0.9989,0.9992,1.0045,1.0321,0.0003,0.0056,0.0332
36.5005,1.0037,1.0042,1.0103,1.0432,0.0005,0.0066,0.0394
36.6006,1.0110,1.0110,1.0164,1.0505,0.0000,0.0055,0.0396
36.7066,1.0158,1.0157,1.0212,1.0531,0.0001,0.0054,0.0372
36.8002,1.0207,1.0203,1.0253,1.0559,0.0003,0.0047,0.0353
36.9004,1.0255,1.0255,1.0309,1.0638,0.0000,0.0054,0.0382
37.0001,1.0304,1.0305,1.0363,1.0683,0.0001,0.0059,0.0379
37.1002,1.0353,1.0359,1.0423,1.0737,0.0006,0.0071,0.0384
37.2002,1.0402,1.0399,1.0454,1.0779,0.0002,0.0053,0.0377
37.3001,1.0451,1.0451,1.0509,1.0828,0.0000,0.0058,0.0377
37.4010,1.0500,1.0500,1.0565,1.0863,0.0000,0.0065,0.0363
37.5026,1.0574,1.0573,1.0628,1.0917,0.0001,0.0054,0.0343
37.6001,1.0623,1.0621,1.0676,1.0986,0.0002,0.0053,0.0362
37.7004,1.0673,1.0668,1.0720,1.1024,0.0005,0.0047,0.0351
37.8001,1.0747,1.0744,1.0799,1.1092,0.0003,0.0051,0.0344
37.9002,1.0797,1.0792,1.0842,1.1118,0.0006,0.0045,0.0321
38.0002,1.0872,1.0863,1.0909,1.1160,0.0010,0.0036,0.0288
38.1001,1.0922,1.0920,1.0973,1.1248,0.0002,0.0051,0.0325
38.2002,1.0998,1.0994,1.1046,1.1340,0.0004,0.0048,0.0342
38.3017,1.1048,1.1045,1.1095,1.1426,0.0003,0.0047,0.0378
38.4002,1.1098,1.1102,1.1160,1.1511,0.0003,0.0062,0.0413
38.5034,1.1149,1.1148,1.1203,1.1570,0.0001,0.0054,0.0421
38.6001,1.1200,1.1197,1.1254,1.1623,0.0002,0.0055,0.0424
38.7002,1.1250,1.1249,1.1306,1.1689,0.0001,0.0056,0.0438
38.8016,1.1327,1.1325,1.1378,1.1736,0.0001,0.0051,0.0410
38.9001,1.1377,1.1376,1.1430,1.1772,0.0001,0.0052,0.0394
39.0002,1.1428,1.1427,1.1480,1.1831,0.0002,0.0052,0.0402
39.1017,1.1505,1.1502,1.1537,1.1921,0.0003,0.0032,0.0416
39.2039,1.1531,1.1531,1.1586,1.1956,0.0000,0.0055,0.0425
39.3002,1.1582,1.1584,1.1648,1.1997,0.0002,0.0066,0.0415
39.4001,1.1659,1.1660,1.1720,1.2080,0.0001,0.0061,0.0421
39.5004,1.1711,1.1711,1.1770,1.2122,0.0001,0.0060,0.0412
39.6003,1.1762,1.1759,1.1811,1.2154,0.0004,0.0049,0.0392
39.7019,1.1814,1.1816,1.1879,1.2222,0.0002,0.0065,0.0408
39.8002,1.1840,1.1843,1.1906,1.2237,0.0004,0.0067,0.0397
39.9003,1.1917,1.1915,1.1974,1.2319,0.0002,0.0057,0.0401
40.0001,1.1969,1.1967,1.2025,1.2369,0.0002,0.0056,0.0400
40.1002,1.2021,1.2019,1.2079,1.2428,0.0002,0.0058,0.0407
40.2033,1.2073,1.2070,1.2127,1.2439,0.0004,0.0054,0.0366
40.3002,1.2151,1.2128,1.2213,1.2553,0.0023,0.0062,0.0401
40.4007,1.2204,1.2201,1.2265,1.2601,0.0002,0.0061,0.0398
40.5001,1.2256,1.2257,1.2322,1.2664,0.0001,0.0066,0.0408
40.6045,1.2308,1.2311,1.2381,1.2713,0.0003,0.0073,0.0405
40.7001,1.2361,1.2357,1.2417,1.2773,0.0004,0.0056,0.0412
40.8003,1.2439,1.2434,1.2490,1.2814,0.0005,0.0050,0.0374
40.9003,1.2492,1.2489,1.2549,1.2892,0.0003,0.0057,0.0400
41.0002,1.2545,1.2546,1.2610,1.2918,0.0001,0.0065,0.0373
41.1002,1.2597,1.2598,1.2658,1.2992,0.0000,0.0060,0.0394
41.2002,1.2650,1.2654,1.2721,1.3078,0.0004,0.0071,0.0428
41.3001,1.2703,1.2705,1.2772,1.3126,0.0002,0.0069,0.0423
41.4016,1.2756,1.2759,1.2825,1.3196,0.0003,0.0069,0.0440
41.5010,1.2835,1.2830,1.2887,1.3252,0.0005,0.0052,0.0416
41.6001,1.2915,1.2908,1.2959,1.3294,0.0007,0.0044,0.0379
41.7002,1.2968,1.2962,1.3015,1.3322,0.0006,0.0047,0.0353
41.8006,1.3048,1.3045,1.3097,1.3336,0.0003,0.0048,0.0288
41.9002,1.3101,1.3097,1.3153,1.3390,0.0005,0.0052,0.0289
42.0002,1.3181,1.3174,1.3221,1.3456,0.0007,0.0039,0.0275
42.1004,1.3235,1.3236,1.3292,1.3550,0.0001,0.0057,0.0315
42.2009,1.3288,1.3286,1.3341,1.3612,0.0002,0.0052,0.0324
42.3002,1.3342,1.3345,1.3403,1.3690,0.0003,0.0061,0.0348
42.4107,1.3396,1.3396,1.3451,1.3735,0.0000,0.0056,0.0339
42.5001,1.3476,1.3474,1.3531,1.3849,0.0002,0.0055,0.0373
42.6001,1.3530,1.3535,1.3602,1.3916,0.0005,0.0072,0.0386
42.7002,1.3584,1.3583,1.3642,1.3972,0.0000,0.0058,0.0388
42.8056,1.3638,1.3641,1.3704,1.4014,0.0003,0.0066,0.0377
42.9002,1.3691,1.3691,1.3750,1.4085,0.0001,0.0058,0.0393
43.0002,1.3745,1.3747,1.3812,1.4169,0.0002,0.0066,0.0424
43.1001,1.3826,1.3827,1.3888,1.4244,0.0000,0.0062,0.0417
43.2002,1.3881,1.3881,1.3943,1.4355,0.0000,0.0063,0.0474
43.3002,1.3935,1.3930,1.3985,1.4377,0.0005,0.0050,0.0442
43.4002,1.4016,1.4010,1.4063,1.4451,0.0006,0.0047,0.0435
43.5054,1.4070,1.4064,1.4118,1.4506,0.0006,0.0048,0.0436
43.6030,1.4124,1.4122,1.4179,1.4567,0.0002,0.0055,0.0443
43.7002,1.4206,1.4197,1.4245,1.4595,0.0009,0.0039,0.0389
43.8002,1.4260,1.4259,1.4317,1.4643,0.0001,0.0056,0.0383
43.9001,1.4315,1.4320,1.4392,1.4692,0.0005,0.0077,0.0377
44.0020,1.4397,1.4392,1.4443,1.4777,0.0004,0.0046,0.0381
44.1027,1.4451,1.4448,1.4499,1.4822,0.0004,0.0048,0.0371
44.2001,1.4506,1.4506,1.4565,1.4878,0.0000,0.0060,0.0372
44.3003,1.4560,1.4562,1.4623,1.4958,0.0001,0.0062,0.0398
44.4036,1.4615,1.4618,1.4682,1.5043,0.0003,0.0067,0.0428
44.5002,1.4670,1.4670,1.4729,1.5104,0.0000,0.0059,0.0434
44.6002,1.4725,1.4724,1.4785,1.5165,0.0001,0.0061,0.0440
44.7001,1.4779,1.4778,1.4839,1.5233,0.0002,0.0059,0.0454
44.8002,1.4862,1.4861,1.4922,1.5326,0.0001,0.0061,0.0464
44.9004,1.4917,1.4922,1.4991,1.5401,0.0005,0.0075,0.0484
45.0002,1.4972,1.4973,1.5034,1.5441,0.0001,0.0062,0.0469
45.1002,1.5027,1.5025,1.5088,1.5517,0.0002,0.0061,0.0490
45.2008,1.5082,1.5084,1.5151,1.5585,0.0002,0.0069,0.0504
45.3002,1.5137,1.5140,1.5211,1.5676,0.0004,0.0075,0.0539
45.4108,1.5192,1.5196,1.5267,1.5740,0.0004,0.0075,0.0549
45.5021,1.5247,1.5250,1.5320,1.5818,0.0003,0.0073,0.0571
45.6002,1.5302,1.5295,1.5353,1.5827,0.0007,0.0051,0.0525
45.7002,1.5385,1.5379,1.5440,1.5870,0.0006,0.0055,0.0485
45.8020,1.5468,1.5463,1.5520,1.5914,0.0005,0.0052,0.0447
45.9003,1.5523,1.5521,1.5577,1.5940,0.0002,0.0054,0.0417
46.0004,1.5579,1.5574,1.5632,1.6003,0.0005,0.0054,0.0425
46.1001,1.5662,1.5657,1.5712,1.6071,0.0005,0.0050,0.0409
46.2001,1.5717,1.5721,1.5789,1.6149,0.0004,0.0072,0.0432
46.3001,1.5773,1.5775,1.5841,1.6219,0.0003,0.0068,0.0447
46.4004,1.5828,1.5832,1.5899,1.6255,0.0004,0.0071,0.0427
46.5001,1.5884,1.5888,1.5957,1.6312,0.0004,0.0073,0.0428
46.6001,1.5939,1.5937,1.5998,1.6336,0.0002,0.0059,0.0396
46.7001,1.5995,1.5990,1.6047,1.6386,0.0005,0.0052,0.0391
46.8001,1.6078,1.6080,1.6147,1.6485,0.0002,0.0069,0.0406
46.9026,1.6134,1.6132,1.6193,1.6524,0.0002,0.0059,0.0390
47.0002,1.6190,1.6185,1.6244,1.6571,0.0005,0.0054,0.0382
47.1003,1.6273,1.6273,1.6337,1.6636,0.0000,0.0064,0.0362
47.2001,1.6329,1.6327,1.6387,1.6695,0.0002,0.0058,0.0366
47.3003,1.6385,1.6385,1.6447,1.6760,0.0000,0.0062,0.0375
47.4003,1.6469,1.6466,1.6526,1.6844,0.0002,0.0057,0.0376
47.5028,1.6497,1.6505,1.6578,1.6949,0.0008,0.0082,0.0452
47.6018,1.6580,1.6580,1.6623,1.7007,0.0000,0.0042,0.0427
47.7002,1.6636,1.6634,1.6692,1.7051,0.0002,0.0056,0.0414
47.8023,1.6692,1.6689,1.6748,1.7080,0.0003,0.0056,0.0388
47.9001,1.6748,1.6751,1.6820,1.7141,0.0003,0.0071,0.0392
48.0001,1.6832,1.6830,1.6889,1.7243,0.0003,0.0057,0.0411
48.1001,1.6860,1.6867,1.6943,1.7305,0.0007,0.0082,0.0444
48.2002,1.6945,1.6941,1.6998,1.7376,0.0004,0.0054,0.0432
48.3002,1.7001,1.7002,1.7066,1.7457,0.0001,0.0065,0.0456
48.4002,1.7085,1.7078,1.7110,1.7522,0.0007,0.0025,0.0437
48.5005,1.7141,1.7138,1.7196,1.7603,0.0003,0.0055,0.0462
48.6004,1.7197,1.7192,1.7246,1.7666,0.0006,0.0048,0.0468
48.7026,1.7282,1.7271,1.7321,1.7743,0.0011,0.0040,0.0462
48.8003,1.7338,1.7330,1.7380,1.7788,0.0008,0.0042,0.0450
48.9003,1.7394,1.7394,1.7458,1.7868,0.0000,0.0063,0.0474
49.0003,1.7451,1.7447,1.7503,1.7908,0.0004,0.0053,0.0458
49.1002,1.7507,1.7511,1.7578,1.8006,0.0004,0.0071,0.0499
49.2001,1.7592,1.7592,1.7654,1.8094,0.0000,0.0063,0.0503
49.3002,1.7648,1.7648,1.7712,1.8178,0.0000,0.0064,0.0530
49.4027,1.7704,1.7700,1.7758,1.8220,0.0005,0.0054,0.0516
49.5003,1.7789,1.7787,1.7846,1.8268,0.0002,0.0057,0.0479
49.6002,1.7846,1.7847,1.7911,1.8318,0.0002,0.0065,0.0472
49.7012,1.7902,1.7899,1.7958,1.8370,0.0003,0.0056,0.0468
49.8026,1.7959,1.7957,1.8019,1.8411,0.0001,0.0060,0.0452
49.9001,1.8015,1.8015,1.8081,1.8508,0.0000,0.0065,0.0492
50.0005,1.8072,1.8072,1.8137,1.8542,0.0000,0.0065,0.0470
50.1001,1.8128,1.8133,1.8204,1.8634,0.0005,0.0075,0.0506
50.2014,1.8185,1.8185,1.8253,1.8709,0.0000,0.0068,0.0524
50.3001,1.8242,1.8248,1.8323,1.8788,0.0007,0.0081,0.0546
50.4066,1.8298,1.8297,1.8362,1.8805,0.0002,0.0064,0.0507
50.5002,1.8355,1.8358,1.8436,1.8861,0.0003,0.0081,0.0505
50.6002,1.8412,1.8416,1.8490,1.8898,0.0004,0.0078,0.0486
50.7001,1.8497,1.8492,1.8557,1.8969,0.0005,0.0060,0.0472
50.8002,1.8554,1.8548,1.8608,1.8989,0.0006,0.0054,0.0435
50.9002,1.8610,1.8612,1.8685,1.9096,0.0002,0.0074,0.0485
51.0003,1.8667,1.8668,1.8735,1.9166,0.0001,0.0068,0.0499
51.1014,1.8724,1.8724,1.8795,1.9213,0.0001,0.0071,0.0489
51.2016,1.8781,1.8775,1.8836,1.9253,0.0006,0.0055,0.0472
51.3033,1.8838,1.8835,1.8900,1.9334,0.0003,0.0062,0.0496
51.4008,1.8923,1.8917,1.8974,1.9367,0.0006,0.0051,0.0444
51.5002,1.8980,1.8975,1.9038,1.9425,0.0005,0.0058,0.0445
51.6028,1.9037,1.9034,1.9097,1.9481,0.0003,0.0060,0.0444
51.7001,1.9122,1.9117,1.9177,1.9554,0.0005,0.0055,0.0432
51.8001,1.9179,1.9175,1.9238,1.9621,0.0005,0.0059,0.0441
51.9001,1.9236,1.9235,1.9299,1.9668,0.0001,0.0063,0.0432
52.0001,1.9293,1.9295,1.9367,1.9755,0.0002,0.0074,0.0462
52.1001,1.9350,1.9348,1.9412,1.9807,0.0002,0.0062,0.0457
52.2001,1.9408,1.9405,1.9470,1.9854,0.0002,0.0062,0.0447
52.3005,1.9493,1.9487,1.9542,1.9896,0.0007,0.0049,0.0403
52.4001,1.9550,1.9546,1.9606,1.9963,0.0005,0.0056,0.0412
52.5001,1.9636,1.9630,1.9687,2.0016,0.0006,0.0051,0.0380
52.6001,1.9693,1.9688,1.9746,2.0063,0.0005,0.0053,0.0370
52.7002,1.9750,1.9742,1.9797,2.0122,0.0008,0.0046,0.0372
52.8050,1.9807,1.9805,1.9865,2.0162,0.0002,0.0058,0.0355
52.9001,1.9865,1.9874,1.9952,2.0246,0.0010,0.0087,0.0381
53.0009,1.9922,1.9922,1.9987,2.0292,0.0000,0.0065,0.0371
53.1001,1.9960,1.9984,1.9981,2.0244,0.0023,0.0020,0.0284
53.2026,1.9960,1.9990,1.9969,2.0169,0.0030,0.0008,0.0208
53.3001,1.9960,1.9996,1.9964,2.0117,0.0036,0.0003,0.0157
53.4003,1.9960,1.9995,1.9961,2.0077,0.0034,0.0001,0.0117
53.5002,1.9960,1.9988,1.9961,2.0021,0.0028,0.0000,0.0060
53.6001,1.9960,1.9990,1.9960,1.9993,0.0030,0.0000,0.0033
53.7001,1.9960,1.9984,1.9960,1.9967,0.0023,0.0000,0.0006
53.8006,1.9960,1.9986,1.9960,1.9937,0.0025,0.0000,0.0023
53.9001,1.9960,1.9983,1.9960,1.9960,0.0023,0.0000,0.0001
54.0008,1.9960,1.9984,1.9960,1.9973,0.0023,0.0000,0.0013
54.1003,1.9960,1.9982,1.9960,1.9972,0.0022,0.0000,0.0011
54.2025,1.9960,1.9976,1.9960,1.9940,0.0016,0.0000,0.0021
54.3019,1.9960,1.9976,1.9960,1.9935,0.0015,0.0000,0.0026
54.4001,1.9960,1.9973,1.9960,1.9929,0.0013,0.0000,0.0032
54.5003,1.9960,1.9974,1.9960,1.9898,0.0014,0.0000,0.0062
54.6048,1.9960,1.9970,1.9960,1.9921,0.0009,0.0000,0.0039
54.7004,1.9960,1.9969,1.9960,1.9925,0.0009,0.0000,0.0036
54.8002,1.9960,1.9969,1.9960,1.9932,0.0009,0.0000,0.0028
54.9016,1.9960,1.9969,1.9960,1.9924,0.0009,0.0000,0.0036
55.0001,1.9960,1.9969,1.9960,1.9924,0.0009,0.0000,0.0037
55.1001,1.9960,1.9967,1.9960,1.9920,0.0007,0.0000,0.0040
55.2002,1.9960,1.9966,1.9960,1.9891,0.0006,0.0000,0.0070
55.3013,1.9960,1.9966,1.9960,1.9871,0.0006,0.0000,0.0089
55.4002,1.9960,1.9965,1.9960,1.9870,0.0005,0.0000,0.0091
55.5002,1.9960,1.9964,1.9960,1.9872,0.0004,0.0000,0.0089
55.6042,1.9960,1.9964,1.9960,1.9854,0.0004,0.0000,0.0106
55.7001,1.9960,1.9964,1.9960,1.9833,0.0003,0.0000,0.0127
55.8003,1.9960,1.9963,1.9960,1.9806,0.0003,0.0000,0.0155
55.9001,1.9960,1.9963,1.9960,1.9800,0.0003,0.0000,0.0160
56.0001,1.9960,1.9963,1.9960,1.9818,0.0003,0.0000,0.0143
56.1002,1.9960,1.9963,1.9960,1.9851,0.0002,0.0000,0.0110
56.2001,1.9960,1.9963,1.9960,1.9904,0.0002,0.0000,0.0056
56.3150,1.9960,1.9962,1.9960,1.9956,0.0002,0.0000,0.0005
56.4013,1.9960,1.9962,1.9960,2.0022,0.0002,0.0000,0.0062
56.5001,1.9960,1.9962,1.9960,2.0055,0.0001,0.0000,0.0095
56.6002,1.9960,1.9962,1.9960,2.0087,0.0001,0.0000,0.0127
56.7001,1.9960,1.9961,1.9960,2.0109,0.0001,0.0000,0.0149
56.8001,1.9960,1.9961,1.9960,2.0151,0.0001,0.0000,0.0191
56.9014,1.9960,1.9961,1.9960,2.0146,0.0001,0.0000,0.0185
57.0002,1.9960,1.9961,1.9960,2.0150,0.0001,0.0000,0.0190
57.1001,1.9960,1.9961,1.9960,2.0162,0.0001,0.0000,0.0202
57.2001,1.9960,1.9961,1.9960,2.0160,0.0001,0.0000,0.0200
57.3002,1.9960,1.9961,1.9960,2.0160,0.0001,0.0000,0.0200
57.4001,1.9960,1.9961,1.9960,2.0181,0.0001,0.0000,0.0221
57.5001,1.9960,1.9961,1.9960,2.0190,0.0001,0.0000,0.0229
57.6001,1.9960,1.9961,1.9960,2.0199,0.0000,0.0000,0.0239
57.7016,1.9960,1.9961,1.9960,2.0217,0.0000,0.0000,0.0257
57.8008,1.9960,1.9961,1.9960,2.0198,0.0000,0.0000,0.0237
57.9002,1.9960,1.9961,1.9960,2.0177,0.0000,0.0000,0.0216
58.0002,1.9960,1.9961,1.9960,2.0140,0.0000,0.0000,0.0180
58.1003,1.9960,1.9961,1.9960,2.0114,0.0000,0.0000,0.0153
58.2003,1.9960,1.9961,1.9960,2.0102,0.0000,0.0000,0.0142
58.3041,1.9960,1.9961,1.9960,2.0119,0.0000,0.0000,0.0158
58.4003,1.9960,1.9961,1.9960,2.0118,0.0000,0.0000,0.0158
58.5002,1.9960,1.9960,1.9960,2.0160,0.0000,0.0000,0.0199
58.6002,1.9960,1.9960,1.9960,2.0181,0.0000,0.0000,0.0221
58.7005,1.9960,1.9960,1.9960,2.0201,0.0000,0.0000,0.0241
58.8004,1.9960,1.9960,1.9960,2.0215,0.0000,0.0000,0.0255
58.9002,1.9960,1.9960,1.9960,2.0209,0.0000,0.0000,0.0249
59.0001,1.9960,1.9960,1.9960,2.0259,0.0000,0.0000,0.0298
59.1001,1.9960,1.9960,1.9960,2.0255,0.0000,0.0000,0.0295
59.2002,1.9960,1.9960,1.9960,2.0238,0.0000,0.0000,0.0278
59.3003,1.9960,1.9960,1.9960,2.0258,0.0000,0.0000,0.0297
59.4001,1.9960,1.9960,1.9960,2.0259,0.0000,0.0000,0.0298
59.5002,1.9960,1.9960,1.9960,2.0268,0.0000,0.0000,0.0307
59.6004,1.9960,1.9960,1.9960,2.0277,0.0000,0.0000,0.0317
59.7055,1.9960,1.9960,1.9960,2.0288,0.0000,0.0000,0.0328
59.8017,1.9960,1.9960,1.9960,2.0289,0.0000,0.0000,0.0329
59.9001,1.9960,1.9960,1.9960,2.0289,0.0000,0.0000,0.0329
60.0002,1.9960,1.9960,1.9960,2.0246,0.0000,0.0000,0.0286
60.1001,1.9960,1.9960,1.9960,2.0228,0.0000,0.0000,0.0268
60.2002,1.9960,1.9960,1.9960,2.0204,0.0000,0.0000,0.0244
60.3031,1.9960,1.9960,1.9960,2.0185,0.0000,0.0000,0.0225
60.4005,1.9960,1.9960,1.9960,2.0171,0.0000,0.0000,0.0210
60.5001,1.9960,1.9960,1.9960,2.0149,0.0000,0.0000,0.0189
60.6004,1.9960,1.9960,1.9960,2.0144,0.0000,0.0000,0.0184
60.7002,1.9960,1.9960,1.9960,2.0126,0.0000,0.0000,0.0166
60.8001,1.9960,1.9960,1.9960,2.0118,0.0000,0.0000,0.0158
60.9002,1.9960,1.9960,1.9960,2.0109,0.0000,0.0000,0.0149
61.0004,1.9960,1.9960,1.9960,2.0114,0.0000,0.0000,0.0153
61.1001,1.9960,1.9960,1.9960,2.0125,0.0000,0.0000,0.0165
61.2001,1.9960,1.9960,1.9960,2.0138,0.0000,0.0000,0.0178
61.3020,1.9960,1.9960,1.9960,2.0155,0.0000,0.0000,0.0195
61.4050,1.9960,1.9960,1.9960,2.0168,0.0000,0.0000,0.0208
61.5026,1.9960,1.9960,1.9960,2.0185,0.0000,0.0000,0.0225
61.6001,1.9960,1.9960,1.9960,2.0220,0.0000,0.0000,0.0260
61.7026,1.9960,1.9960,1.9960,2.0242,0.0000,0.0000,0.0281
61.8003,1.9963,1.9961,1.9988,2.0287,0.0001,0.0026,0.0325
61.9001,1.9970,1.9966,1.9999,2.0314,0.0004,0.0028,0.0344
62.0001,1.9983,1.9975,2.0013,2.0342,0.0008,0.0030,0.0358
62.1002,2.0011,1.9998,2.0031,2.0376,0.0012,0.0020,0.0366
62.2002,2.0030,2.0017,2.0052,2.0406,0.0013,0.0022,0.0376
62.3003,2.0050,2.0037,2.0067,2.0435,0.0013,0.0017,0.0385
62.4004,2.0070,2.0059,2.0097,2.0461,0.0011,0.0027,0.0391
62.5001,2.0090,2.0079,2.0116,2.0484,0.0011,0.0026,0.0394
62.6001,2.0120,2.0110,2.0140,2.0515,0.0010,0.0020,0.0395
62.7001,2.0151,2.0141,2.0170,2.0544,0.0009,0.0019,0.0394
62.8008,2.0171,2.0163,2.0193,2.0565,0.0008,0.0021,0.0393
62.9001,2.0192,2.0186,2.0218,2.0595,0.0006,0.0026,0.0403
63.0009,2.0213,2.0208,2.0241,2.0608,0.0005,0.0028,0.0395
63.1004,2.0234,2.0230,2.0264,2.0631,0.0004,0.0030,0.0397
63.2001,2.0256,2.0252,2.0286,2.0667,0.0004,0.0030,0.0412
63.3002,2.0277,2.0274,2.0308,2.0703,0.0003,0.0031,0.0426
63.4001,2.0299,2.0286,2.0322,2.0726,0.0013,0.0024,0.0427
63.5003,2.0309,2.0308,2.0346,2.0746,0.0001,0.0037,0.0436
63.6002,2.0342,2.0338,2.0367,2.0786,0.0005,0.0025,0.0444
63.7005,2.0364,2.0359,2.0388,2.0813,0.0005,0.0024,0.0449
63.8023,2.0375,2.0374,2.0411,2.0837,0.0001,0.0035,0.0461
63.9024,2.0398,2.0397,2.0434,2.0869,0.0000,0.0037,0.0471
64.0003,2.0420,2.0420,2.0458,2.0893,0.0000,0.0038,0.0473
64.1002,2.0431,2.0433,2.0474,2.0910,0.0001,0.0043,0.0478
64.2001,2.0454,2.0454,2.0492,2.0934,0.0000,0.0038,0.0480
64.3016,2.0477,2.0478,2.0518,2.0944,0.0001,0.0041,0.0467
64.4049,2.0500,2.0498,2.0533,2.0956,0.0002,0.0033,0.0456
64.5012,2.0523,2.0520,2.0552,2.0971,0.0003,0.0029,0.0448
64.6006,2.0546,2.0544,2.0578,2.1013,0.0002,0.0032,0.0466
64.7001,2.0558,2.0558,2.0595,2.1025,0.0000,0.0037,0.0467
64.8016,2.0581,2.0580,2.0617,2.1029,0.0001,0.0036,0.0447
64.9002,2.0605,2.0606,2.0646,2.1056,0.0001,0.0041,0.0451
65.0109,2.0617,2.0616,2.0654,2.1054,0.0001,0.0037,0.0437
65.1002,2.0653,2.0650,2.0687,2.1091,0.0002,0.0034,0.0439
65.2001,2.0665,2.0664,2.0703,2.1118,0.0000,0.0039,0.0453
65.3006,2.0689,2.0688,2.0725,2.1139,0.0001,0.0036,0.0450
65.4001,2.0713,2.0702,2.0760,2.1176,0.0011,0.0047,0.0463
65.5024,2.0725,2.0724,2.0764,2.1202,0.0001,0.0038,0.0477
65.6002,2.0750,2.0749,2.0787,2.1223,0.0001,0.0037,0.0473
65.7014,2.0775,2.0774,2.0813,2.1257,0.0001,0.0039,0.0483
65.8002,2.0787,2.0789,2.0836,2.1288,0.0002,0.0049,0.0501
65.9001,2.0812,2.0811,2.0854,2.1299,0.0000,0.0042,0.0487
66.0012,2.0837,2.0827,2.0884,2.1333,0.0010,0.0047,0.0497
66.1002,2.0849,2.0849,2.0891,2.1347,0.0001,0.0042,0.0497
66.2004,2.0875,2.0874,2.0916,2.1373,0.0000,0.0041,0.0498
66.3002,2.0900,2.0898,2.0937,2.1372,0.0002,0.0037,0.0472
66.4003,2.0925,2.0924,2.0965,2.1397,0.0001,0.0040,0.0471
66.5026,2.0951,2.0949,2.0987,2.1416,0.0002,0.0036,0.0465
66.6001,2.0977,2.0975,2.1015,2.1452,0.0002,0.0038,0.0475
66.7002,2.1003,2.0987,2.1026,2.1467,0.0015,0.0023,0.0465
66.8002,2.1016,2.1018,2.1066,2.1510,0.0002,0.0050,0.0494
66.9002,2.1042,2.1042,2.1086,2.1541,0.0000,0.0044,0.0499
67.0003,2.1055,2.1057,2.1106,2.1569,0.0002,0.0051,0.0514
67.1001,2.1095,2.1090,2.1126,2.1607,0.0004,0.0032,0.0512
67.2007,2.1108,2.1105,2.1148,2.1621,0.0003,0.0040,0.0513
67.3001,2.1148,2.1143,2.1176,2.1643,0.0005,0.0028,0.0495
67.4002,2.1175,2.1170,2.1203,2.1665,0.0005,0.0028,0.0490
67.5001,2.1215,2.1210,2.1243,2.1694,0.0005,0.0027,0.0479
67.6001,2.1242,2.1236,2.1266,2.1709,0.0006,0.0024,0.0467
67.7027,2.1283,2.1278,2.1309,2.1726,0.0005,0.0025,0.0443
67.8002,2.1311,2.1307,2.1337,2.1743,0.0004,0.0026,0.0432
67.9007,2.1339,2.1335,2.1366,2.1779,0.0004,0.0027,0.0440
68.0001,2.1380,2.1376,2.1408,2.1794,0.0004,0.0028,0.0413
68.1001,2.1408,2.1405,2.1437,2.1810,0.0003,0.0029,0.0402
68.2003,2.1436,2.1434,2.1467,2.1827,0.0002,0.0031,0.0391
68.3011,2.1465,2.1462,2.1491,2.1839,0.0003,0.0026,0.0375
68.4004,2.1507,2.1505,2.1538,2.1864,0.0002,0.0031,0.0357
68.5001,2.1536,2.1536,2.1570,2.1897,0.0000,0.0034,0.0362
68.6002,2.1564,2.1563,2.1595,2.1906,0.0002,0.0031,0.0341
68.7001,2.1593,2.1591,2.1622,2.1933,0.0002,0.0029,0.0340
68.8012,2.1622,2.1619,2.1650,2.1949,0.0003,0.0028,0.0327
68.9020,2.1666,2.1665,2.1698,2.1991,0.0001,0.0033,0.0325
69.0092,2.1680,2.1683,2.1720,2.2024,0.0002,0.0040,0.0343
69.1002,2.1710,2.1714,2.1756,2.2087,0.0004,0.0046,0.0377
69.2002,2.1754,2.1752,2.1786,2.2112,0.0002,0.0032,0.0358
69.3002,2.1783,2.1784,2.1823,2.2148,0.0000,0.0039,0.0365
69.4002,2.1813,2.1813,2.1849,2.2163,0.0000,0.0036,0.0349
69.5024,2.1843,2.1842,2.1879,2.2186,0.0001,0.0036,0.0343
69.6003,2.1873,2.1872,2.1908,2.2215,0.0001,0.0035,0.0342
69.7002,2.1903,2.1902,2.1939,2.2267,0.0001,0.0035,0.0364
69.8001,2.1934,2.1932,2.1967,2.2286,0.0002,0.0034,0.0352
69.9026,2.1964,2.1964,2.2004,2.2332,0.0000,0.0041,0.0368
70.0080,2.1994,2.1994,2.2031,2.2375,0.0001,0.0037,0.0381
70.1027,2.2025,2.2027,2.2069,2.2418,0.0002,0.0044,0.0393
70.2069,2.2056,2.2056,2.2095,2.2447,0.0000,0.0039,0.0391
70.3026,2.2087,2.2086,2.2126,2.2467,0.0000,0.0039,0.0381
70.4003,2.2118,2.2116,2.2154,2.2492,0.0002,0.0036,0.0375
70.5001,2.2149,2.2149,2.2190,2.2527,0.0000,0.0041,0.0378
70.6002,2.2180,2.2177,2.2215,2.2551,0.0003,0.0035,0.0371
70.7002,2.2211,2.2208,2.2244,2.2577,0.0003,0.0033,0.0366
70.8009,2.2258,2.2254,2.2287,2.2629,0.0005,0.0028,0.0371
70.9002,2.2290,2.2286,2.2321,2.2665,0.0004,0.0031,0.0375
71.0001,2.2322,2.2322,2.2362,2.2699,0.0000,0.0040,0.0377
71.1010,2.2354,2.2356,2.2397,2.2740,0.0002,0.0043,0.0386
71.2001,2.2386,2.2386,2.2426,2.2773,0.0000,0.0040,0.0387
71.3002,2.2418,2.2419,2.2460,2.2815,0.0001,0.0042,0.0397
71.4034,2.2450,2.2450,2.2490,2.2843,0.0000,0.0040,0.0393
71.5004,2.2466,2.2465,2.2503,2.2848,0.0001,0.0037,0.0382
71.6001,2.2498,2.2501,2.2548,2.2887,0.0002,0.0049,0.0388
71.7002,2.2547,2.2545,2.2586,2.2929,0.0002,0.0039,0.0381
71.8013,2.2580,2.2578,2.2619,2.2973,0.0002,0.0039,0.0393
71.9001,2.2613,2.2610,2.2651,2.3024,0.0002,0.0039,0.0411
72.0003,2.2646,2.2641,2.2679,2.3045,0.0004,0.0033,0.0400
72.1002,2.2679,2.2678,2.2721,2.3081,0.0000,0.0042,0.0403
72.2006,2.2712,2.2700,2.2751,2.3131,0.0012,0.0040,0.0419
72.3041,2.2728,2.2728,2.2772,2.3170,0.0000,0.0044,0.0441
72.4003,2.2778,2.2777,2.2821,2.3211,0.0001,0.0043,0.0432
72.5002,2.2795,2.2798,2.2849,2.3240,0.0003,0.0054,0.0445
72.6001,2.2845,2.2841,2.2882,2.3269,0.0004,0.0037,0.0424
72.7002,2.2879,2.2876,2.2921,2.3302,0.0002,0.0042,0.0423
72.8001,2.2913,2.2908,2.2945,2.3315,0.0005,0.0032,0.0402
72.9002,2.2963,2.2960,2.3000,2.3347,0.0003,0.0037,0.0383
73.0001,2.2997,2.2995,2.3033,2.3369,0.0003,0.0036,0.0371
73.1006,2.3032,2.3030,2.3071,2.3411,0.0002,0.0039,0.0379
73.2001,2.3066,2.3063,2.3105,2.3476,0.0003,0.0039,0.0410
73.3002,2.3100,2.3098,2.3140,2.3521,0.0002,0.0040,0.0421
73.4002,2.3117,2.3118,2.3163,2.3542,0.0001,0.0046,0.0425
73.5002,2.3152,2.3157,2.3210,2.3591,0.0005,0.0058,0.0439
73.6002,2.3204,2.3203,2.3249,2.3603,0.0000,0.0046,0.0400
73.7001,2.3238,2.3239,2.3261,2.3633,0.0001,0.0022,0.0394
73.8016,2.3273,2.3272,2.3316,2.3685,0.0001,0.0043,0.0411
73.9001,2.3308,2.3309,2.3356,2.3712,0.0000,0.0048,0.0404
74.0001,2.3343,2.3345,2.3395,2.3767,0.0002,0.0051,0.0424
74.1040,2.3379,2.3378,2.3423,2.3793,0.0001,0.0045,0.0414
74.2001,2.3414,2.3414,2.3460,2.3845,0.0001,0.0046,0.0431
74.3002,2.3431,2.3434,2.3486,2.3859,0.0003,0.0055,0.0428
74.4001,2.3485,2.3483,2.3527,2.3895,0.0002,0.0042,0.0410
74.5271,2.3520,2.3519,2.3564,2.3927,0.0001,0.0044,0.0407
74.6004,2.3556,2.3551,2.3589,2.3948,0.0005,0.0033,0.0392
74.7002,2.3592,2.3592,2.3642,2.4016,0.0001,0.0050,0.0424
74.8032,2.3627,2.3625,2.3668,2.4039,0.0003,0.0041,0.0411
74.9006,2.3663,2.3662,2.3709,2.4099,0.0002,0.0045,0.0435
75.0001,2.3699,2.3700,2.3750,2.4132,0.0001,0.0051,0.0433
75.1002,2.3736,2.3736,2.3785,2.4173,0.0000,0.0049,0.0437
75.2003,2.3772,2.3768,2.3810,2.4187,0.0004,0.0038,0.0415
75.3002,2.3808,2.3808,2.3853,2.4211,0.0001,0.0045,0.0403
75.4002,2.3863,2.3858,2.3900,2.4249,0.0005,0.0037,0.0386
75.5002,2.3881,2.3880,2.3925,2.4261,0.0001,0.0044,0.0380
75.6003,2.3918,2.3921,2.3975,2.4341,0.0003,0.0058,0.0423
75.7029,2.3955,2.3956,2.4010,2.4381,0.0001,0.0055,0.0427
75.8001,2.3991,2.3989,2.4036,2.4404,0.0002,0.0045,0.0413
75.9002,2.4028,2.4026,2.4073,2.4459,0.0003,0.0044,0.0431
76.0027,2.4084,2.4077,2.4117,2.4485,0.0007,0.0033,0.0401
76.1001,2.4121,2.4118,2.4161,2.4532,0.0003,0.0040,0.0411
76.2002,2.4158,2.4154,2.4194,2.4569,0.0005,0.0036,0.0411
76.3003,2.4196,2.4193,2.4237,2.4605,0.0002,0.0042,0.0409
76.4004,2.4233,2.4230,2.4275,2.4635,0.0003,0.0042,0.0402
76.5002,2.4270,2.4269,2.4313,2.4650,0.0001,0.0043,0.0379
76.6002,2.4327,2.4323,2.4366,2.4685,0.0004,0.0039,0.0358
76.7005,2.4384,2.4376,2.4413,2.4725,0.0008,0.0030,0.0342
76.8000,2.4421,2.4402,2.4464,2.4773,0.0020,0.0043,0.0352
76.9001,2.4440,2.4440,2.4486,2.4802,0.0000,0.0046,0.0362
77.0002,2.4497,2.4499,2.4549,2.4875,0.0002,0.0051,0.0377
77.1001,2.4536,2.4538,2.4588,2.4892,0.0003,0.0053,0.0356
77.2002,2.4555,2.4556,2.4605,2.4937,0.0001,0.0050,0.0383
77.3003,2.4593,2.4595,2.4647,2.5001,0.0002,0.0054,0.0408
77.4002,2.4631,2.4629,2.4675,2.5021,0.0002,0.0044,0.0390
77.5002,2.4670,2.4671,2.4722,2.5091,0.0001,0.0052,0.0422
77.6002,2.4708,2.4708,2.4757,2.5120,0.0000,0.0049,0.0412
77.7002,2.4747,2.4749,2.4804,2.5164,0.0003,0.0058,0.0417
77.8002,2.4786,2.4791,2.4851,2.5237,0.0005,0.0065,0.0451
77.9004,2.4824,2.4827,2.4864,2.5260,0.0003,0.0040,0.0435
78.0001,2.4863,2.4865,2.4921,2.5270,0.0002,0.0058,0.0407
78.1003,2.4883,2.4884,2.4939,2.5311,0.0001,0.0056,0.0429
78.2002,2.4922,2.4923,2.4980,2.5354,0.0001,0.0058,0.0433
78.3011,2.4980,2.4977,2.5024,2.5411,0.0003,0.0043,0.0430
78.4067,2.5000,2.5001,2.5053,2.5441,0.0001,0.0053,0.0441
78.5003,2.5024,2.5037,2.5054,2.5419,0.0012,0.0029,0.0395
78.6004,2.5024,2.5051,2.5036,2.5361,0.0027,0.0012,0.0337
78.7047,2.5024,2.5055,2.5032,2.5334,0.0031,0.0008,0.0309
78.8027,2.5024,2.5052,2.5027,2.5277,0.0027,0.0003,0.0253
78.9003,2.5024,2.5052,2.5026,2.5235,0.0028,0.0001,0.0211
79.0001,2.5024,2.5047,2.5025,2.5218,0.0023,0.0001,0.0194
79.1002,2.5024,2.5045,2.5024,2.5188,0.0021,0.0000,0.0164
79.2003,2.5024,2.5041,2.5024,2.5200,0.0017,0.0000,0.0176
79.3074,2.5024,2.5041,2.5024,2.5189,0.0017,0.0000,0.0165
79.4001,2.5024,2.5039,2.5024,2.5185,0.0015,0.0000,0.0161
79.5001,2.5024,2.5038,2.5024,2.5188,0.0014,0.0000,0.0164
79.6008,2.5024,2.5036,2.5024,2.5171,0.0012,0.0000,0.0146
79.7002,2.5024,2.5036,2.5024,2.5148,0.0012,0.0000,0.0123
79.8001,2.5024,2.5034,2.5024,2.5145,0.0010,0.0000,0.0121
79.9006,2.5024,2.5032,2.5024,2.5156,0.0008,0.0000,0.0131
80.0001,2.5024,2.5033,2.5024,2.5164,0.0009,0.0000,0.0139
80.1006,2.5024,2.5033,2.5024,2.5166,0.0008,0.0000,0.0141
80.2001,2.5024,2.5032,2.5024,2.5200,0.0008,0.0000,0.0176
80.3028,2.5024,2.5032,2.5024,2.5211,0.0008,0.0000,0.0186
80.4005,2.5024,2.5031,2.5024,2.5240,0.0006,0.0000,0.0216
80.5002,2.5024,2.5029,2.5024,2.5250,0.0005,0.0000,0.0226
80.6003,2.5024,2.5030,2.5024,2.5257,0.0005,0.0000,0.0233
80.7002,2.5024,2.5028,2.5024,2.5258,0.0004,0.0000,0.0234
80.8001,2.5024,2.5029,2.5024,2.5259,0.0004,0.0000,0.0234
80.9030,2.5024,2.5028,2.5024,2.5273,0.0004,0.0000,0.0249
81.0003,2.5024,2.5027,2.5024,2.5291,0.0003,0.0000,0.0267
81.1004,2.5024,2.5027,2.5024,2.5310,0.0003,0.0000,0.0286
81.2003,2.5024,2.5027,2.5024,2.5337,0.0002,0.0000,0.0313
81.3007,2.5024,2.5027,2.5024,2.5351,0.0002,0.0000,0.0326
81.4001,2.5024,2.5026,2.5024,2.5394,0.0002,0.0000,0.0369
81.5027,2.5024,2.5026,2.5024,2.5401,0.0002,0.0000,0.0376
81.6107,2.5024,2.5026,2.5024,2.5422,0.0001,0.0000,0.0398
81.7006,2.5024,2.5026,2.5024,2.5427,0.0001,0.0000,0.0403
81.8006,2.5024,2.5025,2.5024,2.5440,0.0001,0.0000,0.0416
81.9007,2.5024,2.5025,2.5024,2.5439,0.0001,0.0000,0.0415
82.0001,2.5024,2.5025,2.5024,2.5436,0.0001,0.0000,0.0412
82.1001,2.5024,2.5025,2.5024,2.5428,0.0001,0.0000,0.0404
82.2001,2.5024,2.5025,2.5024,2.5405,0.0001,0.0000,0.0381
82.3002,2.5024,2.5025,2.5024,2.5384,0.0001,0.0000,0.0360
82.4002,2.5024,2.5025,2.5024,2.5375,0.0001,0.0000,0.0351
82.5002,2.5024,2.5025,2.5024,2.5360,0.0001,0.0000,0.0336
82.6000,2.5024,2.5025,2.5024,2.5344,0.0001,0.0000,0.0320
82.7001,2.5024,2.5025,2.5024,2.5325,0.0000,0.0000,0.0301
82.8001,2.5024,2.5025,2.5024,2.5309,0.0000,0.0000,0.0284
82.9001,2.5024,2.5025,2.5024,2.5302,0.0000,0.0000,0.0278
83.0002,2.5024,2.5025,2.5024,2.5286,0.0000,0.0000,0.0262
83.1002,2.5024,2.5025,2.5024,2.5252,0.0000,0.0000,0.0228
83.2002,2.5024,2.5025,2.5024,2.5213,0.0000,0.0000,0.0189
83.3001,2.5024,2.5025,2.5024,2.5182,0.0000,0.0000,0.0157
83.4029,2.5024,2.5025,2.5024,2.5154,0.0000,0.0000,0.0130
83.5002,2.5024,2.5024,2.5024,2.5124,0.0000,0.0000,0.0099
83.6001,2.5024,2.5024,2.5024,2.5098,0.0000,0.0000,0.0073
83.7001,2.5024,2.5024,2.5024,2.5076,0.0000,0.0000,0.0052
83.8010,2.5024,2.5024,2.5024,2.5063,0.0000,0.0000,0.0039
83.9003,2.5024,2.5024,2.5024,2.5065,0.0000,0.0000,0.0041
84.0002,2.5024,2.5024,2.5024,2.5060,0.0000,0.0000,0.0035
84.1001,2.5024,2.5024,2.5024,2.5067,0.0000,0.0000,0.0043
84.2001,2.5024,2.5024,2.5024,2.5071,0.0000,0.0000,0.0047
84.3026,2.5024,2.5024,2.5024,2.5078,0.0000,0.0000,0.0054
84.4002,2.5024,2.5024,2.5024,2.5081,0.0000,0.0000,0.0057
84.5002,2.5024,2.5024,2.5024,2.5082,0.0000,0.0000,0.0058
84.6001,2.5024,2.5024,2.5024,2.5088,0.0000,0.0000,0.0064
84.7001,2.5024,2.5024,2.5024,2.5084,0.0000,0.0000,0.0060
84.8006,2.5024,2.5024,2.5024,2.5098,0.0000,0.0000,0.0073
84.9001,2.5024,2.5024,2.5024,2.5098,0.0000,0.0000,0.0073
85.0002,2.5024,2.5024,2.5024,2.5082,0.0000,0.0000,0.0057
85.1002,2.5024,2.5024,2.5024,2.5105,0.0000,0.0000,0.0081
85.2002,2.5024,2.5024,2.5024,2.5129,0.0000,0.0000,0.0105
85.3001,2.5024,2.5024,2.5024,2.5141,0.0000,0.0000,0.0117
85.4002,2.5024,2.5024,2.5024,2.5128,0.0000,0.0000,0.0104
85.5014,2.5024,2.5025,2.5024,2.5126,0.0000,0.0000,0.0102
85.6004,2.5024,2.5025,2.5024,2.5134,0.0000,0.0000,0.0110
85.7001,2.5024,2.5025,2.5024,2.5123,0.0000,0.0000,0.0098
85.8019,2.5024,2.5025,2.5024,2.5137,0.0000,0.0000,0.0113
85.9001,2.5024,2.5025,2.5024,2.5135,0.0000,0.0000,0.0111
86.0002,2.5024,2.5025,2.5024,2.5133,0.0001,0.0000,0.0109
86.1002,2.5024,2.5025,2.5024,2.5141,0.0001,0.0000,0.0117
86.2002,2.5024,2.5024,2.5024,2.5184,0.0000,0.0000,0.0160
86.3070,2.5024,2.5024,2.5024,2.5197,0.0000,0.0000,0.0172
86.4001,2.5024,2.5024,2.5024,2.5183,0.0000,0.0000,0.0159
86.5002,2.5024,2.5024,2.5024,2.5154,0.0000,0.0000,0.0130
86.6003,2.5024,2.5024,2.5024,2.5167,0.0000,0.0000,0.0142
86.7003,2.5024,2.5024,2.5024,2.5191,0.0000,0.0000,0.0167
86.8001,2.5024,2.5024,2.5024,2.5210,0.0000,0.0000,0.0186
86.9037,2.5024,2.5024,2.5024,2.5204,0.0000,0.0000,0.0180
87.0001,2.5024,2.5024,2.5024,2.5167,0.0000,0.0000,0.0143
87.1001,2.5024,2.5024,2.5024,2.5134,0.0000,0.0000,0.0110
87.2002,2.5024,2.5024,2.5024,2.5107,0.0000,0.0000,0.0083
87.3025,2.5024,2.5024,2.5024,2.5096,0.0000,0.0000,0.0072
87.4003,2.5024,2.5024,2.5024,2.5127,0.0000,0.0000,0.0103
87.5001,2.5024,2.5024,2.5024,2.5144,0.0000,0.0000,0.0119
87.6031,2.5024,2.5024,2.5024,2.5121,0.0000,0.0000,0.0097
87.7001,2.5024,2.5024,2.5024,2.5087,0.0000,0.0000,0.0063
87.8003,2.5024,2.5024,2.5024,2.5055,0.0000,0.0000,0.0031
87.9001,2.5024,2.5024,2.5024,2.5027,0.0000,0.0000,0.0003
88.0026,2.5024,2.5024,2.5024,2.5001,0.0000,0.0000,0.0024
88.1001,2.5024,2.5024,2.5024,2.5024,0.0000,0.0000,0.0000
88.2002,2.5024,2.5024,2.5024,2.5056,0.0000,0.0000,0.0032
88.3005,2.5024,2.5024,2.5024,2.5077,0.0000,0.0000,0.0053
88.4001,2.5024,2.5024,2.5024,2.5076,0.0000,0.0000,0.0052
88.5001,2.5024,2.5024,2.5024,2.5062,0.0000,0.0000,0.0038
88.6002,2.5024,2.5024,2.5024,2.5103,0.0000,0.0000,0.0079
88.7002,2.5024,2.5024,2.5024,2.5122,0.0000,0.0000,0.0098
88.8002,2.5023,2.5024,2.4965,2.4990,0.0001,0.0057,0.0033
88.9001,2.5010,2.5017,2.4928,2.4867,0.0007,0.0082,0.0143
89.0001,2.4969,2.4988,2.4898,2.4705,0.0019,0.0071,0.0264
89.1025,2.4949,2.4971,2.4859,2.4496,0.0022,0.0090,0.0453
89.2001,2.4904,2.4967,2.4760,2.4359,0.0063,0.0144,0.0545
89.3002,2.4859,2.4962,2.4632,2.4201,0.0103,0.0227,0.0658
89.4002,2.4813,2.4957,2.4522,2.4066,0.0144,0.0291,0.0747
89.5001,2.4768,2.4953,2.4413,2.3940,0.0185,0.0355,0.0828
89.6066,2.4723,2.4949,2.4321,2.3813,0.0227,0.0402,0.0910
89.7008,2.4655,2.4944,2.4168,2.3647,0.0288,0.0487,0.1008
89.8001,2.4610,2.4940,2.4079,2.3501,0.0330,0.0531,0.1109
89.9001,2.4565,2.4935,2.3953,2.3351,0.0370,0.0612,0.1214
90.0003,2.4520,2.4930,2.3837,2.3196,0.0410,0.0683,0.1324
90.1051,2.4475,2.4926,2.3750,2.3086,0.0451,0.0725,0.1389
90.2046,2.4430,2.4451,2.4351,2.3429,0.0020,0.0079,0.1001
90.3002,2.4363,2.4401,2.4332,2.3650,0.0037,0.0031,0.0713
90.4003,2.4319,2.4357,2.4297,2.3733,0.0039,0.0022,0.0586
90.5001,2.4274,2.4283,2.4219,2.3732,0.0009,0.0055,0.0542
90.6001,2.4230,2.4239,2.4175,2.3744,0.0009,0.0054,0.0486
90.7002,2.4185,2.4196,2.4141,2.3712,0.0011,0.0044,0.0473
90.8000,2.4119,2.4129,2.4076,2.3663,0.0010,0.0043,0.0455
90.9054,2.4074,2.4083,2.4028,2.3559,0.0009,0.0046,0.0515
91.0002,2.4030,2.4040,2.3990,2.3513,0.0010,0.0040,0.0517
91.1001,2.3964,2.3972,2.3921,2.3432,0.0008,0.0042,0.0532
91.2001,2.3920,2.3925,2.3871,2.3340,0.0005,0.0048,0.0580
91.3012,2.3876,2.3881,2.3829,2.3279,0.0005,0.0047,0.0597
91.4026,2.3810,2.3816,2.3768,2.3195,0.0006,0.0043,0.0615
91.5001,2.3766,2.3772,2.3724,2.3159,0.0005,0.0043,0.0607
91.6001,2.3723,2.3727,2.3680,2.3104,0.0005,0.0043,0.0619
91.7001,2.3657,2.3662,2.3614,2.3023,0.0004,0.0043,0.0634
91.8021,2.3635,2.3641,2.3596,2.3020,0.0006,0.0039,0.0615
91.9007,2.3570,2.3572,2.3521,2.2967,0.0002,0.0049,0.0603
92.0004,2.3527,2.3526,2.3471,2.2889,0.0001,0.0056,0.0638
92.1004,2.3483,2.3484,2.3432,2.2828,0.0001,0.0052,0.0656
92.2001,2.3440,2.3438,2.3381,2.2750,0.0002,0.0059,0.0690
92.3008,2.3375,2.3398,2.3347,2.2709,0.0022,0.0028,0.0666
92.4006,2.3332,2.3336,2.3290,2.2647,0.0003,0.0043,0.0685
92.5050,2.3268,2.3274,2.3233,2.2564,0.0006,0.0035,0.0704
92.6017,2.3225,2.3231,2.3190,2.2517,0.0006,0.0035,0.0708
92.7003,2.3161,2.3164,2.3123,2.2453,0.0003,0.0038,0.0708
92.8001,2.3118,2.3118,2.3070,2.2405,0.0000,0.0048,0.0713
92.9013,2.3097,2.3094,2.3044,2.2363,0.0002,0.0053,0.0734
93.0001,2.3054,2.3047,2.2993,2.2332,0.0007,0.0061,0.0722
93.1002,2.3012,2.3007,2.2950,2.2303,0.0005,0.0062,0.0709
93.2001,2.2969,2.2955,2.2830,2.2176,0.0014,0.0140,0.0794
93.3002,2.2927,2.2913,2.2734,2.2060,0.0014,0.0193,0.0867
93.4001,2.2885,2.2869,2.2624,2.1956,0.0016,0.0261,0.0929
93.5002,2.2822,2.2811,2.2497,2.1832,0.0011,0.0324,0.0990
93.6001,2.2780,2.2772,2.2410,2.1757,0.0008,0.0370,0.1023
93.7001,2.2738,2.2727,2.2305,2.1636,0.0010,0.0433,0.1102
93.8066,2.2696,2.2685,2.2211,2.1525,0.0011,0.0485,0.1170
93.9001,2.2654,2.2637,2.2102,2.1408,0.0017,0.0552,0.1246
94.0002,2.2612,2.2594,2.2007,2.1307,0.0018,0.0605,0.1306
94.1002,2.2570,2.2540,2.1886,2.1167,0.0030,0.0684,0.1404
94.2001,2.2550,2.2512,2.1826,2.1119,0.0037,0.0723,0.1431
94.3035,2.2508,2.2464,2.1717,2.0991,0.0044,0.0792,0.1517
94.4002,2.2446,2.2422,2.1623,2.0894,0.0024,0.0823,0.1552
94.5002,2.2405,2.2363,2.1488,2.0769,0.0042,0.0916,0.1635
94.6002,2.2363,2.2324,2.1406,2.0690,0.0039,0.0957,0.1674
94.7010,2.2322,2.2278,2.1307,2.0577,0.0044,0.1015,0.1745
94.8055,2.2261,2.2241,2.1195,2.0479,0.0020,0.1066,0.1782
94.9002,2.2220,2.2186,2.1105,2.0393,0.0034,0.1115,0.1826
95.0002,2.2179,2.2142,2.1010,2.0281,0.0037,0.1169,0.1898
95.1017,2.2159,2.2118,2.0958,2.0240,0.0041,0.1200,0.1918
95.2004,2.2118,2.2116,2.2037,2.0795,0.0002,0.0081,0.1323
95.3002,2.2077,2.2077,2.2020,2.0986,0.0001,0.0058,0.1091
95.4026,2.2037,2.2035,2.1981,2.1046,0.0001,0.0056,0.0991
95.5003,2.1976,2.1982,2.1938,2.1105,0.0005,0.0038,0.0872
95.6004,2.1936,2.1937,2.1887,2.1120,0.0002,0.0049,0.0815
95.7002,2.1896,2.1893,2.1839,2.1104,0.0002,0.0057,0.0791
95.8004,2.1855,2.1855,2.1801,2.1085,0.0001,0.0054,0.0771
95.9001,2.1815,2.1813,2.1760,2.1042,0.0003,0.0055,0.0773
96.0026,2.1755,2.1780,2.1736,2.1030,0.0025,0.0020,0.0726
96.1009,2.1736,2.1736,2.1684,2.1001,0.0000,0.0051,0.0735
96.2001,2.1696,2.1694,2.1642,2.0956,0.0001,0.0054,0.0740
96.3001,2.1656,2.1652,2.1595,2.0921,0.0004,0.0061,0.0735
96.4001,2.1617,2.1615,2.1562,2.0915,0.0002,0.0055,0.0702
96.5001,2.1577,2.1577,2.1526,2.0910,0.0000,0.0051,0.0667
96.6001,2.1518,2.1524,2.1481,2.0878,0.0006,0.0037,0.0640
96.7002,2.1479,2.1483,2.1441,2.0831,0.0004,0.0038,0.0648
96.8002,2.1420,2.1427,2.1390,2.0785,0.0007,0.0030,0.0635
96.9002,2.1381,2.1384,2.1342,2.0737,0.0003,0.0040,0.0644
97.0001,2.1342,2.1345,2.1307,2.0710,0.0003,0.0036,0.0632
97.1001,2.1303,2.1306,2.1262,2.0640,0.0002,0.0041,0.0663
97.2003,2.1265,2.1267,2.1225,2.0594,0.0003,0.0040,0.0671
97.3033,2.1226,2.1226,2.1181,2.0562,0.0000,0.0045,0.0664
97.4002,2.1168,2.1170,2.1127,2.0525,0.0002,0.0041,0.0644
97.5002,2.1130,2.1134,2.1095,2.0485,0.0004,0.0035,0.0645
97.6016,2.1092,2.1091,2.1049,2.0458,0.0000,0.0043,0.0633
97.7001,2.1035,2.1038,2.0998,2.0402,0.0003,0.0037,0.0632
97.8002,2.0997,2.0995,2.0950,2.0330,0.0001,0.0047,0.0667
97.9002,2.0959,2.0962,2.0925,2.0315,0.0004,0.0033,0.0644
98.0001,2.0902,2.0902,2.0861,2.0245,0.0001,0.0041,0.0657
98.1001,2.0883,2.0880,2.0835,2.0213,0.0003,0.0048,0.0670
98.2002,2.0846,2.0841,2.0793,2.0160,0.0004,0.0053,0.0685
98.3002,2.0808,2.0810,2.0768,2.0152,0.0002,0.0040,0.0656
98.4067,2.0771,2.0767,2.0723,2.0114,0.0003,0.0048,0.0657
98.5002,2.0715,2.0719,2.0676,2.0056,0.0004,0.0039,0.0659
98.6018,2.0659,2.0666,2.0632,2.0033,0.0007,0.0028,0.0626
98.7002,2.0622,2.0624,2.0585,2.0002,0.0002,0.0038,0.0621
98.8002,2.0585,2.0582,2.0535,1.9961,0.0004,0.0050,0.0624
98.9002,2.0549,2.0547,2.0500,1.9941,0.0002,0.0049,0.0608
99.0001,2.0512,2.0513,2.0474,1.9945,0.0001,0.0038,0.0567
99.1002,2.0475,2.0472,2.0423,1.9877,0.0003,0.0053,0.0599
99.2001,2.0421,2.0424,2.0386,1.9848,0.0003,0.0035,0.0573
99.3002,2.0403,2.0402,2.0358,1.9801,0.0001,0.0045,0.0602
99.4001,2.0367,2.0364,2.0319,1.9771,0.0002,0.0048,0.0596
99.5001,2.0331,2.0328,2.0282,1.9751,0.0003,0.0049,0.0579
99.6001,2.0295,2.0290,2.0241,1.9711,0.0004,0.0054,0.0583
99.7002,2.0241,2.0244,2.0206,1.9685,0.0004,0.0035,0.0555
99.8008,2.0223,2.0222,2.0178,1.9659,0.0001,0.0045,0.0564
99.9001,2.0187,2.0185,2.0141,1.9616,0.0002,0.0047,0.0571
100.0004,2.0134,2.0137,2.0096,1.9590,0.0003,0.0038,0.0544
100.1001,2.0099,2.0095,2.0046,1.9529,0.0004,0.0053,0.0570
100.2002,2.0064,2.0063,2.0019,1.9519,0.0000,0.0044,0.0544
100.3001,2.0046,2.0040,1.9987,1.9481,0.0006,0.0059,0.0565
100.4001,2.0011,2.0005,1.9950,1.9439,0.0006,0.0062,0.0573
100.5001,1.9976,1.9973,1.9922,1.9384,0.0004,0.0055,0.0592
100.6001,1.9941,1.9938,1.9908,1.9367,0.0003,0.0034,0.0575
100.7027,1.9924,1.9924,1.9878,1.9356,0.0000,0.0046,0.0568
100.8022,1.9889,1.9887,1.9836,1.9324,0.0002,0.0053,0.0566
100.9001,1.9855,1.9857,1.9813,1.9305,0.0002,0.0042,0.0550
101.0001,1.9821,1.9821,1.9775,1.9263,0.0001,0.0046,0.0557
101.1003,1.9786,1.9787,1.9741,1.9234,0.0001,0.0045,0.0552
101.2002,1.9735,1.9738,1.9696,1.9197,0.0003,0.0039,0.0538
101.3011,1.9718,1.9718,1.9671,1.9169,0.0000,0.0047,0.0549
101.4003,1.9684,1.9680,1.9627,1.9115,0.0004,0.0058,0.0570
101.5002,1.9651,1.9646,1.9591,1.9069,0.0005,0.0059,0.0582
101.6005,1.9617,1.9617,1.9570,1.9068,0.0000,0.0047,0.0549
101.7002,1.9600,1.9597,1.9543,1.9045,0.0004,0.0058,0.0556
101.8003,1.9550,1.9553,1.9509,1.9017,0.0003,0.0041,0.0533
101.9001,1.9534,1.9532,1.9480,1.8977,0.0002,0.0054,0.0556
102.0036,1.9500,1.9500,1.9449,1.8939,0.0000,0.0051,0.0561
102.1036,1.9467,1.9471,1.9429,1.8917,0.0003,0.0039,0.0550
102.2003,1.9434,1.9435,1.9388,1.8853,0.0001,0.0046,0.0581
102.3005,1.9402,1.9401,1.9355,1.8808,0.0001,0.0046,0.0593
102.4002,1.9369,1.9371,1.9328,1.8803,0.0002,0.0041,0.0566
102.5001,1.9336,1.9336,1.9288,1.8745,0.0001,0.0048,0.0592
102.6028,1.9288,1.9293,1.9255,1.8735,0.0005,0.0033,0.0553
102.7001,1.9256,1.9258,1.9217,1.8714,0.0002,0.0038,0.0541
102.8001,1.9224,1.9225,1.9184,1.8677,0.0001,0.0040,0.0547
102.9002,1.9192,1.9192,1.9150,1.8655,0.0000,0.0042,0.0537
103.0001,1.9160,1.9163,1.9126,1.8643,0.0003,0.0034,0.0517
103.1001,1.9128,1.9128,1.9087,1.8625,0.0000,0.0041,0.0503
103.2003,1.9097,1.9098,1.9058,1.8610,0.0001,0.0039,0.0487
103.3011,1.9065,1.9067,1.9028,1.8601,0.0002,0.0037,0.0464
103.4007,1.9034,1.9037,1.9001,1.8564,0.0003,0.0033,0.0470
103.5020,1.8987,1.8992,1.8960,1.8539,0.0005,0.0027,0.0448
103.6002,1.8957,1.8961,1.8930,1.8515,0.0005,0.0027,0.0442
103.7004,1.8926,1.8926,1.8887,1.8456,0.0000,0.0039,0.0470
103.8001,1.8895,1.8895,1.8855,1.8430,0.0000,0.0040,0.0465
103.9013,1.8880,1.8874,1.8823,1.8403,0.0006,0.0057,0.0477
104.0011,1.8834,1.8835,1.8795,1.8369,0.0001,0.0039,0.0466
104.1001,1.8804,1.8804,1.8764,1.8330,0.0000,0.0040,0.0474
104.2106,1.8774,1.8776,1.8743,1.8323,0.0002,0.0031,0.0451
104.3027,1.8744,1.8746,1.8709,1.8297,0.0002,0.0036,0.0447
104.4002,1.8714,1.8714,1.8676,1.8258,0.0000,0.0038,0.0456
104.5002,1.8685,1.8683,1.8642,1.8211,0.0002,0.0043,0.0473
104.6027,1.8655,1.8657,1.8622,1.8198,0.0002,0.0033,0.0457
104.7001,1.8626,1.8625,1.8586,1.8156,0.0001,0.0040,0.0470
104.8009,1.8597,1.8598,1.8562,1.8123,0.0001,0.0034,0.0473
104.9028,1.8568,1.8569,1.8534,1.8121,0.0002,0.0034,0.0446
105.0002,1.8539,1.8538,1.8499,1.8086,0.0001,0.0040,0.0453
105.1002,1.8510,1.8509,1.8469,1.8062,0.0002,0.0041,0.0448
105.2002,1.8467,1.8469,1.8435,1.8023,0.0002,0.0032,0.0444
105.3002,1.8453,1.8447,1.8402,1.7985,0.0006,0.0051,0.0468
105.4002,1.8425,1.8425,1.8387,1.7965,0.0000,0.0038,0.0460
105.5006,1.8397,1.8396,1.8358,1.7929,0.0001,0.0039,0.0467
105.6055,1.8369,1.8370,1.8335,1.7899,0.0001,0.0034,0.0469
105.7030,1.8327,1.8331,1.8301,1.7879,0.0004,0.0026,0.0448
105.8011,1.8299,1.8302,1.8271,1.7861,0.0003,0.0029,0.0438
105.9003,1.8272,1.8273,1.8239,1.7846,0.0001,0.0033,0.0426
106.0005,1.8245,1.8246,1.8212,1.7811,0.0001,0.0032,0.0433
106.1001,1.8218,1.8216,1.8178,1.7794,0.0002,0.0039,0.0424
106.2002,1.8191,1.8188,1.8149,1.7750,0.0003,0.0042,0.0441
106.3000,1.8177,1.8176,1.8139,1.7748,0.0001,0.0038,0.0429
106.4002,1.8137,1.8138,1.8102,1.7679,0.0001,0.0035,0.0458
106.5001,1.8111,1.8113,1.8082,1.7664,0.0003,0.0029,0.0447
106.6002,1.8084,1.8083,1.8047,1.7648,0.0001,0.0037,0.0437
106.7005,1.8058,1.8061,1.8029,1.7636,0.0002,0.0029,0.0422
106.8003,1.8032,1.8033,1.8000,1.7609,0.0000,0.0033,0.0423
106.9002,1.7994,1.7996,1.7965,1.7588,0.0002,0.0028,0.0406
107.0011,1.7981,1.7978,1.7940,1.7564,0.0003,0.0040,0.0417
107.1002,1.7942,1.7945,1.7922,1.7545,0.0003,0.0021,0.0398
107.2003,1.7917,1.7933,1.7905,1.7509,0.0015,0.0012,0.0408
107.3007,1.7892,1.7895,1.7867,1.7499,0.0003,0.0025,0.0393
107.4003,1.7867,1.7869,1.7842,1.7484,0.0002,0.0025,0.0383
107.5002,1.7842,1.7843,1.7812,1.7468,0.0000,0.0030,0.0374
107.6001,1.7818,1.7816,1.7781,1.7435,0.0002,0.0036,0.0383
107.7069,1.7793,1.7794,1.7764,1.7426,0.0001,0.0029,0.0367
107.8003,1.7769,1.7770,1.7741,1.7412,0.0001,0.0028,0.0357
107.9009,1.7745,1.7745,1.7717,1.7387,0.0000,0.0028,0.0358
108.0002,1.7721,1.7719,1.7687,1.7354,0.0002,0.0034,0.0368
108.1004,1.7697,1.7696,1.7665,1.7332,0.0001,0.0032,0.0365
108.2002,1.7674,1.7672,1.7640,1.7303,0.0001,0.0033,0.0371
108.3002,1.7650,1.7650,1.7617,1.7289,0.0000,0.0033,0.0361
108.4002,1.7627,1.7628,1.7598,1.7291,0.0001,0.0029,0.0336
108.5002,1.7604,1.7605,1.7576,1.7281,0.0001,0.0028,0.0323
108.6001,1.7581,1.7582,1.7554,1.7267,0.0001,0.0027,0.0314
108.7001,1.7558,1.7558,1.7531,1.7256,0.0000,0.0028,0.0302
108.8001,1.7536,1.7534,1.7501,1.7221,0.0002,0.0035,0.0315
108.9001,1.7513,1.7514,1.7486,1.7209,0.0001,0.0028,0.0304
109.0009,1.7491,1.7489,1.7455,1.7176,0.0003,0.0036,0.0316
109.1003,1.7469,1.7468,1.7437,1.7154,0.0001,0.0032,0.0315
109.2072,1.7458,1.7458,1.7427,1.7148,0.0001,0.0031,0.0310
109.3002,1.7437,1.7435,1.7403,1.7129,0.0001,0.0034,0.0307
109.4002,1.7415,1.7413,1.7380,1.7104,0.0002,0.0035,0.0311
109.5027,1.7394,1.7395,1.7366,1.7099,0.0001,0.0028,0.0295
109.6002,1.7372,1.7375,1.7348,1.7095,0.0002,0.0024,0.0278
109.7002,1.7341,1.7345,1.7322,1.7093,0.0004,0.0019,0.0248
109.8002,1.7320,1.7323,1.7299,1.7069,0.0003,0.0021,0.0252
109.9002,1.7300,1.7302,1.7278,1.7050,0.0002,0.0022,0.0250
110.0001,1.7279,1.7281,1.7255,1.7025,0.0001,0.0024,0.0254
110.1001,1.7259,1.7260,1.7234,1.7002,0.0001,0.0025,0.0257
110.2027,1.7239,1.7238,1.7209,1.6977,0.0001,0.0030,0.0263
110.3002,1.7219,1.7218,1.7189,1.6956,0.0002,0.0031,0.0263
110.4002,1.7200,1.7201,1.7175,1.6942,0.0001,0.0024,0.0258
110.5015,1.7190,1.7190,1.7163,1.6927,0.0000,0.0027,0.0263
110.6017,1.7161,1.7164,1.7143,1.6910,0.0003,0.0018,0.0251
110.7001,1.7142,1.7144,1.7123,1.6898,0.0002,0.0019,0.0244
110.8018,1.7123,1.7124,1.7101,1.6868,0.0001,0.0022,0.0255
110.9026,1.7095,1.7097,1.7076,1.6852,0.0002,0.0019,0.0243
111.0002,1.7077,1.7078,1.7056,1.6839,0.0001,0.0020,0.0238
111.1027,1.7058,1.7061,1.7042,1.6830,0.0002,0.0016,0.0228
111.2001,1.7031,1.7032,1.7011,1.6809,0.0001,0.0020,0.0223
111.3002,1.7023,1.7023,1.7003,1.6793,0.0001,0.0020,0.0230
111.4002,1.7005,1.7003,1.6979,1.6776,0.0002,0.0026,0.0229
111.5001,1.6988,1.6987,1.6964,1.6762,0.0001,0.0024,0.0226
111.6010,1.6962,1.6963,1.6945,1.6740,0.0002,0.0017,0.0222
111.7002,1.6945,1.6946,1.6926,1.6722,0.0001,0.0018,0.0222
111.8048,1.6928,1.6931,1.6914,1.6717,0.0003,0.0014,0.0211
111.9002,1.6903,1.6905,1.6887,1.6695,0.0002,0.0016,0.0209
112.0001,1.6887,1.6888,1.6870,1.6692,0.0001,0.0017,0.0195
112.1002,1.6863,1.6865,1.6848,1.6684,0.0002,0.0015,0.0179
112.2001,1.6847,1.6848,1.6831,1.6675,0.0001,0.0016,0.0173
112.3001,1.6832,1.6832,1.6815,1.6668,0.0001,0.0016,0.0164
112.4012,1.6809,1.6810,1.6795,1.6655,0.0002,0.0013,0.0154
112.5001,1.6793,1.6796,1.6782,1.6648,0.0002,0.0011,0.0146
112.6002,1.6779,1.6778,1.6761,1.6628,0.0000,0.0017,0.0151
112.7029,1.6757,1.6758,1.6744,1.6625,0.0001,0.0013,0.0131
112.8001,1.6742,1.6743,1.6727,1.6605,0.0000,0.0015,0.0138
