time,in_dropout,gt_x,gt_y,kf_x,kf_y,ekf_x,ekf_y,pf_x,pf_y,kf_err,ekf_err,pf_err
4.0002,0,0.0000,-0.0000,0.0000,-0.0000,0.0000,-0.0000,-0.0058,0.0094,0.0000,0.0000,0.0111
4.1004,0,0.0000,-0.0000,0.0000,-0.0000,0.0000,-0.0000,-0.0058,0.0069,0.0000,0.0000,0.0090
4.2002,0,0.0000,-0.0000,0.0000,-0.0000,0.0000,-0.0000,-0.0074,0.0101,0.0000,0.0000,0.0125
4.3002,0,0.0000,-0.0000,0.0000,-0.0000,0.0000,-0.0000,-0.0106,0.0056,0.0000,0.0000,0.0120
4.4002,0,0.0000,-0.0000,0.0000,-0.0000,0.0000,-0.0000,-0.0123,0.0032,0.0000,0.0000,0.0127
4.5004,0,0.0000,-0.0000,0.0000,-0.0000,0.0000,-0.0000,-0.0178,0.0005,0.0000,0.0000,0.0178
4.6020,0,0.0000,-0.0000,0.0000,-0.0000,0.0000,-0.0000,-0.0184,-0.0008,0.0000,0.0000,0.0184
4.7023,0,0.0000,-0.0000,0.0000,-0.0000,0.0000,-0.0000,-0.0168,-0.0026,0.0000,0.0000,0.0170
4.8002,0,0.0000,-0.0000,0.0000,-0.0000,0.0000,-0.0000,-0.0190,-0.0032,0.0000,0.0000,0.0193
4.9002,0,0.0000,-0.0000,0.0000,-0.0000,0.0000,-0.0000,-0.0207,-0.0040,0.0000,0.0000,0.0210
5.0002,0,0.0000,-0.0000,0.0000,-0.0000,0.0000,-0.0000,-0.0179,-0.0055,0.0000,0.0000,0.0187
5.1001,0,0.0000,-0.0000,0.0000,-0.0000,0.0000,-0.0000,-0.0163,-0.0067,0.0000,0.0000,0.0176
5.2011,0,0.0000,-0.0000,0.0000,-0.0000,0.0000,-0.0000,-0.0156,-0.0072,0.0000,0.0000,0.0172
5.3002,0,0.0000,-0.0000,0.0000,-0.0000,0.0000,-0.0000,-0.0140,-0.0082,0.0000,0.0000,0.0162
5.4002,0,0.0000,-0.0000,0.0000,-0.0000,0.0000,-0.0000,-0.0115,-0.0091,0.0000,0.0000,0.0146
5.5002,0,0.0000,-0.0000,0.0000,-0.0000,0.0000,-0.0000,-0.0114,-0.0095,0.0000,0.0000,0.0148
5.6005,0,0.0000,-0.0000,0.0000,-0.0000,0.0000,-0.0000,-0.0094,-0.0101,0.0000,0.0000,0.0139
5.7002,0,0.0000,-0.0000,0.0000,-0.0000,0.0000,-0.0000,-0.0096,-0.0104,0.0000,0.0000,0.0141
5.8003,0,0.0000,-0.0000,0.0000,-0.0000,0.0000,-0.0000,-0.0082,-0.0109,0.0000,0.0000,0.0136
5.9002,0,0.0000,-0.0000,0.0000,-0.0000,0.0000,-0.0000,-0.0056,-0.0108,0.0000,0.0000,0.0122
6.0002,0,0.0000,-0.0000,0.0000,-0.0000,0.0000,-0.0000,-0.0037,-0.0113,0.0000,0.0000,0.0118
6.1002,0,0.0000,-0.0000,0.0000,-0.0000,0.0000,-0.0000,-0.0064,-0.0115,0.0000,0.0000,0.0132
6.2002,0,0.0000,-0.0000,0.0000,-0.0000,0.0000,-0.0000,-0.0060,-0.0116,0.0000,0.0000,0.0131
6.3003,0,0.0000,-0.0000,0.0000,-0.0000,0.0000,-0.0000,-0.0061,-0.0116,0.0000,0.0000,0.0132
6.4002,0,0.0000,-0.0000,0.0000,-0.0000,0.0000,-0.0000,-0.0005,-0.0118,0.0000,0.0000,0.0118
6.5004,0,0.0000,-0.0000,0.0000,-0.0000,0.0000,-0.0000,-0.0020,-0.0119,0.0000,0.0000,0.0121
6.6191,0,0.0000,-0.0000,0.0000,-0.0000,0.0000,-0.0000,0.0010,-0.0120,0.0000,0.0000,0.0121
6.7002,0,0.0000,-0.0000,0.0000,-0.0000,0.0000,-0.0000,0.0010,-0.0120,0.0000,0.0000,0.0121
6.8004,0,0.0000,-0.0000,0.0000,-0.0000,0.0000,-0.0000,-0.0035,-0.0120,0.0000,0.0000,0.0126
6.9056,0,0.0000,-0.0000,0.0000,-0.0000,0.0000,-0.0000,-0.0049,-0.0124,0.0000,0.0000,0.0133
7.0003,0,0.0000,-0.0000,0.0000,-0.0000,0.0000,-0.0000,-0.0024,-0.0127,0.0000,0.0000,0.0129
7.1004,0,0.0000,-0.0000,0.0000,-0.0000,0.0000,-0.0000,-0.0023,-0.0130,0.0000,0.0000,0.0132
7.2003,0,0.0000,-0.0000,0.0000,-0.0000,0.0000,-0.0000,-0.0029,-0.0131,0.0000,0.0000,0.0135
7.3090,0,0.0000,-0.0000,0.0000,-0.0000,0.0000,-0.0000,-0.0014,-0.0134,0.0000,0.0000,0.0134
7.4002,0,0.0000,-0.0000,0.0000,-0.0000,0.0000,-0.0000,-0.0009,-0.0134,0.0000,0.0000,0.0135
7.5033,0,0.0000,-0.0000,0.0000,-0.0000,0.0000,-0.0000,-0.0009,-0.0134,0.0000,0.0000,0.0135
7.6003,0,0.0000,-0.0000,0.0000,-0.0000,0.0000,-0.0000,-0.0048,-0.0135,0.0000,0.0000,0.0143
7.7003,0,0.0000,-0.0000,0.0000,-0.0000,0.0000,-0.0000,-0.0067,-0.0134,0.0000,0.0000,0.0150
7.8007,0,0.0000,-0.0000,0.0000,-0.0000,0.0000,-0.0000,-0.0073,-0.0135,0.0000,0.0000,0.0154
7.9118,0,0.0000,-0.0000,0.0000,-0.0000,0.0000,-0.0000,-0.0071,-0.0135,0.0000,0.0000,0.0153
8.0005,0,0.0000,-0.0000,0.0000,-0.0000,0.0000,-0.0000,-0.0054,-0.0135,0.0000,0.0000,0.0145
8.1002,0,0.0000,-0.0000,0.0000,-0.0000,0.0000,-0.0000,-0.0094,-0.0130,0.0000,0.0000,0.0161
8.2004,0,0.0000,-0.0000,0.0000,-0.0000,0.0000,-0.0000,-0.0071,-0.0132,0.0000,0.0000,0.0150
8.3007,0,0.0000,-0.0000,0.0000,-0.0000,0.0000,-0.0000,-0.0030,-0.0136,0.0000,0.0000,0.0139
8.4003,0,0.0000,-0.0000,0.0000,-0.0000,0.0000,-0.0000,-0.0023,-0.0137,0.0000,0.0000,0.0139
8.5003,0,0.0000,-0.0000,0.0000,-0.0000,0.0000,-0.0000,-0.0021,-0.0137,0.0000,0.0000,0.0139
8.6002,0,0.0000,-0.0000,0.0000,-0.0000,0.0000,-0.0000,0.0016,-0.0142,0.0000,0.0000,0.0143
8.7014,0,0.0000,-0.0000,0.0000,-0.0000,0.0000,-0.0000,0.0043,-0.0146,0.0000,0.0000,0.0152
8.8002,0,0.0000,-0.0000,0.0000,-0.0000,0.0000,-0.0000,0.0000,-0.0150,0.0000,0.0000,0.0150
8.9084,0,0.0000,-0.0000,0.0000,-0.0000,0.0000,-0.0000,0.0001,-0.0149,0.0000,0.0000,0.0149
9.0002,0,0.0000,-0.0000,0.0000,-0.0000,0.0000,-0.0000,-0.0045,-0.0150,0.0000,0.0000,0.0157
9.1003,0,0.0000,-0.0000,0.0000,-0.0000,0.0000,-0.0000,-0.0035,-0.0154,0.0000,0.0000,0.0158
9.2002,0,0.0000,-0.0000,0.0000,-0.0000,0.0000,-0.0000,-0.0017,-0.0152,0.0000,0.0000,0.0153
9.3002,0,0.0000,-0.0000,0.0000,-0.0000,0.0000,-0.0000,-0.0004,-0.0152,0.0000,0.0000,0.0152
9.4005,0,0.0000,-0.0000,0.0000,-0.0000,0.0000,-0.0000,0.0010,-0.0152,0.0000,0.0000,0.0152
9.5043,0,0.0000,-0.0000,0.0000,-0.0000,0.0000,-0.0000,0.0021,-0.0150,0.0000,0.0000,0.0151
9.6002,0,0.0000,-0.0000,0.0000,-0.0000,0.0000,-0.0000,0.0000,-0.0151,0.0000,0.0000,0.0151
9.7045,0,0.0000,-0.0000,0.0000,-0.0000,0.0000,-0.0000,-0.0019,-0.0152,0.0000,0.0000,0.0153
9.8004,0,0.0000,-0.0000,0.0000,-0.0000,0.0000,-0.0000,-0.0016,-0.0153,0.0000,0.0000,0.0154
9.9040,0,0.0000,-0.0000,0.0000,-0.0000,0.0000,-0.0000,-0.0019,-0.0155,0.0000,0.0000,0.0156
10.0009,0,0.0000,-0.0000,0.0000,-0.0000,0.0000,-0.0000,-0.0030,-0.0156,0.0000,0.0000,0.0159
10.1013,0,0.0000,-0.0000,0.0000,-0.0000,0.0000,-0.0000,-0.0035,-0.0158,0.0000,0.0000,0.0162
10.2005,0,0.0000,-0.0000,0.0000,-0.0000,0.0000,-0.0000,0.0026,-0.0161,0.0000,0.0000,0.0163
10.3001,0,0.0000,-0.0000,0.0000,-0.0000,0.0000,-0.0000,0.0013,-0.0160,0.0000,0.0000,0.0160
10.4002,0,0.0000,-0.0000,0.0000,-0.0000,0.0000,-0.0000,0.0007,-0.0159,0.0000,0.0000,0.0160
10.5002,0,0.0000,-0.0000,0.0000,-0.0000,0.0000,-0.0000,0.0018,-0.0162,0.0000,0.0000,0.0163
10.6004,0,0.0000,-0.0000,0.0000,-0.0000,0.0000,-0.0000,0.0012,-0.0162,0.0000,0.0000,0.0163
10.7003,0,0.0000,-0.0000,0.0000,-0.0000,0.0000,-0.0000,0.0024,-0.0161,0.0000,0.0000,0.0162
10.8002,0,0.0000,-0.0000,0.0000,-0.0000,0.0000,-0.0000,0.0035,-0.0165,0.0000,0.0000,0.0169
10.9005,0,0.0000,-0.0000,0.0000,-0.0000,0.0000,-0.0000,0.0017,-0.0164,0.0000,0.0000,0.0165
11.0013,0,0.0000,-0.0000,0.0000,-0.0000,0.0000,-0.0000,0.0002,-0.0163,0.0000,0.0000,0.0163
11.1003,0,0.0000,-0.0000,0.0000,-0.0000,0.0000,-0.0000,0.0017,-0.0161,0.0000,0.0000,0.0162
11.2002,0,0.0000,-0.0000,0.0000,-0.0000,0.0000,-0.0000,0.0013,-0.0161,0.0000,0.0000,0.0161
11.3009,0,0.0000,-0.0000,0.0000,-0.0000,0.0000,-0.0000,0.0026,-0.0162,0.0000,0.0000,0.0164
11.4007,0,0.0000,-0.0000,0.0000,-0.0000,0.0000,-0.0000,-0.0006,-0.0165,0.0000,0.0000,0.0165
11.5003,0,0.0000,-0.0000,0.0000,-0.0000,0.0000,-0.0000,0.0021,-0.0167,0.0000,0.0000,0.0169
11.6003,0,0.0000,-0.0000,0.0000,-0.0000,0.0000,-0.0000,0.0038,-0.0169,0.0000,0.0000,0.0173
11.7003,0,0.0000,-0.0000,0.0000,-0.0000,0.0000,-0.0000,0.0051,-0.0169,0.0000,0.0000,0.0176
11.8010,0,0.0000,-0.0000,0.0000,-0.0000,0.0000,-0.0000,0.0046,-0.0168,0.0000,0.0000,0.0175
11.9005,0,0.0000,-0.0000,0.0000,-0.0000,0.0000,-0.0000,0.0081,-0.0169,0.0000,0.0000,0.0187
12.0003,0,0.0000,-0.0000,0.0000,-0.0000,0.0000,-0.0000,0.0063,-0.0169,0.0000,0.0000,0.0181
12.1002,0,0.0000,-0.0000,0.0000,-0.0000,0.0000,-0.0000,0.0057,-0.0170,0.0000,0.0000,0.0179
12.2003,0,0.0000,-0.0000,0.0000,-0.0000,0.0000,-0.0000,0.0053,-0.0170,0.0000,0.0000,0.0178
12.3005,0,0.0000,-0.0000,0.0000,-0.0000,0.0000,-0.0000,0.0044,-0.0169,0.0000,0.0000,0.0175
12.4003,0,0.0000,-0.0000,0.0000,-0.0000,0.0000,-0.0000,0.0024,-0.0168,0.0000,0.0000,0.0170
12.5024,0,0.0000,-0.0000,0.0000,-0.0000,0.0000,-0.0000,0.0001,-0.0168,0.0000,0.0000,0.0168
12.6002,0,0.0000,-0.0000,0.0000,-0.0000,0.0000,-0.0000,-0.0000,-0.0167,0.0000,0.0000,0.0167
12.7003,0,0.0000,-0.0000,0.0000,-0.0000,0.0000,-0.0000,-0.0010,-0.0166,0.0000,0.0000,0.0167
12.8002,0,0.0000,-0.0000,0.0000,-0.0000,0.0000,-0.0000,-0.0022,-0.0166,0.0000,0.0000,0.0168
12.9001,0,0.0000,-0.0000,0.0000,-0.0000,0.0000,-0.0000,-0.0006,-0.0165,0.0000,0.0000,0.0165
13.0003,0,0.0000,-0.0000,0.0000,-0.0000,0.0000,-0.0000,0.0001,-0.0164,0.0000,0.0000,0.0164
13.1001,0,0.0000,-0.0000,0.0000,-0.0000,0.0000,-0.0000,0.0006,-0.0161,0.0000,0.0000,0.0161
13.2002,0,0.0000,-0.0000,0.0000,-0.0000,0.0000,-0.0000,-0.0013,-0.0161,0.0000,0.0000,0.0161
13.3006,0,0.0000,-0.0000,0.0000,-0.0000,0.0000,-0.0000,-0.0012,-0.0159,0.0000,0.0000,0.0159
13.4006,0,0.0000,-0.0000,0.0000,-0.0000,0.0000,-0.0000,-0.0071,-0.0157,0.0000,0.0000,0.0172
13.5002,0,0.0000,-0.0000,0.0000,-0.0000,0.0000,-0.0000,-0.0071,-0.0157,0.0000,0.0000,0.0172
13.6032,0,0.0000,-0.0000,0.0000,-0.0000,0.0000,-0.0000,-0.0056,-0.0157,0.0000,0.0000,0.0167
13.7002,0,0.0000,-0.0000,0.0000,-0.0000,0.0000,-0.0000,-0.0057,-0.0157,0.0000,0.0000,0.0167
13.8002,0,0.0000,-0.0000,0.0000,-0.0000,0.0000,-0.0000,-0.0047,-0.0158,0.0000,0.0000,0.0165
13.9004,0,0.0000,-0.0000,0.0000,-0.0000,0.0000,-0.0000,-0.0027,-0.0159,0.0000,0.0000,0.0161
14.0003,0,0.0000,-0.0000,0.0000,-0.0000,0.0000,-0.0000,-0.0022,-0.0160,0.0000,0.0000,0.0161
14.1006,0,0.0000,-0.0000,0.0000,-0.0000,0.0000,-0.0000,-0.0006,-0.0162,0.0000,0.0000,0.0162
14.2001,0,0.0000,-0.0000,0.0000,-0.0000,0.0000,-0.0000,-0.0014,-0.0163,0.0000,0.0000,0.0163
14.3003,0,0.0000,-0.0000,0.0000,-0.0000,0.0000,-0.0000,0.0011,-0.0162,0.0000,0.0000,0.0162
14.4003,0,0.0000,-0.0000,0.0000,-0.0000,0.0000,-0.0000,0.0055,-0.0163,0.0000,0.0000,0.0172
14.5003,0,0.0000,-0.0000,0.0000,-0.0000,0.0000,-0.0000,0.0044,-0.0163,0.0000,0.0000,0.0169
14.6037,0,0.0000,-0.0000,0.0000,-0.0000,0.0000,-0.0000,0.0034,-0.0166,0.0000,0.0000,0.0169
14.7002,0,0.0000,-0.0000,0.0000,-0.0000,0.0000,-0.0000,0.0023,-0.0167,0.0000,0.0000,0.0168
14.8001,0,0.0000,-0.0000,0.0000,-0.0000,0.0000,-0.0000,0.0026,-0.0168,0.0000,0.0000,0.0170
14.9015,0,0.0000,-0.0000,0.0000,-0.0000,0.0000,-0.0000,0.0014,-0.0170,0.0000,0.0000,0.0171
15.0003,0,0.0000,-0.0000,0.0000,-0.0000,0.0000,-0.0000,0.0016,-0.0171,0.0000,0.0000,0.0172
15.1002,0,0.0000,-0.0000,0.0000,-0.0000,0.0054,-0.0000,0.0073,-0.0171,0.0000,0.0054,0.0186
15.2003,0,0.0011,0.0000,0.0005,0.0000,0.0100,-0.0000,0.0144,-0.0172,0.0006,0.0089,0.0218
15.3005,0,0.0037,0.0000,0.0022,0.0000,0.0151,0.0000,0.0290,-0.0172,0.0015,0.0113,0.0305
15.4004,0,0.0080,0.0000,0.0054,0.0000,0.0175,0.0000,0.0344,-0.0173,0.0026,0.0095,0.0316
15.5003,0,0.0137,0.0000,0.0102,0.0000,0.0224,0.0000,0.0447,-0.0174,0.0035,0.0087,0.0355
15.6002,0,0.0197,0.0000,0.0158,0.0000,0.0267,0.0000,0.0525,-0.0177,0.0040,0.0070,0.0373
15.7002,0,0.0257,0.0000,0.0221,0.0000,0.0341,0.0000,0.0645,-0.0177,0.0037,0.0084,0.0426
15.8003,0,0.0317,0.0000,0.0283,0.0000,0.0398,0.0000,0.0693,-0.0176,0.0034,0.0081,0.0415
15.9002,0,0.0407,0.0000,0.0373,0.0000,0.0462,0.0000,0.0770,-0.0176,0.0035,0.0054,0.0403
16.0007,0,0.0497,0.0000,0.0435,0.0000,0.0551,0.0000,0.0865,-0.0176,0.0062,0.0053,0.0407
16.1001,0,0.0557,0.0000,0.0526,0.0000,0.0604,0.0000,0.0947,-0.0177,0.0031,0.0047,0.0428
16.2004,0,0.0647,0.0000,0.0621,0.0000,0.0702,0.0000,0.1051,-0.0179,0.0026,0.0055,0.0441
16.3022,0,0.0707,0.0000,0.0682,0.0000,0.0757,0.0000,0.1102,-0.0181,0.0026,0.0050,0.0434
16.4001,0,0.0797,0.0000,0.0771,0.0000,0.0834,0.0000,0.1155,-0.0183,0.0027,0.0037,0.0402
16.5002,0,0.0887,0.0000,0.0863,0.0000,0.0933,0.0000,0.1226,-0.0186,0.0024,0.0046,0.0387
16.6001,0,0.0977,0.0000,0.0957,0.0000,0.1021,0.0000,0.1316,-0.0190,0.0020,0.0043,0.0389
16.7044,0,0.1037,0.0000,0.1027,0.0000,0.1105,0.0000,0.1430,-0.0192,0.0011,0.0068,0.0438
16.8085,0,0.1097,0.0000,0.1087,0.0000,0.1162,0.0000,0.1515,-0.0194,0.0010,0.0064,0.0460
16.9004,0,0.1157,0.0000,0.1152,0.0000,0.1233,0.0000,0.1643,-0.0195,0.0006,0.0075,0.0523
17.0003,0,0.1217,0.0000,0.1209,0.0000,0.1284,0.0000,0.1677,-0.0195,0.0008,0.0067,0.0500
17.1003,0,0.1307,0.0000,0.1297,0.0000,0.1366,0.0000,0.1788,-0.0194,0.0010,0.0058,0.0518
17.2003,0,0.1367,0.0000,0.1356,0.0000,0.1424,0.0000,0.1845,-0.0192,0.0011,0.0057,0.0515
17.3003,0,0.1427,0.0000,0.1420,0.0000,0.1497,0.0000,0.1906,-0.0195,0.0007,0.0069,0.0517
17.4001,0,0.1487,0.0000,0.1474,0.0000,0.1533,0.0000,0.1942,-0.0193,0.0013,0.0046,0.0494
17.5002,0,0.1577,0.0000,0.1574,0.0000,0.1644,0.0000,0.2052,-0.0189,0.0003,0.0066,0.0511
17.6001,0,0.1637,0.0000,0.1639,0.0000,0.1719,0.0000,0.2116,-0.0186,0.0002,0.0082,0.0514
17.7002,0,0.1697,0.0000,0.1698,0.0000,0.1772,0.0000,0.2173,-0.0185,0.0000,0.0074,0.0510
17.8004,0,0.1787,0.0000,0.1777,0.0000,0.1839,0.0000,0.2227,-0.0181,0.0011,0.0052,0.0476
17.9001,0,0.1847,0.0000,0.1845,0.0000,0.1917,0.0000,0.2307,-0.0180,0.0002,0.0070,0.0494
18.0002,0,0.1907,0.0000,0.1906,0.0000,0.1977,0.0000,0.2386,-0.0179,0.0001,0.0070,0.0511
18.1002,0,0.1967,0.0000,0.1964,0.0000,0.2033,0.0000,0.2454,-0.0178,0.0003,0.0066,0.0518
18.2002,0,0.2027,0.0000,0.2024,0.0000,0.2091,0.0000,0.2529,-0.0174,0.0003,0.0064,0.0531
18.3004,0,0.2087,0.0000,0.2095,0.0000,0.2179,0.0000,0.2590,-0.0175,0.0008,0.0092,0.0532
18.4002,0,0.2177,0.0000,0.2176,0.0000,0.2246,0.0000,0.2663,-0.0171,0.0002,0.0068,0.0515
18.5003,0,0.2237,0.0000,0.2211,0.0000,0.2288,0.0000,0.2725,-0.0168,0.0026,0.0051,0.0516
18.6001,0,0.2297,0.0000,0.2289,0.0000,0.2350,0.0000,0.2752,-0.0166,0.0008,0.0053,0.0484
18.7002,0,0.2387,0.0000,0.2377,0.0000,0.2434,0.0000,0.2814,-0.0164,0.0011,0.0047,0.0457
18.8002,0,0.2447,0.0000,0.2436,0.0000,0.2492,0.0000,0.2871,-0.0162,0.0011,0.0044,0.0453
18.9002,0,0.2507,0.0000,0.2504,0.0000,0.2568,0.0000,0.2915,-0.0162,0.0003,0.0061,0.0439
19.0005,0,0.2597,0.0000,0.2598,0.0000,0.2666,0.0000,0.3008,-0.0160,0.0000,0.0069,0.0441
19.1002,0,0.2657,0.0000,0.2648,0.0000,0.2702,0.0000,0.3046,-0.0160,0.0009,0.0044,0.0421
19.2004,0,0.2717,0.0000,0.2715,0.0000,0.2779,0.0000,0.3135,-0.0162,0.0002,0.0061,0.0448
19.3005,0,0.2777,0.0000,0.2787,0.0000,0.2866,0.0000,0.3248,-0.0167,0.0009,0.0089,0.0500
19.4002,0,0.2837,0.0000,0.2848,0.0000,0.2931,0.0000,0.3328,-0.0165,0.0011,0.0094,0.0518
19.5002,0,0.2927,0.0000,0.2924,0.0000,0.2993,0.0000,0.3377,-0.0167,0.0003,0.0066,0.0480
19.6003,0,0.2987,0.0000,0.2979,0.0000,0.3036,0.0000,0.3421,-0.0168,0.0008,0.0049,0.0465
19.7002,0,0.3047,0.0000,0.3048,0.0000,0.3118,0.0000,0.3488,-0.0168,0.0001,0.0070,0.0472
19.8002,0,0.3137,0.0000,0.3134,0.0000,0.3194,0.0000,0.3596,-0.0168,0.0003,0.0056,0.0488
19.9002,0,0.3197,0.0000,0.3198,0.0000,0.3263,0.0000,0.3668,-0.0169,0.0001,0.0065,0.0500
20.0002,0,0.3257,0.0000,0.3255,0.0000,0.3317,0.0000,0.3719,-0.0168,0.0002,0.0060,0.0491
20.1002,0,0.3347,0.0000,0.3346,0.0000,0.3410,0.0000,0.3798,-0.0166,0.0002,0.0062,0.0480
20.2002,0,0.3407,0.0000,0.3404,0.0000,0.3465,0.0000,0.3849,-0.0164,0.0003,0.0058,0.0471
20.3002,0,0.3497,0.0000,0.3489,0.0000,0.3544,0.0000,0.3920,-0.0161,0.0008,0.0047,0.0453
20.4004,0,0.3587,0.0000,0.3577,0.0000,0.3626,0.0000,0.3993,-0.0161,0.0011,0.0039,0.0436
20.5003,0,0.3647,0.0000,0.3642,0.0000,0.3696,0.0000,0.4071,-0.0160,0.0006,0.0048,0.0453
20.6003,0,0.3707,0.0000,0.3705,0.0000,0.3763,0.0000,0.4134,-0.0160,0.0002,0.0056,0.0456
20.7084,0,0.3797,0.0000,0.3793,0.0000,0.3849,0.0000,0.4230,-0.0164,0.0004,0.0052,0.0463
20.8004,0,0.3887,0.0000,0.3880,0.0000,0.3931,0.0000,0.4300,-0.0163,0.0007,0.0044,0.0443
20.9002,0,0.3977,0.0000,0.3973,0.0000,0.4024,0.0000,0.4381,-0.0163,0.0004,0.0047,0.0435
21.0002,0,0.4037,0.0000,0.4035,0.0000,0.4089,0.0000,0.4459,-0.0164,0.0002,0.0052,0.0452
21.1004,0,0.4127,0.0000,0.4125,0.0000,0.4179,0.0000,0.4529,-0.0162,0.0002,0.0052,0.0433
21.2002,0,0.4187,0.0000,0.4185,0.0000,0.4238,0.0000,0.4603,-0.0160,0.0002,0.0051,0.0446
21.3002,0,0.4247,0.0000,0.4248,0.0000,0.4306,0.0000,0.4647,-0.0160,0.0001,0.0059,0.0431
21.4002,0,0.4337,0.0000,0.4339,0.0000,0.4397,0.0000,0.4718,-0.0160,0.0001,0.0060,0.0413
21.5013,0,0.4397,0.0000,0.4394,0.0000,0.4449,0.0000,0.4780,-0.0159,0.0003,0.0051,0.0414
21.6034,0,0.4457,0.0000,0.4454,0.0000,0.4508,0.0000,0.4822,-0.0159,0.0003,0.0051,0.0398
21.7003,0,0.4517,0.0000,0.4527,0.0000,0.4590,0.0000,0.4892,-0.0156,0.0009,0.0073,0.0406
21.8001,0,0.4577,0.0000,0.4591,0.0000,0.4662,0.0000,0.4959,-0.0151,0.0014,0.0084,0.0411
21.9001,0,0.4667,0.0000,0.4642,0.0000,0.4741,0.0000,0.5019,-0.0149,0.0025,0.0074,0.0382
22.0007,0,0.4727,0.0000,0.4720,0.0000,0.4775,0.0000,0.5075,-0.0146,0.0008,0.0048,0.0377
22.1002,0,0.4817,0.0000,0.4816,0.0000,0.4880,0.0000,0.5156,-0.0141,0.0001,0.0063,0.0367
22.2006,0,0.4877,0.0000,0.4881,0.0000,0.4949,0.0000,0.5220,-0.0137,0.0004,0.0072,0.0370
22.3004,0,0.4937,0.0000,0.4937,0.0000,0.4998,0.0000,0.5283,-0.0134,0.0000,0.0061,0.0370
22.4003,0,0.4997,0.0000,0.4998,0.0000,0.5064,0.0000,0.5349,-0.0133,0.0001,0.0066,0.0376
22.5003,0,0.5087,0.0000,0.5086,0.0000,0.5147,0.0000,0.5462,-0.0129,0.0001,0.0059,0.0397
22.6002,0,0.5147,0.0000,0.5153,0.0000,0.5222,0.0000,0.5549,-0.0128,0.0006,0.0075,0.0421
22.7013,0,0.5207,0.0000,0.5215,0.0000,0.5288,0.0000,0.5643,-0.0128,0.0007,0.0081,0.0454
22.8002,0,0.5237,0.0000,0.5254,0.0000,0.5332,0.0000,0.5695,-0.0129,0.0017,0.0094,0.0475
22.9047,0,0.5297,0.0000,0.5306,0.0000,0.5392,0.0000,0.5740,-0.0129,0.0009,0.0095,0.0461
23.0002,0,0.5357,0.0000,0.5366,0.0000,0.5452,0.0000,0.5839,-0.0129,0.0009,0.0094,0.0499
23.1012,0,0.5417,0.0000,0.5416,0.0000,0.5488,0.0000,0.5856,-0.0128,0.0001,0.0071,0.0457
23.2002,0,0.5477,0.0000,0.5479,0.0000,0.5553,0.0000,0.5943,-0.0129,0.0002,0.0076,0.0483
23.3026,0,0.5537,0.0000,0.5533,0.0000,0.5601,0.0000,0.5978,-0.0128,0.0005,0.0064,0.0459
23.4003,0,0.5627,0.0000,0.5621,0.0000,0.5686,0.0000,0.6088,-0.0124,0.0006,0.0058,0.0477
23.5002,0,0.5687,0.0000,0.5683,0.0000,0.5747,0.0000,0.6130,-0.0120,0.0005,0.0060,0.0458
23.6002,0,0.5747,0.0000,0.5745,0.0000,0.5813,0.0000,0.6200,-0.0117,0.0002,0.0065,0.0468
23.7004,0,0.5807,0.0000,0.5817,0.0000,0.5903,0.0000,0.6292,-0.0116,0.0010,0.0096,0.0499
23.8002,0,0.5867,0.0000,0.5872,0.0000,0.5948,0.0000,0.6321,-0.0115,0.0005,0.0081,0.0468
23.9003,0,0.5957,0.0000,0.5955,0.0000,0.6025,0.0000,0.6359,-0.0114,0.0002,0.0068,0.0418
24.0029,0,0.6017,0.0000,0.6014,0.0000,0.6080,0.0000,0.6438,-0.0112,0.0003,0.0063,0.0435
24.1002,0,0.6077,0.0000,0.6074,0.0000,0.6139,0.0000,0.6543,-0.0110,0.0003,0.0062,0.0479
24.2003,0,0.6137,0.0000,0.6133,0.0000,0.6195,0.0000,0.6629,-0.0107,0.0005,0.0058,0.0504
24.3045,0,0.6197,0.0000,0.6197,0.0000,0.6268,0.0000,0.6707,-0.0104,0.0000,0.0070,0.0521
24.4004,0,0.6257,0.0000,0.6262,0.0000,0.6340,0.0000,0.6778,-0.0099,0.0005,0.0083,0.0530
24.5002,0,0.6317,0.0000,0.6328,0.0000,0.6424,0.0000,0.6831,-0.0095,0.0011,0.0107,0.0523
24.6003,0,0.6347,0.0000,0.6366,0.0000,0.6471,0.0000,0.6881,-0.0094,0.0019,0.0123,0.0542
24.7004,0,0.6407,0.0000,0.6421,0.0000,0.6524,0.0000,0.6938,-0.0090,0.0014,0.0116,0.0538
24.8003,0,0.6467,0.0000,0.6476,0.0000,0.6570,0.0000,0.6968,-0.0086,0.0008,0.0103,0.0508
24.9033,0,0.6527,0.0000,0.6523,0.0000,0.6598,0.0000,0.6978,-0.0084,0.0005,0.0070,0.0458
25.0002,0,0.6587,0.0000,0.6583,0.0000,0.6656,0.0000,0.7085,-0.0080,0.0004,0.0069,0.0504
25.1003,0,0.6647,0.0000,0.6641,0.0000,0.6714,0.0000,0.7148,-0.0076,0.0006,0.0067,0.0506
25.2001,0,0.6707,0.0000,0.6704,0.0000,0.6779,0.0000,0.7201,-0.0079,0.0004,0.0072,0.0500
25.3000,0,0.6797,0.0000,0.6788,0.0000,0.6854,0.0000,0.7270,-0.0078,0.0009,0.0056,0.0480
25.4001,0,0.6887,0.0000,0.6876,0.0000,0.6936,0.0000,0.7343,-0.0078,0.0011,0.0049,0.0462
25.5001,0,0.6977,0.0000,0.6934,0.0000,0.7027,0.0000,0.7427,-0.0078,0.0043,0.0049,0.0457
25.6001,0,0.7037,0.0000,0.7028,0.0000,0.7088,0.0000,0.7483,-0.0078,0.0009,0.0051,0.0452
25.7001,0,0.7127,0.0000,0.7123,0.0000,0.7180,0.0000,0.7551,-0.0077,0.0004,0.0052,0.0431
25.8004,0,0.7217,0.0000,0.7175,0.0000,0.7256,0.0000,0.7604,-0.0077,0.0043,0.0038,0.0394
25.9007,0,0.7277,0.0000,0.7270,0.0000,0.7325,0.0000,0.7700,-0.0077,0.0008,0.0048,0.0429
26.0002,0,0.7367,0.0000,0.7358,0.0000,0.7410,0.0000,0.7788,-0.0077,0.0009,0.0042,0.0428
26.1003,0,0.7457,0.0000,0.7450,0.0000,0.7502,0.0000,0.7889,-0.0077,0.0007,0.0045,0.0439
26.2046,0,0.7517,0.0000,0.7513,0.0000,0.7567,0.0000,0.7960,-0.0077,0.0005,0.0050,0.0450
26.3002,0,0.7577,0.0000,0.7571,0.0000,0.7627,0.0000,0.8031,-0.0078,0.0006,0.0050,0.0460
26.4002,0,0.7667,0.0000,0.7662,0.0000,0.7713,0.0000,0.8151,-0.0080,0.0005,0.0045,0.0490
26.5002,0,0.7727,0.0000,0.7731,0.0000,0.7789,0.0000,0.8230,-0.0081,0.0004,0.0061,0.0509
26.6001,0,0.7817,0.0000,0.7819,0.0000,0.7881,0.0000,0.8316,-0.0081,0.0002,0.0064,0.0505
26.7002,0,0.7877,0.0000,0.7881,0.0000,0.7945,0.0000,0.8381,-0.0078,0.0004,0.0067,0.0510
26.8002,0,0.7937,0.0000,0.7934,0.0000,0.7993,0.0000,0.8392,-0.0077,0.0003,0.0056,0.0462
26.9028,0,0.7997,0.0000,0.8000,0.0000,0.8063,0.0000,0.8477,-0.0076,0.0003,0.0066,0.0486
27.0043,0,0.8087,0.0000,0.8085,0.0000,0.8142,0.0000,0.8532,-0.0074,0.0002,0.0055,0.0451
27.1093,0,0.8147,0.0000,0.8142,0.0000,0.8196,0.0000,0.8570,-0.0075,0.0005,0.0049,0.0430
27.2003,0,0.8207,0.0000,0.8212,0.0000,0.8278,0.0000,0.8676,-0.0074,0.0005,0.0071,0.0475
27.3002,0,0.8267,0.0000,0.8273,0.0000,0.8341,0.0000,0.8737,-0.0073,0.0006,0.0073,0.0476
27.4001,0,0.8327,0.0000,0.8333,0.0000,0.8403,0.0000,0.8795,-0.0073,0.0006,0.0076,0.0473
27.5001,0,0.8417,0.0000,0.8414,0.0000,0.8474,0.0000,0.8886,-0.0073,0.0003,0.0057,0.0474
27.6002,0,0.8477,0.0000,0.8476,0.0000,0.8539,0.0000,0.8946,-0.0073,0.0001,0.0061,0.0474
27.7002,0,0.8537,0.0000,0.8533,0.0000,0.8593,0.0000,0.8994,-0.0072,0.0005,0.0056,0.0462
27.8036,0,0.8597,0.0000,0.8599,0.0000,0.8668,0.0000,0.9050,-0.0073,0.0002,0.0071,0.0459
27.9026,0,0.8657,0.0000,0.8654,0.0000,0.8716,0.0000,0.9087,-0.0071,0.0004,0.0058,0.0436
28.0001,0,0.8747,0.0000,0.8748,0.0000,0.8816,0.0000,0.9161,-0.0068,0.0001,0.0068,0.0419
28.1003,0,0.8807,0.0000,0.8807,0.0000,0.8873,0.0000,0.9208,-0.0068,0.0001,0.0066,0.0407
28.2002,0,0.8867,0.0000,0.8871,0.0000,0.8942,0.0000,0.9248,-0.0067,0.0003,0.0075,0.0386
28.3001,0,0.8927,0.0000,0.8931,0.0000,0.9003,0.0000,0.9312,-0.0065,0.0004,0.0076,0.0390
28.4001,0,0.9017,0.0000,0.9014,0.0000,0.9073,0.0000,0.9364,-0.0065,0.0003,0.0056,0.0352
28.5004,0,0.9077,0.0000,0.9076,0.0000,0.9142,0.0000,0.9443,-0.0064,0.0001,0.0065,0.0371
28.6001,0,0.9137,0.0000,0.9133,0.0000,0.9194,0.0000,0.9504,-0.0062,0.0004,0.0057,0.0372
28.7001,0,0.9197,0.0000,0.9199,0.0000,0.9271,0.0000,0.9584,-0.0064,0.0002,0.0074,0.0392
28.8005,0,0.9287,0.0000,0.9287,0.0000,0.9358,0.0000,0.9661,-0.0066,0.0000,0.0070,0.0380
28.9015,0,0.9347,0.0000,0.9340,0.0000,0.9400,0.0000,0.9722,-0.0067,0.0007,0.0052,0.0380
29.0007,0,0.9407,0.0000,0.9421,0.0000,0.9503,0.0000,0.9911,-0.0068,0.0013,0.0096,0.0508
29.1001,0,0.9467,0.0000,0.9469,0.0000,0.9541,0.0000,0.9948,-0.0069,0.0002,0.0073,0.0486
29.2001,0,0.9527,0.0000,0.9531,0.0000,0.9604,0.0000,0.9965,-0.0068,0.0004,0.0077,0.0443
29.3001,0,0.9617,0.0000,0.9615,0.0000,0.9678,0.0000,1.0020,-0.0066,0.0003,0.0060,0.0408
29.4001,0,0.9677,0.0000,0.9675,0.0000,0.9740,0.0000,1.0047,-0.0066,0.0002,0.0062,0.0376
29.5001,0,0.9767,0.0000,0.9758,0.0000,0.9813,0.0000,1.0159,-0.0067,0.0009,0.0046,0.0397
29.6001,0,0.9827,0.0000,0.9821,0.0000,0.9881,0.0000,1.0241,-0.0066,0.0006,0.0054,0.0419
29.7010,0,0.9917,0.0000,0.9883,0.0000,0.9969,0.0000,1.0349,-0.0063,0.0035,0.0052,0.0436
29.8007,0,0.9977,0.0000,0.9975,0.0000,1.0038,0.0000,1.0427,-0.0061,0.0002,0.0060,0.0454
29.9024,0,1.0007,0.0000,1.0011,0.0000,1.0077,0.0000,1.0463,-0.0059,0.0004,0.0070,0.0460
30.0004,0,1.0097,0.0000,1.0074,0.0000,1.0152,0.0000,1.0542,-0.0056,0.0023,0.0054,0.0449
30.1005,0,1.0157,0.0000,1.0160,0.0000,1.0231,0.0000,1.0644,-0.0053,0.0003,0.0073,0.0490
30.2001,0,1.0217,0.0000,1.0211,0.0000,1.0268,0.0000,1.0663,-0.0050,0.0007,0.0051,0.0449
30.3001,0,1.0307,0.0000,1.0306,0.0000,1.0367,0.0000,1.0771,-0.0050,0.0002,0.0059,0.0467
30.4008,0,1.0367,0.0000,1.0361,0.0000,1.0417,0.0000,1.0793,-0.0050,0.0007,0.0050,0.0429
30.5001,0,1.0457,0.0000,1.0449,0.0000,1.0500,0.0000,1.0851,-0.0048,0.0009,0.0042,0.0397
30.6002,0,1.0547,0.0000,1.0540,0.0000,1.0597,0.0000,1.0950,-0.0046,0.0007,0.0049,0.0405
30.7002,0,1.0607,0.0000,1.0605,0.0000,1.0660,0.0000,1.1037,-0.0044,0.0003,0.0053,0.0432
30.8002,0,1.0697,0.0000,1.0695,0.0000,1.0751,0.0000,1.1122,-0.0042,0.0002,0.0054,0.0426
30.9001,0,1.0787,0.0000,1.0777,0.0000,1.0826,0.0000,1.1177,-0.0038,0.0010,0.0039,0.0391
31.0002,0,1.0877,0.0000,1.0867,0.0000,1.0914,0.0000,1.1209,-0.0035,0.0010,0.0037,0.0334
31.1002,0,1.0967,0.0000,1.0958,0.0000,1.1003,0.0000,1.1294,-0.0032,0.0009,0.0035,0.0329
31.2002,0,1.1027,0.0000,1.1023,0.0000,1.1073,0.0000,1.1383,-0.0030,0.0004,0.0046,0.0357
31.3001,0,1.1087,0.0000,1.1085,0.0000,1.1136,0.0000,1.1482,-0.0030,0.0002,0.0049,0.0395
31.4001,0,1.1177,0.0000,1.1174,0.0000,1.1225,0.0000,1.1606,-0.0027,0.0003,0.0048,0.0430
31.5002,0,1.1267,0.0000,1.1260,0.0000,1.1307,0.0000,1.1682,-0.0025,0.0007,0.0040,0.0415
31.6005,0,1.1327,0.0000,1.1324,0.0000,1.1377,0.0000,1.1760,-0.0026,0.0003,0.0049,0.0434
31.7003,0,1.1447,0.0000,1.1438,0.0000,1.1480,0.0000,1.1816,-0.0026,0.0010,0.0033,0.0369
31.8003,0,1.1507,0.0000,1.1506,0.0000,1.1557,0.0000,1.1893,-0.0025,0.0001,0.0049,0.0386
31.9001,0,1.1567,0.0000,1.1570,0.0000,1.1625,0.0000,1.1968,-0.0025,0.0003,0.0058,0.0402
32.0001,0,1.1657,0.0000,1.1657,0.0000,1.1714,0.0000,1.2081,-0.0024,0.0001,0.0057,0.0424
32.1002,0,1.1717,0.0000,1.1716,0.0000,1.1766,0.0000,1.2147,-0.0024,0.0002,0.0049,0.0431
32.2004,0,1.1777,0.0000,1.1779,0.0000,1.1831,0.0000,1.2209,-0.0023,0.0001,0.0053,0.0433
32.3001,0,1.1867,0.0000,1.1870,0.0000,1.1927,0.0000,1.2258,-0.0024,0.0002,0.0060,0.0392
32.4003,0,1.1927,0.0000,1.1928,0.0000,1.1985,0.0000,1.2334,-0.0023,0.0001,0.0058,0.0408
32.5001,0,1.2017,0.0000,1.2018,0.0000,1.2073,0.0000,1.2439,-0.0023,0.0001,0.0056,0.0423
32.6002,0,1.2077,0.0000,1.2081,0.0000,1.2136,0.0000,1.2517,-0.0023,0.0004,0.0059,0.0440
32.7003,0,1.2137,0.0000,1.2148,0.0000,1.2219,0.0000,1.2600,-0.0023,0.0011,0.0082,0.0464
32.8003,0,1.2227,0.0000,1.2202,0.0000,1.2264,0.0000,1.2660,-0.0022,0.0025,0.0037,0.0433
32.9002,0,1.2287,0.0000,1.2292,0.0000,1.2356,0.0000,1.2737,-0.0025,0.0005,0.0069,0.0450
33.0023,0,1.2347,0.0000,1.2343,0.0000,1.2396,0.0000,1.2781,-0.0026,0.0004,0.0049,0.0434
33.1003,0,1.2407,0.0000,1.2410,0.0000,1.2472,0.0000,1.2865,-0.0026,0.0003,0.0065,0.0459
33.2033,0,1.2467,0.0000,1.2468,0.0000,1.2528,0.0000,1.2966,-0.0027,0.0001,0.0060,0.0500
33.3003,0,1.2527,0.0000,1.2534,0.0000,1.2606,0.0000,1.3062,-0.0030,0.0007,0.0079,0.0536
33.4001,0,1.2617,0.0000,1.2591,0.0000,1.2694,0.0000,1.3165,-0.0030,0.0027,0.0077,0.0548
33.5004,0,1.2677,0.0000,1.2679,0.0000,1.2745,0.0000,1.3220,-0.0029,0.0002,0.0067,0.0543
33.6002,0,1.2737,0.0000,1.2743,0.0000,1.2815,0.0000,1.3267,-0.0025,0.0006,0.0077,0.0531
33.7009,0,1.2797,0.0000,1.2799,0.0000,1.2864,0.0000,1.3307,-0.0025,0.0002,0.0067,0.0510
33.8002,0,1.2887,0.0000,1.2880,0.0000,1.2938,0.0000,1.3372,-0.0025,0.0007,0.0050,0.0485
33.9013,0,1.2947,0.0000,1.2949,0.0000,1.3012,0.0000,1.3428,-0.0026,0.0002,0.0065,0.0481
34.0002,0,1.3007,0.0000,1.3008,0.0000,1.3075,0.0000,1.3482,-0.0026,0.0000,0.0068,0.0475
34.1033,0,1.3097,0.0000,1.3095,0.0000,1.3158,0.0000,1.3542,-0.0026,0.0003,0.0061,0.0446
34.2003,0,1.3157,0.0000,1.3154,0.0000,1.3212,0.0000,1.3587,-0.0026,0.0004,0.0055,0.0430
34.3003,0,1.3247,0.0000,1.3241,0.0000,1.3296,0.0000,1.3674,-0.0028,0.0007,0.0049,0.0428
34.4003,0,1.3307,0.0000,1.3303,0.0000,1.3360,0.0000,1.3728,-0.0028,0.0005,0.0053,0.0422
34.5001,0,1.3367,0.0000,1.3371,0.0000,1.3437,0.0000,1.3795,-0.0027,0.0004,0.0069,0.0428
34.6003,0,1.3457,0.0000,1.3460,0.0000,1.3524,0.0000,1.3873,-0.0030,0.0003,0.0067,0.0416
34.7003,0,1.3517,0.0000,1.3523,0.0000,1.3592,0.0000,1.3962,-0.0032,0.0006,0.0075,0.0446
34.8002,0,1.3577,0.0000,1.3580,0.0000,1.3645,0.0000,1.4038,-0.0033,0.0002,0.0068,0.0462
34.9002,0,1.3667,0.0000,1.3666,0.0000,1.3726,0.0000,1.4152,-0.0037,0.0001,0.0058,0.0487
35.0003,0,1.3757,0.0000,1.3721,0.0000,1.3798,0.0000,1.4166,-0.0038,0.0036,0.0041,0.0411
35.1001,0,1.3817,0.0000,1.3807,0.0000,1.3855,0.0000,1.4221,-0.0039,0.0011,0.0038,0.0406
35.2001,0,1.3907,0.0000,1.3910,0.0000,1.3970,0.0000,1.4335,-0.0041,0.0002,0.0063,0.0430
35.3002,0,1.3967,0.0000,1.3969,0.0000,1.4026,0.0000,1.4403,-0.0042,0.0002,0.0059,0.0437
35.4001,0,1.4057,0.0000,1.4054,0.0000,1.4112,0.0000,1.4462,-0.0044,0.0003,0.0054,0.0407
35.5002,0,1.4117,0.0000,1.4116,0.0000,1.4170,0.0000,1.4518,-0.0044,0.0002,0.0052,0.0403
35.6002,0,1.4207,0.0000,1.4201,0.0000,1.4252,0.0000,1.4601,-0.0045,0.0006,0.0045,0.0396
35.7013,0,1.4297,0.0000,1.4292,0.0000,1.4342,0.0000,1.4659,-0.0044,0.0005,0.0045,0.0365
35.8008,0,1.4387,0.0000,1.4376,0.0000,1.4420,0.0000,1.4766,-0.0041,0.0011,0.0033,0.0381
35.9004,0,1.4477,0.0000,1.4442,0.0000,1.4489,0.0000,1.4829,-0.0040,0.0036,0.0012,0.0354
36.0002,0,1.4537,0.0000,1.4541,0.0000,1.4597,0.0000,1.4911,-0.0038,0.0004,0.0060,0.0376
36.1003,0,1.4627,0.0000,1.4622,0.0000,1.4670,0.0000,1.5002,-0.0038,0.0005,0.0042,0.0376
36.2002,0,1.4687,0.0000,1.4685,0.0000,1.4735,0.0000,1.5067,-0.0036,0.0002,0.0047,0.0381
36.3002,0,1.4777,0.0000,1.4781,0.0000,1.4831,0.0000,1.5183,-0.0033,0.0004,0.0054,0.0407
36.4001,0,1.4837,0.0000,1.4849,0.0000,1.4912,0.0000,1.5293,-0.0031,0.0012,0.0075,0.0457
36.5002,0,1.4897,0.0000,1.4905,0.0000,1.4967,0.0000,1.5344,-0.0029,0.0007,0.0070,0.0447
36.6003,0,1.4987,0.0000,1.4987,0.0000,1.5042,0.0000,1.5397,-0.0028,0.0000,0.0055,0.0410
36.7005,0,1.5047,0.0000,1.5051,0.0000,1.5111,0.0000,1.5438,-0.0026,0.0004,0.0064,0.0391
36.8002,0,1.5107,0.0000,1.5111,0.0000,1.5171,0.0000,1.5515,-0.0025,0.0004,0.0063,0.0409
36.9003,0,1.5167,0.0000,1.5177,0.0000,1.5244,0.0000,1.5598,-0.0025,0.0010,0.0077,0.0432
37.0003,0,1.5227,0.0000,1.5236,0.0000,1.5308,0.0000,1.5698,-0.0025,0.0009,0.0081,0.0471
37.1003,0,1.5287,0.0000,1.5299,0.0000,1.5372,0.0000,1.5758,-0.0023,0.0012,0.0085,0.0471
37.2002,0,1.5377,0.0000,1.5372,0.0000,1.5427,0.0000,1.5819,-0.0018,0.0005,0.0050,0.0442
37.3003,0,1.5437,0.0000,1.5436,0.0000,1.5496,0.0000,1.5895,-0.0014,0.0001,0.0059,0.0458
37.4002,0,1.5527,0.0000,1.5523,0.0000,1.5579,0.0000,1.5943,-0.0011,0.0004,0.0052,0.0416
37.5003,0,1.5587,0.0000,1.5585,0.0000,1.5643,0.0000,1.6016,-0.0010,0.0002,0.0056,0.0429
37.6002,0,1.5647,0.0000,1.5638,0.0000,1.5685,0.0000,1.6055,-0.0009,0.0009,0.0037,0.0408
37.7003,0,1.5737,0.0000,1.5738,0.0000,1.5796,0.0000,1.6156,-0.0009,0.0000,0.0059,0.0419
37.8003,0,1.5797,0.0000,1.5802,0.0000,1.5869,0.0000,1.6249,-0.0007,0.0005,0.0071,0.0452
37.9004,0,1.5857,0.0000,1.5854,0.0000,1.5911,0.0000,1.6267,-0.0005,0.0003,0.0054,0.0409
38.0004,0,1.5947,0.0000,1.5952,0.0000,1.6016,0.0000,1.6377,-0.0005,0.0005,0.0069,0.0429
38.1002,0,1.6007,0.0000,1.6009,0.0000,1.6070,0.0000,1.6429,-0.0004,0.0001,0.0062,0.0421
38.2002,0,1.6067,0.0000,1.6073,0.0000,1.6138,0.0000,1.6493,-0.0003,0.0006,0.0070,0.0426
38.3008,0,1.6157,0.0000,1.6155,0.0000,1.6216,0.0000,1.6572,-0.0004,0.0002,0.0059,0.0415
38.4005,0,1.6187,0.0000,1.6201,0.0000,1.6279,0.0000,1.6669,-0.0003,0.0013,0.0092,0.0482
38.5003,0,1.6277,0.0000,1.6253,0.0000,1.6325,0.0000,1.6735,-0.0006,0.0024,0.0047,0.0458
38.6002,0,1.6337,0.0000,1.6338,0.0000,1.6399,0.0000,1.6819,-0.0006,0.0001,0.0062,0.0482
38.7002,0,1.6397,0.0000,1.6395,0.0000,1.6458,0.0000,1.6888,-0.0006,0.0003,0.0061,0.0491
38.8002,0,1.6457,0.0000,1.6456,0.0000,1.6520,0.0000,1.6966,-0.0007,0.0002,0.0063,0.0509
38.9003,0,1.6517,0.0000,1.6522,0.0000,1.6594,0.0000,1.7015,-0.0008,0.0005,0.0077,0.0497
39.0002,0,1.6607,0.0000,1.6609,0.0000,1.6672,0.0000,1.7080,-0.0009,0.0001,0.0065,0.0473
39.1002,0,1.6667,0.0000,1.6670,0.0000,1.6740,0.0000,1.7107,-0.0010,0.0002,0.0073,0.0440
39.2004,0,1.6757,0.0000,1.6752,0.0000,1.6809,0.0000,1.7155,-0.0010,0.0006,0.0052,0.0398
39.3003,0,1.6817,0.0000,1.6820,0.0000,1.6889,0.0000,1.7212,-0.0012,0.0003,0.0072,0.0395
39.4012,0,1.6877,0.0000,1.6879,0.0000,1.6948,0.0000,1.7264,-0.0011,0.0002,0.0070,0.0387
39.5001,0,1.6937,0.0000,1.6943,0.0000,1.7020,0.0000,1.7312,-0.0012,0.0006,0.0082,0.0375
39.6002,0,1.6997,0.0000,1.6999,0.0000,1.7070,0.0000,1.7413,-0.0013,0.0001,0.0072,0.0416
39.7002,0,1.7057,0.0000,1.7062,0.0000,1.7135,0.0000,1.7500,-0.0013,0.0004,0.0077,0.0443
39.8002,0,1.7117,0.0000,1.7115,0.0000,1.7181,0.0000,1.7535,-0.0014,0.0002,0.0064,0.0418
39.9002,0,1.7177,0.0000,1.7176,0.0000,1.7239,0.0000,1.7577,-0.0016,0.0002,0.0062,0.0400
40.0003,0,1.7237,0.0000,1.7241,0.0000,1.7318,0.0000,1.7635,-0.0019,0.0004,0.0081,0.0398
40.1044,0,1.7297,0.0000,1.7306,0.0000,1.7386,0.0000,1.7699,-0.0020,0.0008,0.0089,0.0402
40.2005,0,1.7327,0.0000,1.7339,0.0000,1.7428,0.0000,1.7733,-0.0021,0.0011,0.0101,0.0406
40.3002,0,1.7387,0.0000,1.7399,0.0000,1.7494,0.0000,1.7856,-0.0022,0.0012,0.0106,0.0469
40.4001,0,1.7477,0.0000,1.7472,0.0000,1.7542,0.0000,1.7919,-0.0023,0.0006,0.0065,0.0443
40.5001,0,1.7537,0.0000,1.7533,0.0000,1.7606,0.0000,1.7991,-0.0024,0.0004,0.0069,0.0455
40.6004,0,1.7567,0.0000,1.7570,0.0000,1.7654,0.0000,1.8061,-0.0026,0.0003,0.0086,0.0494
40.7002,0,1.7627,0.0000,1.7629,0.0000,1.7711,0.0000,1.8163,-0.0026,0.0001,0.0083,0.0536
40.8002,0,1.7687,0.0000,1.7687,0.0000,1.7769,0.0000,1.8232,-0.0027,0.0000,0.0082,0.0545
40.9002,0,1.7747,0.0000,1.7751,0.0000,1.7837,0.0000,1.8293,-0.0029,0.0004,0.0090,0.0547
41.0059,0,1.7807,0.0000,1.7805,0.0000,1.7882,0.0000,1.8288,-0.0029,0.0002,0.0075,0.0481
41.1001,0,1.7897,0.0000,1.7889,0.0000,1.7954,0.0000,1.8289,-0.0034,0.0009,0.0057,0.0393
41.2002,0,1.7957,0.0000,1.7949,0.0000,1.8014,0.0000,1.8349,-0.0034,0.0008,0.0057,0.0394
41.3002,0,1.8017,0.0000,1.8013,0.0000,1.8084,0.0000,1.8429,-0.0036,0.0004,0.0067,0.0413
41.4003,0,1.8077,0.0000,1.8073,0.0000,1.8144,0.0000,1.8482,-0.0036,0.0004,0.0067,0.0407
41.5002,0,1.8137,0.0000,1.8140,0.0000,1.8220,0.0000,1.8525,-0.0035,0.0003,0.0083,0.0390
41.6002,0,1.8197,0.0000,1.8201,0.0000,1.8280,0.0000,1.8631,-0.0038,0.0004,0.0083,0.0436
41.7005,0,1.8287,0.0000,1.8283,0.0000,1.8353,0.0000,1.8686,-0.0038,0.0004,0.0066,0.0401
41.8006,0,1.8347,0.0000,1.8342,0.0000,1.8416,0.0000,1.8774,-0.0039,0.0005,0.0068,0.0428
41.9002,0,1.8407,0.0000,1.8404,0.0000,1.8473,0.0000,1.8852,-0.0041,0.0003,0.0066,0.0446
42.0002,0,1.8497,0.0000,1.8494,0.0000,1.8561,0.0000,1.8954,-0.0048,0.0004,0.0063,0.0460
42.1044,0,1.8557,0.0000,1.8553,0.0000,1.8611,0.0000,1.9012,-0.0047,0.0005,0.0054,0.0457
42.2004,0,1.8647,0.0000,1.8639,0.0000,1.8697,0.0000,1.9078,-0.0049,0.0008,0.0050,0.0434
42.3013,0,1.8707,0.0000,1.8708,0.0000,1.8776,0.0000,1.9169,-0.0048,0.0000,0.0069,0.0464
42.4006,0,1.8767,0.0000,1.8761,0.0000,1.8821,0.0000,1.9214,-0.0048,0.0007,0.0054,0.0450
42.5001,0,1.8827,0.0000,1.8821,0.0000,1.8879,0.0000,1.9242,-0.0047,0.0006,0.0052,0.0418
42.6017,0,1.8887,0.0000,1.8889,0.0000,1.8959,0.0000,1.9343,-0.0049,0.0002,0.0071,0.0458
42.7017,0,1.8947,0.0000,1.8956,0.0000,1.9035,0.0000,1.9386,-0.0052,0.0009,0.0087,0.0442
42.8103,0,1.9007,0.0000,1.9012,0.0000,1.9092,0.0000,1.9433,-0.0054,0.0005,0.0084,0.0429
42.9002,0,1.9067,0.0000,1.9075,0.0000,1.9162,0.0000,1.9505,-0.0057,0.0008,0.0095,0.0441
43.0005,0,1.9127,0.0000,1.9130,0.0000,1.9214,0.0000,1.9564,-0.0058,0.0003,0.0086,0.0440
43.1002,0,1.9187,0.0000,1.9192,0.0000,1.9273,0.0000,1.9677,-0.0061,0.0005,0.0086,0.0493
43.2001,0,1.9247,0.0000,1.9244,0.0000,1.9311,0.0000,1.9698,-0.0065,0.0003,0.0063,0.0456
43.3002,0,1.9337,0.0000,1.9328,0.0000,1.9384,0.0000,1.9736,-0.0069,0.0009,0.0047,0.0405
43.4009,0,1.9397,0.0000,1.9392,0.0000,1.9458,0.0000,1.9793,-0.0070,0.0005,0.0060,0.0402
43.5009,0,1.9457,0.0000,1.9455,0.0000,1.9526,0.0000,1.9870,-0.0069,0.0002,0.0069,0.0418
43.6010,0,1.9517,0.0000,1.9524,0.0000,1.9607,0.0000,1.9948,-0.0070,0.0007,0.0089,0.0436
43.7003,0,1.9577,0.0000,1.9587,0.0000,1.9675,0.0000,2.0011,-0.0068,0.0010,0.0098,0.0439
43.8002,0,1.9637,0.0000,1.9635,0.0000,1.9707,0.0000,2.0075,-0.0069,0.0002,0.0070,0.0443
43.9003,0,1.9697,0.0000,1.9692,0.0000,1.9757,0.0000,2.0116,-0.0068,0.0005,0.0059,0.0425
44.0002,0,1.9787,0.0000,1.9781,0.0000,1.9846,0.0000,2.0246,-0.0066,0.0006,0.0059,0.0463
44.1002,0,1.9847,0.0000,1.9844,0.0000,1.9912,0.0000,2.0306,-0.0064,0.0003,0.0065,0.0463
44.2002,0,1.9937,0.0000,1.9932,0.0000,1.9995,0.0000,2.0368,-0.0062,0.0006,0.0058,0.0435
44.3002,0,1.9997,0.0000,1.9992,0.0000,2.0055,0.0000,2.0437,-0.0061,0.0005,0.0058,0.0444
44.4070,0,2.0057,0.0000,2.0052,0.0000,2.0117,0.0000,2.0524,-0.0060,0.0005,0.0060,0.0470
44.5002,0,2.0117,0.0000,2.0122,0.0000,2.0202,0.0000,2.0682,-0.0059,0.0005,0.0084,0.0568
44.6002,0,2.0177,0.0000,2.0170,0.0000,2.0230,0.0000,2.0691,-0.0056,0.0007,0.0052,0.0517
44.7002,0,2.0237,0.0000,2.0247,0.0000,2.0329,0.0000,2.0837,-0.0059,0.0010,0.0091,0.0602
44.8004,0,2.0297,0.0000,2.0294,0.0000,2.0361,0.0000,2.0844,-0.0059,0.0004,0.0064,0.0550
44.9032,0,2.0357,0.0000,2.0356,0.0000,2.0427,0.0000,2.0890,-0.0059,0.0001,0.0070,0.0536
45.0003,0,2.0447,0.0000,2.0442,0.0000,2.0505,0.0000,2.0927,-0.0057,0.0005,0.0058,0.0483
45.1002,0,2.0507,0.0000,2.0502,0.0000,2.0563,0.0000,2.0960,-0.0057,0.0005,0.0056,0.0456
45.2002,0,2.0597,0.0000,2.0592,0.0000,2.0656,0.0000,2.1020,-0.0059,0.0005,0.0059,0.0427
45.3003,0,2.0657,0.0000,2.0647,0.0000,2.0703,0.0000,2.1066,-0.0061,0.0010,0.0046,0.0413
45.4010,0,2.0747,0.0000,2.0735,0.0000,2.0787,0.0000,2.1143,-0.0063,0.0012,0.0040,0.0400
45.5002,0,2.0807,0.0000,2.0793,0.0000,2.0842,0.0000,2.1178,-0.0064,0.0014,0.0034,0.0376
45.6001,0,2.0927,0.0000,2.0916,0.0000,2.0964,0.0000,2.1277,-0.0066,0.0012,0.0036,0.0356
45.7002,0,2.1017,0.0000,2.1007,0.0000,2.1058,0.0000,2.1359,-0.0067,0.0011,0.0040,0.0348
45.8001,0,2.1077,0.0000,2.1073,0.0000,2.1127,0.0000,2.1449,-0.0068,0.0005,0.0049,0.0378
45.9001,0,2.1167,0.0000,2.1165,0.0000,2.1218,0.0000,2.1553,-0.0070,0.0003,0.0051,0.0392
46.0002,0,2.1227,0.0000,2.1223,0.0000,2.1276,0.0000,2.1581,-0.0071,0.0004,0.0049,0.0361
46.1004,0,2.1317,0.0000,2.1318,0.0000,2.1375,0.0000,2.1697,-0.0072,0.0000,0.0057,0.0386
46.2023,0,2.1377,0.0000,2.1382,0.0000,2.1446,0.0000,2.1770,-0.0070,0.0005,0.0069,0.0399
46.3044,0,2.1407,0.0000,2.1418,0.0000,2.1488,0.0000,2.1827,-0.0069,0.0010,0.0080,0.0425
46.4002,0,2.1497,0.0000,2.1497,0.0000,2.1561,0.0000,2.1938,-0.0069,0.0000,0.0064,0.0446
46.5002,0,2.1557,0.0000,2.1534,0.0000,2.1634,0.0000,2.2013,-0.0067,0.0023,0.0077,0.0460
46.6009,0,2.1617,0.0000,2.1618,0.0000,2.1685,0.0000,2.2075,-0.0066,0.0001,0.0068,0.0463
46.7003,0,2.1677,0.0000,2.1680,0.0000,2.1754,0.0000,2.2140,-0.0065,0.0003,0.0076,0.0468
46.8002,0,2.1737,0.0000,2.1732,0.0000,2.1788,0.0000,2.2162,-0.0067,0.0006,0.0051,0.0430
46.9002,0,2.1827,0.0000,2.1825,0.0000,2.1886,0.0000,2.2234,-0.0068,0.0002,0.0058,0.0413
47.0001,0,2.1917,0.0000,2.1912,0.0000,2.1969,0.0000,2.2307,-0.0067,0.0005,0.0052,0.0396
47.1002,0,2.1977,0.0000,2.1974,0.0000,2.2033,0.0000,2.2411,-0.0065,0.0003,0.0056,0.0439
47.2002,0,2.2037,0.0000,2.2040,0.0000,2.2108,0.0000,2.2487,-0.0065,0.0003,0.0070,0.0455
47.3002,0,2.2097,0.0000,2.2099,0.0000,2.2158,0.0000,2.2559,-0.0067,0.0002,0.0061,0.0467
47.4004,0,2.2157,0.0000,2.2152,0.0000,2.2211,0.0000,2.2608,-0.0066,0.0005,0.0054,0.0456
47.5017,0,2.2217,0.0000,2.2217,0.0000,2.2282,0.0000,2.2701,-0.0065,0.0000,0.0065,0.0488
47.6002,0,2.2307,0.0000,2.2303,0.0000,2.2363,0.0000,2.2788,-0.0065,0.0004,0.0055,0.0485
47.7015,0,2.2367,0.0000,2.2367,0.0000,2.2430,0.0000,2.2847,-0.0064,0.0000,0.0062,0.0484
47.8003,0,2.2427,0.0000,2.2428,0.0000,2.2486,0.0000,2.2864,-0.0064,0.0000,0.0058,0.0441
47.9001,0,2.2517,0.0000,2.2484,0.0000,2.2589,0.0000,2.2928,-0.0062,0.0033,0.0072,0.0416
48.0002,0,2.2577,0.0000,2.2579,0.0000,2.2647,0.0000,2.3025,-0.0063,0.0002,0.0070,0.0452
48.1001,0,2.2637,0.0000,2.2642,0.0000,2.2714,0.0000,2.3052,-0.0061,0.0004,0.0077,0.0419
48.2029,0,2.2697,0.0000,2.2699,0.0000,2.2770,0.0000,2.3122,-0.0059,0.0002,0.0073,0.0429
48.3002,0,2.2757,0.0000,2.2756,0.0000,2.2822,0.0000,2.3178,-0.0059,0.0001,0.0065,0.0425
48.4027,0,2.2817,0.0000,2.2813,0.0000,2.2875,0.0000,2.3225,-0.0059,0.0004,0.0057,0.0412
48.5002,0,2.2907,0.0000,2.2906,0.0000,2.2973,0.0000,2.3285,-0.0060,0.0001,0.0065,0.0382
48.6003,0,2.2967,0.0000,2.2967,0.0000,2.3033,0.0000,2.3438,-0.0061,0.0000,0.0066,0.0475
48.7001,0,2.3057,0.0000,2.3026,0.0000,2.3088,0.0000,2.3507,-0.0061,0.0031,0.0031,0.0454
48.8001,0,2.3117,0.0000,2.3113,0.0000,2.3172,0.0000,2.3602,-0.0060,0.0004,0.0055,0.0488
48.9001,0,2.3177,0.0000,2.3178,0.0000,2.3250,0.0000,2.3665,-0.0061,0.0001,0.0073,0.0492
49.0002,0,2.3237,0.0000,2.3232,0.0000,2.3292,0.0000,2.3711,-0.0060,0.0005,0.0055,0.0477
49.1002,0,2.3297,0.0000,2.3299,0.0000,2.3363,0.0000,2.3807,-0.0057,0.0002,0.0065,0.0512
49.2011,0,2.3387,0.0000,2.3385,0.0000,2.3449,0.0000,2.3881,-0.0052,0.0002,0.0062,0.0497
49.3002,0,2.3447,0.0000,2.3445,0.0000,2.3509,0.0000,2.3930,-0.0050,0.0002,0.0061,0.0485
49.4002,0,2.3537,0.0000,2.3534,0.0000,2.3592,0.0000,2.3980,-0.0046,0.0004,0.0054,0.0445
49.5003,0,2.3627,0.0000,2.3618,0.0000,2.3665,0.0000,2.4031,-0.0044,0.0009,0.0038,0.0406
49.6003,0,2.3687,0.0000,2.3677,0.0000,2.3727,0.0000,2.4088,-0.0043,0.0011,0.0040,0.0403
49.7002,0,2.3777,0.0000,2.3767,0.0000,2.3815,0.0000,2.4156,-0.0042,0.0010,0.0037,0.0381
49.8002,0,2.3837,0.0000,2.3835,0.0000,2.3891,0.0000,2.4257,-0.0042,0.0002,0.0053,0.0422
49.9024,0,2.3927,0.0000,2.3929,0.0000,2.3990,0.0000,2.4360,-0.0041,0.0002,0.0063,0.0435
50.0009,0,2.3987,0.0000,2.3994,0.0000,2.4062,0.0000,2.4457,-0.0041,0.0007,0.0074,0.0472
50.1003,0,2.4047,0.0000,2.4054,0.0000,2.4128,0.0000,2.4527,-0.0042,0.0007,0.0080,0.0482
50.2002,0,2.4107,0.0000,2.4117,0.0000,2.4187,0.0000,2.4592,-0.0044,0.0010,0.0080,0.0487
50.3003,0,2.4167,0.0000,2.4173,0.0000,2.4243,0.0000,2.4639,-0.0045,0.0006,0.0075,0.0474
50.4001,0,2.4257,0.0000,2.4255,0.0000,2.4317,0.0000,2.4703,-0.0046,0.0002,0.0060,0.0449
50.5003,0,2.4317,0.0000,2.4310,0.0000,2.4366,0.0000,2.4770,-0.0046,0.0007,0.0049,0.0455
50.6003,0,2.4377,0.0000,2.4379,0.0000,2.4445,0.0000,2.4866,-0.0043,0.0002,0.0068,0.0491
50.7002,0,2.4437,0.0000,2.4438,0.0000,2.4508,0.0000,2.4938,-0.0044,0.0001,0.0071,0.0503
50.8002,0,2.4497,0.0000,2.4497,0.0000,2.4561,0.0000,2.5016,-0.0044,0.0000,0.0064,0.0520
50.9004,0,2.4587,0.0000,2.4581,0.0000,2.4638,0.0000,2.5095,-0.0044,0.0006,0.0051,0.0509
51.0001,0,2.4677,0.0000,2.4643,0.0000,2.4701,0.0000,2.5157,-0.0045,0.0034,0.0024,0.0481
51.1029,0,2.4737,0.0000,2.4737,0.0000,2.4800,0.0000,2.5217,-0.0046,0.0001,0.0063,0.0482
51.2002,0,2.4827,0.0000,2.4814,0.0000,2.4863,0.0000,2.5257,-0.0050,0.0013,0.0036,0.0433
51.3001,0,2.4887,0.0000,2.4879,0.0000,2.4931,0.0000,2.5294,-0.0052,0.0008,0.0044,0.0410
51.4004,0,2.4977,0.0000,2.4968,0.0000,2.5016,0.0000,2.5364,-0.0057,0.0010,0.0039,0.0391
51.5001,0,2.5048,0.0000,2.5051,0.0000,2.5069,0.0000,2.5371,-0.0061,0.0003,0.0021,0.0329
51.6002,0,2.5048,0.0000,2.5080,0.0000,2.5053,0.0000,2.5301,-0.0061,0.0032,0.0006,0.0261
51.7004,0,2.5048,0.0000,2.5083,0.0000,2.5049,0.0000,2.5246,-0.0058,0.0036,0.0001,0.0207
51.8005,0,2.5048,0.0000,2.5089,0.0000,2.5048,0.0000,2.5217,-0.0054,0.0042,0.0001,0.0178
51.9024,0,2.5048,0.0000,2.5092,0.0000,2.5048,0.0000,2.5175,-0.0049,0.0045,0.0000,0.0136
52.0002,0,2.5048,0.0000,2.5087,0.0000,2.5048,0.0000,2.5171,-0.0048,0.0039,0.0000,0.0133
52.1004,0,2.5048,0.0000,2.5076,0.0000,2.5048,0.0000,2.5146,-0.0043,0.0029,0.0000,0.0108
52.2003,0,2.5048,0.0000,2.5072,0.0000,2.5048,0.0000,2.5128,-0.0040,0.0025,0.0000,0.0090
52.3003,0,2.5048,0.0000,2.5068,0.0000,2.5048,0.0000,2.5123,-0.0039,0.0021,0.0000,0.0085
52.4002,0,2.5048,0.0000,2.5067,0.0000,2.5048,0.0000,2.5117,-0.0038,0.0020,0.0000,0.0079
52.5001,0,2.5048,0.0000,2.5064,0.0000,2.5048,0.0000,2.5097,-0.0033,0.0017,0.0000,0.0059
52.6002,0,2.5048,0.0000,2.5067,0.0000,2.5048,0.0000,2.5084,-0.0032,0.0019,0.0000,0.0048
52.7002,0,2.5048,0.0000,2.5062,0.0000,2.5048,0.0000,2.5079,-0.0036,0.0015,0.0000,0.0047
52.8001,0,2.5048,0.0000,2.5063,0.0000,2.5048,0.0000,2.5041,-0.0024,0.0015,0.0000,0.0025
52.9002,0,2.5048,0.0000,2.5061,0.0000,2.5048,0.0000,2.5043,-0.0029,0.0013,0.0000,0.0030
53.0002,0,2.5048,0.0000,2.5059,0.0000,2.5048,0.0000,2.5050,-0.0037,0.0011,0.0000,0.0037
53.1002,0,2.5048,0.0000,2.5057,0.0000,2.5048,0.0000,2.5035,-0.0035,0.0009,0.0000,0.0037
53.2024,0,2.5048,0.0000,2.5058,0.0000,2.5048,0.0000,2.4998,-0.0021,0.0010,0.0000,0.0054
53.3002,0,2.5048,0.0000,2.5058,0.0000,2.5048,0.0000,2.5003,-0.0026,0.0011,0.0000,0.0052
53.4001,0,2.5048,0.0000,2.5057,0.0000,2.5048,0.0000,2.4975,-0.0009,0.0009,0.0000,0.0074
53.5002,0,2.5048,0.0000,2.5056,0.0000,2.5048,0.0000,2.4981,-0.0016,0.0008,0.0000,0.0068
53.6002,0,2.5048,0.0000,2.5056,0.0000,2.5048,0.0000,2.5002,-0.0033,0.0008,0.0000,0.0057
53.7002,0,2.5048,0.0000,2.5054,0.0000,2.5048,0.0000,2.5010,-0.0039,0.0006,0.0000,0.0054
53.8087,0,2.5048,0.0000,2.5053,0.0000,2.5048,0.0000,2.5023,-0.0049,0.0005,0.0000,0.0055
53.9002,0,2.5048,0.0000,2.5053,0.0000,2.5048,0.0000,2.5019,-0.0046,0.0006,0.0000,0.0054
54.0003,0,2.5048,0.0000,2.5052,0.0000,2.5048,0.0000,2.5035,-0.0059,0.0005,0.0000,0.0061
54.1002,0,2.5048,0.0000,2.5051,0.0000,2.5048,0.0000,2.5005,-0.0036,0.0004,0.0000,0.0056
54.2005,0,2.5048,0.0000,2.5051,0.0000,2.5048,0.0000,2.4998,-0.0030,0.0003,0.0000,0.0058
54.3002,0,2.5048,0.0000,2.5050,0.0000,2.5048,0.0000,2.5001,-0.0034,0.0003,0.0000,0.0058
54.4002,0,2.5048,0.0000,2.5050,0.0000,2.5048,0.0000,2.4999,-0.0031,0.0002,0.0000,0.0058
54.5011,0,2.5048,0.0000,2.5051,0.0000,2.5048,0.0000,2.4960,0.0002,0.0003,0.0000,0.0088
54.6002,0,2.5048,0.0000,2.5050,0.0000,2.5048,0.0000,2.4976,-0.0018,0.0003,0.0000,0.0074
54.7012,0,2.5048,0.0000,2.5050,0.0000,2.5048,0.0000,2.4977,-0.0022,0.0003,0.0000,0.0074
54.8002,0,2.5048,0.0000,2.5050,0.0000,2.5048,0.0000,2.4976,-0.0023,0.0002,0.0000,0.0075
54.9004,0,2.5048,0.0000,2.5050,0.0000,2.5048,0.0000,2.4971,-0.0023,0.0002,0.0000,0.0080
55.0004,0,2.5048,0.0000,2.5049,0.0000,2.5048,0.0000,2.4966,-0.0025,0.0002,0.0000,0.0085
55.1008,0,2.5048,0.0000,2.5049,0.0000,2.5048,0.0000,2.4959,-0.0029,0.0002,0.0000,0.0093
55.2002,0,2.5048,0.0000,2.5049,0.0000,2.5048,0.0000,2.4935,-0.0029,0.0001,0.0000,0.0116
55.3002,0,2.5048,0.0000,2.5049,0.0000,2.5048,0.0000,2.4920,-0.0029,0.0001,0.0000,0.0131
55.4002,0,2.5048,0.0000,2.5049,0.0000,2.5048,0.0000,2.4907,-0.0040,0.0001,0.0000,0.0146
55.5003,0,2.5048,0.0000,2.5049,0.0000,2.5048,0.0000,2.4886,-0.0035,0.0001,0.0000,0.0165
55.6003,0,2.5048,0.0000,2.5049,0.0000,2.5048,0.0000,2.4873,-0.0045,0.0001,0.0000,0.0180
55.7008,0,2.5048,0.0000,2.5049,0.0000,2.5048,0.0000,2.4854,-0.0044,0.0001,0.0000,0.0198
55.8043,0,2.5048,0.0000,2.5049,0.0000,2.5048,0.0000,2.4806,0.0007,0.0001,0.0000,0.0242
55.9003,0,2.5048,0.0000,2.5048,0.0000,2.5048,0.0000,2.4785,0.0015,0.0001,0.0000,0.0263
56.0036,0,2.5048,0.0000,2.5048,0.0000,2.5048,0.0000,2.4760,0.0033,0.0001,0.0000,0.0290
56.1002,0,2.5048,0.0000,2.5048,0.0000,2.5048,0.0000,2.4734,0.0005,0.0000,0.0000,0.0313
56.2001,0,2.5048,0.0000,2.5048,0.0000,2.5048,0.0000,2.4703,-0.0002,0.0000,0.0000,0.0345
56.3001,0,2.5048,0.0000,2.5048,0.0000,2.5048,0.0000,2.4642,0.0021,0.0000,0.0000,0.0407
56.4003,0,2.5048,0.0000,2.5048,0.0000,2.5048,0.0000,2.4611,0.0028,0.0000,0.0000,0.0438
56.5003,0,2.5048,0.0000,2.5048,0.0000,2.5048,0.0000,2.4564,0.0040,0.0000,0.0000,0.0485
56.6002,0,2.5048,0.0000,2.5048,0.0000,2.5048,0.0000,2.4521,0.0084,0.0000,0.0000,0.0534
56.7002,0,2.5048,0.0000,2.5048,0.0000,2.5048,0.0000,2.4516,0.0098,0.0000,0.0000,0.0540
56.8001,0,2.5048,0.0000,2.5048,0.0000,2.5048,0.0000,2.4526,0.0100,0.0000,0.0000,0.0531
56.9002,0,2.5048,0.0000,2.5048,0.0000,2.5048,0.0000,2.4551,0.0095,0.0000,0.0000,0.0506
57.0001,0,2.5048,0.0000,2.5048,0.0000,2.5048,0.0000,2.4572,0.0088,0.0000,0.0000,0.0483
57.1002,0,2.5048,0.0000,2.5048,0.0000,2.5048,0.0000,2.4614,0.0062,0.0000,0.0000,0.0438
57.2003,0,2.5048,0.0000,2.5048,0.0000,2.5048,0.0000,2.4644,0.0055,0.0000,0.0000,0.0407
57.3001,0,2.5048,0.0000,2.5048,0.0000,2.5048,0.0000,2.4684,0.0020,0.0000,0.0000,0.0365
57.4002,0,2.5048,0.0000,2.5048,0.0000,2.5048,0.0000,2.4728,-0.0007,0.0000,0.0000,0.0320
57.5001,0,2.5048,0.0000,2.5048,0.0000,2.5048,0.0000,2.4792,-0.0066,0.0000,0.0000,0.0264
57.6002,0,2.5048,0.0000,2.5048,0.0000,2.5048,0.0000,2.4816,-0.0048,0.0000,0.0000,0.0236
57.7001,0,2.5048,0.0000,2.5048,0.0000,2.5048,0.0000,2.4841,-0.0062,0.0000,0.0000,0.0215
57.8001,0,2.5048,0.0000,2.5048,0.0000,2.5048,0.0000,2.4841,-0.0083,0.0000,0.0000,0.0223
57.9001,0,2.5048,0.0000,2.5048,0.0000,2.5048,0.0000,2.4809,-0.0057,0.0000,0.0000,0.0246
58.0024,0,2.5048,0.0000,2.5048,0.0000,2.5048,0.0000,2.4795,-0.0063,0.0000,0.0000,0.0261
58.1001,0,2.5048,0.0000,2.5048,0.0000,2.5048,0.0000,2.4737,-0.0092,0.0000,0.0000,0.0324
58.2001,0,2.5048,0.0000,2.5048,0.0000,2.5048,0.0000,2.4693,-0.0086,0.0000,0.0000,0.0365
58.3001,0,2.5048,0.0000,2.5048,0.0000,2.5048,0.0000,2.4614,-0.0063,0.0000,0.0000,0.0438
58.4003,0,2.5048,0.0000,2.5048,0.0000,2.5048,0.0000,2.4530,-0.0084,0.0000,0.0000,0.0524
58.5006,0,2.5048,0.0000,2.5048,0.0000,2.5048,0.0000,2.4474,-0.0078,0.0000,0.0000,0.0579
58.6005,0,2.5048,0.0000,2.5048,0.0000,2.5048,0.0000,2.4391,-0.0044,0.0000,0.0000,0.0658
58.7002,0,2.5048,0.0000,2.5048,0.0000,2.5048,0.0000,2.4342,-0.0047,0.0000,0.0000,0.0708
58.8004,0,2.5048,0.0000,2.5048,0.0000,2.5048,0.0000,2.4279,-0.0061,0.0000,0.0000,0.0771
58.9002,0,2.5048,0.0000,2.5048,0.0000,2.5048,0.0000,2.4252,-0.0081,0.0000,0.0000,0.0799
59.0002,0,2.5048,0.0000,2.5048,0.0000,2.5048,0.0000,2.4233,-0.0107,0.0000,0.0000,0.0822
59.1001,0,2.5048,0.0000,2.5048,0.0000,2.5048,0.0000,2.4228,-0.0129,0.0000,0.0000,0.0829
59.2002,0,2.5048,0.0000,2.5048,0.0000,2.5048,0.0000,2.4229,-0.0169,0.0000,0.0000,0.0836
59.3002,0,2.5048,0.0000,2.5048,0.0000,2.5048,0.0000,2.4231,-0.0220,0.0000,0.0000,0.0846
59.4003,0,2.5048,0.0000,2.5048,0.0000,2.5048,0.0000,2.4236,-0.0267,0.0000,0.0000,0.0854
59.5003,0,2.5048,0.0000,2.5048,0.0000,2.5048,0.0000,2.4248,-0.0283,0.0000,0.0000,0.0849
59.6005,0,2.5048,0.0000,2.5048,0.0000,2.5048,0.0000,2.4259,-0.0280,0.0000,0.0000,0.0837
59.7006,0,2.5048,-0.0000,2.5048,-0.0000,2.5048,-0.0056,2.4225,-0.0431,0.0000,0.0055,0.0929
59.8001,0,2.5048,-0.0018,2.5048,-0.0004,2.5049,-0.0114,2.4198,-0.0535,0.0015,0.0096,0.0995
59.9002,0,2.5049,-0.0073,2.5048,-0.0031,2.5050,-0.0137,2.4189,-0.0604,0.0041,0.0064,0.1011
60.0001,0,2.5050,-0.0128,2.5049,-0.0093,2.5051,-0.0172,2.4180,-0.0666,0.0036,0.0043,0.1023
60.1001,0,2.5051,-0.0188,2.5050,-0.0150,2.5053,-0.0269,2.4177,-0.0682,0.0038,0.0081,0.1004
60.2001,0,2.5052,-0.0218,2.5051,-0.0179,2.5053,-0.0282,2.4166,-0.0750,0.0040,0.0064,0.1033
60.3001,0,2.5053,-0.0308,2.5053,-0.0271,2.5054,-0.0367,2.4168,-0.0773,0.0037,0.0059,0.1000
60.4001,0,2.5055,-0.0398,2.5054,-0.0364,2.5056,-0.0456,2.4170,-0.0839,0.0034,0.0057,0.0988
60.5002,0,2.5056,-0.0458,2.5055,-0.0424,2.5057,-0.0500,2.4178,-0.0857,0.0035,0.0042,0.0965
60.6012,0,2.5057,-0.0518,2.5057,-0.0487,2.5058,-0.0567,2.4180,-0.0917,0.0031,0.0049,0.0963
60.7001,0,2.5059,-0.0608,2.5058,-0.0588,2.5060,-0.0687,2.4192,-0.1012,0.0021,0.0079,0.0956
60.8012,0,2.5060,-0.0668,2.5059,-0.0644,2.5061,-0.0727,2.4203,-0.1036,0.0024,0.0059,0.0932
60.9002,0,2.5061,-0.0728,2.5061,-0.0708,2.5062,-0.0786,2.4211,-0.1108,0.0020,0.0058,0.0931
61.0001,0,2.5063,-0.0818,2.5062,-0.0800,2.5064,-0.0884,2.4225,-0.1168,0.0018,0.0066,0.0908
61.1004,0,2.5064,-0.0878,2.5064,-0.0864,2.5065,-0.0948,2.4233,-0.1214,0.0015,0.0070,0.0896
61.2001,0,2.5065,-0.0938,2.5065,-0.0924,2.5066,-0.1004,2.4242,-0.1270,0.0015,0.0066,0.0888
61.3001,0,2.5066,-0.0998,2.5066,-0.0986,2.5067,-0.1067,2.4248,-0.1344,0.0012,0.0069,0.0888
61.4001,0,2.5067,-0.1058,2.5067,-0.1046,2.5068,-0.1124,2.4254,-0.1422,0.0012,0.0065,0.0891
61.5003,0,2.5068,-0.1118,2.5068,-0.1110,2.5070,-0.1195,2.4261,-0.1498,0.0008,0.0077,0.0892
61.6001,0,2.5069,-0.1178,2.5069,-0.1174,2.5071,-0.1264,2.4266,-0.1600,0.0005,0.0085,0.0908
61.7001,0,2.5070,-0.1238,2.5070,-0.1233,2.5072,-0.1312,2.4271,-0.1697,0.0005,0.0074,0.0922
61.8004,0,2.5072,-0.1298,2.5071,-0.1293,2.5073,-0.1380,2.4274,-0.1774,0.0005,0.0081,0.0928
61.9001,0,2.5073,-0.1388,2.5072,-0.1351,2.5074,-0.1429,2.4280,-0.1852,0.0038,0.0041,0.0919
62.0055,0,2.5074,-0.1448,2.5074,-0.1442,2.5076,-0.1522,2.4287,-0.1991,0.0006,0.0074,0.0956
62.1003,0,2.5075,-0.1508,2.5075,-0.1504,2.5077,-0.1583,2.4292,-0.2102,0.0004,0.0075,0.0983
62.2001,0,2.5077,-0.1598,2.5077,-0.1583,2.5078,-0.1644,2.4299,-0.2128,0.0015,0.0045,0.0941
62.3001,0,2.5078,-0.1658,2.5078,-0.1648,2.5079,-0.1712,2.4302,-0.2177,0.0010,0.0054,0.0933
62.4003,0,2.5079,-0.1718,2.5079,-0.1708,2.5080,-0.1772,2.4305,-0.2215,0.0010,0.0054,0.0920
62.5002,0,2.5081,-0.1808,2.5081,-0.1799,2.5082,-0.1864,2.4307,-0.2270,0.0009,0.0056,0.0901
62.6001,0,2.5082,-0.1868,2.5082,-0.1867,2.5083,-0.1936,2.4312,-0.2324,0.0001,0.0068,0.0895
62.7001,0,2.5084,-0.1958,2.5083,-0.1949,2.5085,-0.2012,2.4318,-0.2382,0.0009,0.0053,0.0875
62.8002,0,2.5084,-0.1988,2.5084,-0.1985,2.5085,-0.2053,2.4320,-0.2428,0.0003,0.0065,0.0882
62.9001,0,2.5086,-0.2078,2.5086,-0.2075,2.5087,-0.2142,2.4326,-0.2491,0.0003,0.0064,0.0865
63.0001,0,2.5088,-0.2168,2.5087,-0.2158,2.5088,-0.2217,2.4331,-0.2555,0.0010,0.0049,0.0850
63.1002,0,2.5089,-0.2228,2.5089,-0.2227,2.5090,-0.2294,2.4333,-0.2627,0.0001,0.0066,0.0854
63.2002,0,2.5090,-0.2288,2.5090,-0.2291,2.5091,-0.2367,2.4338,-0.2726,0.0003,0.0079,0.0870
63.3194,0,2.5091,-0.2348,2.5091,-0.2349,2.5092,-0.2421,2.4341,-0.2854,0.0001,0.0073,0.0904
63.4001,0,2.5092,-0.2408,2.5092,-0.2405,2.5093,-0.2473,2.4345,-0.2922,0.0003,0.0065,0.0907
63.5001,0,2.5094,-0.2498,2.5094,-0.2494,2.5095,-0.2558,2.4348,-0.2973,0.0004,0.0060,0.0884
63.6001,0,2.5095,-0.2558,2.5095,-0.2552,2.5096,-0.2610,2.4351,-0.2998,0.0006,0.0052,0.0864
63.7001,0,2.5096,-0.2618,2.5096,-0.2618,2.5097,-0.2686,2.4354,-0.3059,0.0000,0.0068,0.0864
63.8006,0,2.5097,-0.2708,2.5097,-0.2704,2.5099,-0.2770,2.4359,-0.3144,0.0004,0.0062,0.0858
63.9001,0,2.5099,-0.2768,2.5098,-0.2764,2.5100,-0.2824,2.4363,-0.3234,0.0004,0.0056,0.0871
64.0003,0,2.5100,-0.2828,2.5100,-0.2823,2.5101,-0.2881,2.4365,-0.3285,0.0005,0.0053,0.0865
64.1003,0,2.5101,-0.2888,2.5101,-0.2890,2.5102,-0.2960,2.4370,-0.3333,0.0002,0.0072,0.0855
64.2002,0,2.5103,-0.3008,2.5103,-0.2997,2.5104,-0.3044,2.4377,-0.3422,0.0011,0.0037,0.0836
64.3001,0,2.5104,-0.3068,2.5104,-0.3059,2.5105,-0.3112,2.4380,-0.3467,0.0009,0.0044,0.0827
64.4003,0,2.5106,-0.3158,2.5106,-0.3153,2.5106,-0.3177,2.4384,-0.3550,0.0005,0.0019,0.0821
64.5005,0,2.5107,-0.3218,2.5107,-0.3212,2.5108,-0.3266,2.4387,-0.3638,0.0005,0.0048,0.0834
64.6008,0,2.5108,-0.3278,2.5108,-0.3273,2.5109,-0.3323,2.4389,-0.3708,0.0005,0.0045,0.0838
64.7002,0,2.5110,-0.3368,2.5109,-0.3344,2.5111,-0.3431,2.4392,-0.3815,0.0024,0.0063,0.0845
64.8017,0,2.5111,-0.3428,2.5111,-0.3429,2.5112,-0.3493,2.4397,-0.3901,0.0001,0.0066,0.0856
64.9001,0,2.5111,-0.3458,2.5112,-0.3473,2.5113,-0.3554,2.4399,-0.3973,0.0016,0.0096,0.0879
65.0005,0,2.5113,-0.3548,2.5113,-0.3546,2.5114,-0.3610,2.4401,-0.4081,0.0002,0.0062,0.0890
65.1002,0,2.5115,-0.3638,2.5114,-0.3629,2.5115,-0.3682,2.4403,-0.4110,0.0009,0.0044,0.0854
65.2004,0,2.5116,-0.3698,2.5116,-0.3694,2.5117,-0.3753,2.4405,-0.4201,0.0004,0.0055,0.0871
65.3002,0,2.5117,-0.3758,2.5117,-0.3761,2.5118,-0.3830,2.4406,-0.4259,0.0003,0.0072,0.0869
65.4001,0,2.5118,-0.3818,2.5118,-0.3821,2.5119,-0.3886,2.4408,-0.4301,0.0003,0.0068,0.0858
65.5002,0,2.5119,-0.3878,2.5119,-0.3880,2.5120,-0.3941,2.4410,-0.4352,0.0002,0.0063,0.0853
65.6001,0,2.5121,-0.3968,2.5121,-0.3966,2.5122,-0.4031,2.4412,-0.4405,0.0001,0.0064,0.0833
65.7001,0,2.5121,-0.3998,2.5121,-0.4005,2.5123,-0.4082,2.4415,-0.4484,0.0007,0.0084,0.0857
65.8002,0,2.5123,-0.4088,2.5123,-0.4084,2.5124,-0.4148,2.4414,-0.4536,0.0003,0.0061,0.0838
65.9001,0,2.5124,-0.4148,2.5124,-0.4144,2.5125,-0.4206,2.4417,-0.4563,0.0004,0.0059,0.0820
66.0001,0,2.5126,-0.4238,2.5125,-0.4203,2.5126,-0.4264,2.4421,-0.4618,0.0034,0.0027,0.0801
66.1002,0,2.5127,-0.4298,2.5127,-0.4298,2.5128,-0.4365,2.4427,-0.4731,0.0000,0.0067,0.0822
66.2102,0,2.5128,-0.4358,2.5128,-0.4357,2.5129,-0.4420,2.4432,-0.4784,0.0001,0.0063,0.0817
66.3004,0,2.5129,-0.4418,2.5129,-0.4416,2.5130,-0.4481,2.4436,-0.4863,0.0001,0.0064,0.0823
66.4096,0,2.5130,-0.4478,2.5130,-0.4482,2.5131,-0.4549,2.4442,-0.4961,0.0004,0.0071,0.0841
66.5084,0,2.5131,-0.4538,2.5131,-0.4540,2.5133,-0.4614,2.4448,-0.5027,0.0003,0.0076,0.0840
66.6002,0,2.5132,-0.4598,2.5132,-0.4601,2.5134,-0.4676,2.4451,-0.5102,0.0004,0.0079,0.0848
66.7077,0,2.5133,-0.4628,2.5133,-0.4642,2.5135,-0.4735,2.4455,-0.5185,0.0015,0.0107,0.0878
66.8003,0,2.5134,-0.4688,2.5134,-0.4699,2.5136,-0.4789,2.4459,-0.5259,0.0011,0.0102,0.0884
66.9007,0,2.5134,-0.4718,2.5135,-0.4741,2.5137,-0.4852,2.4463,-0.5344,0.0023,0.0134,0.0918
67.0003,0,2.5136,-0.4778,2.5136,-0.4789,2.5138,-0.4888,2.4469,-0.5391,0.0011,0.0111,0.0906
67.1003,0,2.5137,-0.4868,2.5137,-0.4860,2.5138,-0.4932,2.4480,-0.5442,0.0008,0.0065,0.0873
67.2003,0,2.5139,-0.4958,2.5139,-0.4943,2.5140,-0.5001,2.4487,-0.5469,0.0015,0.0044,0.0829
67.3065,0,2.5140,-0.5018,2.5140,-0.5010,2.5141,-0.5076,2.4492,-0.5533,0.0008,0.0059,0.0828
67.4002,0,2.5141,-0.5078,2.5141,-0.5073,2.5142,-0.5143,2.4499,-0.5605,0.0004,0.0066,0.0831
67.5002,0,2.5142,-0.5138,2.5142,-0.5129,2.5143,-0.5195,2.4503,-0.5637,0.0008,0.0057,0.0811
67.6002,0,2.5144,-0.5227,2.5144,-0.5218,2.5145,-0.5278,2.4507,-0.5722,0.0009,0.0051,0.0806
67.7020,0,2.5145,-0.5317,2.5145,-0.5278,2.5146,-0.5336,2.4510,-0.5790,0.0040,0.0019,0.0792
67.8002,0,2.5147,-0.5377,2.5146,-0.5366,2.5147,-0.5419,2.4516,-0.5845,0.0012,0.0041,0.0785
67.9002,0,2.5148,-0.5467,2.5148,-0.5460,2.5149,-0.5488,2.4523,-0.5960,0.0008,0.0020,0.0796
68.0001,0,2.5149,-0.5527,2.5149,-0.5520,2.5150,-0.5579,2.4528,-0.5995,0.0007,0.0052,0.0777
68.1001,0,2.5151,-0.5617,2.5151,-0.5609,2.5152,-0.5662,2.4532,-0.6059,0.0009,0.0044,0.0760
68.2002,0,2.5153,-0.5707,2.5152,-0.5698,2.5153,-0.5747,2.4539,-0.6139,0.0010,0.0040,0.0750
68.3015,0,2.5154,-0.5767,2.5154,-0.5760,2.5155,-0.5811,2.4543,-0.6169,0.0008,0.0044,0.0731
68.4004,0,2.5155,-0.5857,2.5155,-0.5854,2.5156,-0.5910,2.4550,-0.6234,0.0003,0.0052,0.0712
68.5007,0,2.5157,-0.5947,2.5157,-0.5944,2.5158,-0.5997,2.4557,-0.6327,0.0004,0.0050,0.0710
68.6009,0,2.5158,-0.6007,2.5158,-0.6004,2.5159,-0.6057,2.4562,-0.6384,0.0003,0.0050,0.0705
68.7045,0,2.5160,-0.6097,2.5160,-0.6092,2.5161,-0.6143,2.4567,-0.6481,0.0005,0.0045,0.0706
68.8002,0,2.5161,-0.6187,2.5161,-0.6187,2.5162,-0.6240,2.4570,-0.6584,0.0001,0.0053,0.0712
68.9003,0,2.5163,-0.6247,2.5163,-0.6246,2.5163,-0.6298,2.4572,-0.6648,0.0002,0.0050,0.0713
69.0002,0,2.5164,-0.6337,2.5164,-0.6335,2.5165,-0.6387,2.4577,-0.6711,0.0002,0.0050,0.0696
69.1005,0,2.5165,-0.6397,2.5165,-0.6389,2.5166,-0.6436,2.4581,-0.6777,0.0008,0.0039,0.0697
69.2002,0,2.5167,-0.6487,2.5167,-0.6485,2.5168,-0.6535,2.4586,-0.6836,0.0003,0.0047,0.0678
69.3003,0,2.5168,-0.6547,2.5168,-0.6541,2.5169,-0.6589,2.4588,-0.6879,0.0006,0.0042,0.0668
69.4002,0,2.5170,-0.6637,2.5170,-0.6642,2.5171,-0.6698,2.4595,-0.7034,0.0005,0.0061,0.0699
69.5004,0,2.5171,-0.6727,2.5171,-0.6698,2.5172,-0.6752,2.4600,-0.7093,0.0029,0.0025,0.0678
69.6002,0,2.5172,-0.6787,2.5172,-0.6780,2.5173,-0.6827,2.4605,-0.7160,0.0007,0.0039,0.0679
69.7001,0,2.5174,-0.6877,2.5174,-0.6879,2.5175,-0.6931,2.4613,-0.7261,0.0002,0.0054,0.0680
69.8002,0,2.5175,-0.6937,2.5175,-0.6929,2.5176,-0.6973,2.4617,-0.7306,0.0008,0.0036,0.0669
69.9001,0,2.5177,-0.7027,2.5177,-0.7031,2.5178,-0.7089,2.4624,-0.7424,0.0003,0.0062,0.0681
70.0003,0,2.5178,-0.7087,2.5178,-0.7091,2.5179,-0.7149,2.4627,-0.7491,0.0004,0.0061,0.0683
70.1003,0,2.5180,-0.7177,2.5180,-0.7176,2.5181,-0.7224,2.4635,-0.7559,0.0002,0.0047,0.0666
70.2003,0,2.5181,-0.7237,2.5181,-0.7242,2.5182,-0.7299,2.4640,-0.7632,0.0005,0.0062,0.0669
70.3002,0,2.5182,-0.7327,2.5182,-0.7324,2.5183,-0.7375,2.4647,-0.7714,0.0003,0.0048,0.0661
70.4001,0,2.5184,-0.7417,2.5184,-0.7412,2.5185,-0.7459,2.4654,-0.7810,0.0005,0.0042,0.0660
70.5003,0,2.5185,-0.7477,2.5185,-0.7474,2.5186,-0.7525,2.4657,-0.7858,0.0003,0.0048,0.0651
70.6002,0,2.5186,-0.7537,2.5186,-0.7539,2.5187,-0.7595,2.4661,-0.7936,0.0002,0.0057,0.0659
70.7001,0,2.5187,-0.7597,2.5188,-0.7603,2.5189,-0.7663,2.4663,-0.7961,0.0006,0.0066,0.0639
70.8002,0,2.5189,-0.7687,2.5189,-0.7691,2.5190,-0.7750,2.4673,-0.8069,0.0004,0.0063,0.0642
70.9001,0,2.5191,-0.7777,2.5191,-0.7778,2.5192,-0.7833,2.4678,-0.8139,0.0001,0.0056,0.0627
71.0002,0,2.5192,-0.7837,2.5192,-0.7841,2.5193,-0.7897,2.4683,-0.8194,0.0004,0.0060,0.0622
71.1002,0,2.5193,-0.7927,2.5193,-0.7925,2.5194,-0.7977,2.4689,-0.8250,0.0002,0.0050,0.0599
71.2004,0,2.5195,-0.7987,2.5195,-0.7988,2.5196,-0.8044,2.4694,-0.8330,0.0001,0.0056,0.0607
71.3001,0,2.5196,-0.8077,2.5196,-0.8072,2.5197,-0.8122,2.4702,-0.8396,0.0005,0.0045,0.0588
71.4027,0,2.5197,-0.8137,2.5197,-0.8129,2.5198,-0.8176,2.4707,-0.8460,0.0008,0.0039,0.0587
71.5047,0,2.5199,-0.8227,2.5199,-0.8224,2.5200,-0.8275,2.4713,-0.8562,0.0003,0.0048,0.0590
71.6033,0,2.5200,-0.8257,2.5200,-0.8262,2.5201,-0.8316,2.4715,-0.8611,0.0005,0.0059,0.0601
71.7003,0,2.5201,-0.8347,2.5201,-0.8328,2.5203,-0.8419,2.4721,-0.8752,0.0019,0.0072,0.0628
71.8002,0,2.5202,-0.8407,2.5202,-0.8409,2.5203,-0.8471,2.4725,-0.8848,0.0002,0.0064,0.0650
71.9002,0,2.5203,-0.8467,2.5203,-0.8470,2.5205,-0.8534,2.4728,-0.8940,0.0003,0.0068,0.0671
72.0002,0,2.5205,-0.8527,2.5205,-0.8530,2.5206,-0.8592,2.4729,-0.8992,0.0003,0.0065,0.0665
72.1011,0,2.5206,-0.8587,2.5206,-0.8594,2.5207,-0.8664,2.4731,-0.9064,0.0007,0.0077,0.0673
72.2017,0,2.5207,-0.8647,2.5207,-0.8652,2.5208,-0.8723,2.4734,-0.9101,0.0005,0.0076,0.0656
72.3004,0,2.5208,-0.8737,2.5208,-0.8727,2.5209,-0.8783,2.4736,-0.9159,0.0009,0.0046,0.0634
72.4001,0,2.5209,-0.8797,2.5209,-0.8791,2.5211,-0.8854,2.4738,-0.9234,0.0006,0.0058,0.0644
72.5002,0,2.5211,-0.8887,2.5211,-0.8880,2.5212,-0.8934,2.4741,-0.9283,0.0007,0.0047,0.0615
72.6008,0,2.5213,-0.8977,2.5213,-0.8969,2.5214,-0.9021,2.4741,-0.9346,0.0008,0.0044,0.0599
72.7002,0,2.5214,-0.9067,2.5214,-0.9058,2.5215,-0.9106,2.4748,-0.9439,0.0009,0.0039,0.0597
72.8003,0,2.5216,-0.9127,2.5216,-0.9129,2.5217,-0.9193,2.4753,-0.9534,0.0002,0.0066,0.0616
72.9002,0,2.5217,-0.9217,2.5217,-0.9211,2.5218,-0.9264,2.4757,-0.9589,0.0005,0.0047,0.0592
73.0002,0,2.5218,-0.9277,2.5218,-0.9281,2.5220,-0.9344,2.4762,-0.9664,0.0004,0.0067,0.0599
73.1003,0,2.5219,-0.9337,2.5219,-0.9342,2.5221,-0.9406,2.4767,-0.9741,0.0005,0.0069,0.0607
73.2004,0,2.5221,-0.9397,2.5221,-0.9397,2.5222,-0.9455,2.4773,-0.9827,0.0000,0.0058,0.0621
73.3004,0,2.5222,-0.9487,2.5222,-0.9493,2.5223,-0.9559,2.4780,-0.9955,0.0006,0.0072,0.0644
73.4002,0,2.5223,-0.9547,2.5223,-0.9551,2.5225,-0.9616,2.4785,-1.0050,0.0004,0.0069,0.0667
73.5004,0,2.5224,-0.9607,2.5224,-0.9605,2.5225,-0.9666,2.4787,-1.0089,0.0002,0.0059,0.0651
73.6010,0,2.5226,-0.9697,2.5226,-0.9693,2.5227,-0.9746,2.4794,-1.0174,0.0004,0.0049,0.0643
73.7003,0,2.5227,-0.9727,2.5227,-0.9722,2.5228,-0.9779,2.4797,-1.0205,0.0004,0.0053,0.0643
73.8043,0,2.5228,-0.9787,2.5228,-0.9792,2.5229,-0.9862,2.4800,-1.0302,0.0006,0.0075,0.0669
73.9003,0,2.5229,-0.9847,2.5229,-0.9849,2.5230,-0.9917,2.4802,-1.0349,0.0002,0.0070,0.0659
74.0006,0,2.5230,-0.9937,2.5231,-0.9942,2.5232,-1.0015,2.4804,-1.0393,0.0006,0.0079,0.0624
74.1002,0,2.5232,-0.9997,2.5232,-1.0004,2.5233,-1.0081,2.4808,-1.0469,0.0008,0.0085,0.0634
74.2004,0,2.5233,-1.0057,2.5233,-1.0057,2.5233,-1.0084,2.4810,-1.0509,0.0001,0.0027,0.0619
74.3028,0,2.5233,-1.0057,2.5233,-1.0081,2.5233,-1.0074,2.4808,-1.0471,0.0024,0.0018,0.0593
74.4002,0,2.5233,-1.0057,2.5233,-1.0094,2.5233,-1.0061,2.4809,-1.0436,0.0037,0.0005,0.0569
74.5002,0,2.5233,-1.0057,2.5233,-1.0096,2.5233,-1.0058,2.4812,-1.0394,0.0040,0.0002,0.0539
74.6003,0,2.5233,-1.0057,2.5233,-1.0089,2.5233,-1.0057,2.4815,-1.0363,0.0032,0.0001,0.0518
74.7048,0,2.5233,-1.0057,2.5233,-1.0092,2.5233,-1.0057,2.4821,-1.0311,0.0035,0.0000,0.0484
74.8004,0,2.5233,-1.0057,2.5233,-1.0088,2.5233,-1.0057,2.4827,-1.0284,0.0032,0.0000,0.0465
74.9004,0,2.5233,-1.0057,2.5233,-1.0087,2.5233,-1.0057,2.4833,-1.0277,0.0030,0.0000,0.0456
75.0002,0,2.5233,-1.0057,2.5233,-1.0080,2.5233,-1.0057,2.4847,-1.0249,0.0023,0.0000,0.0431
75.1001,0,2.5233,-1.0057,2.5233,-1.0078,2.5233,-1.0057,2.4862,-1.0218,0.0022,0.0000,0.0404
75.2002,0,2.5233,-1.0057,2.5233,-1.0077,2.5233,-1.0057,2.4875,-1.0204,0.0021,0.0000,0.0387
75.3002,0,2.5233,-1.0057,2.5233,-1.0075,2.5233,-1.0057,2.4882,-1.0195,0.0018,0.0000,0.0377
75.4001,0,2.5233,-1.0057,2.5233,-1.0076,2.5233,-1.0057,2.4889,-1.0181,0.0020,0.0000,0.0366
75.5007,0,2.5233,-1.0057,2.5233,-1.0072,2.5233,-1.0057,2.4895,-1.0184,0.0016,0.0000,0.0361
75.6002,0,2.5233,-1.0057,2.5233,-1.0071,2.5233,-1.0057,2.4898,-1.0163,0.0015,0.0000,0.0351
75.7002,0,2.5233,-1.0057,2.5233,-1.0070,2.5233,-1.0057,2.4904,-1.0128,0.0013,0.0000,0.0336
75.8003,0,2.5233,-1.0057,2.5233,-1.0067,2.5233,-1.0057,2.4911,-1.0066,0.0010,0.0000,0.0322
75.9005,0,2.5233,-1.0057,2.5233,-1.0066,2.5233,-1.0057,2.4900,-1.0055,0.0009,0.0000,0.0333
76.0042,0,2.5233,-1.0057,2.5233,-1.0067,2.5233,-1.0057,2.4894,-1.0032,0.0011,0.0000,0.0339
76.1031,0,2.5233,-1.0057,2.5233,-1.0067,2.5233,-1.0057,2.4888,-1.0004,0.0010,0.0000,0.0348
76.2014,0,2.5233,-1.0057,2.5233,-1.0066,2.5233,-1.0057,2.4883,-0.9972,0.0009,0.0000,0.0360
76.3002,0,2.5233,-1.0057,2.5233,-1.0064,2.5233,-1.0057,2.4882,-0.9924,0.0008,0.0000,0.0375
76.4003,0,2.5233,-1.0057,2.5233,-1.0064,2.5233,-1.0057,2.4861,-0.9901,0.0007,0.0000,0.0402
76.5003,0,2.5233,-1.0057,2.5233,-1.0063,2.5233,-1.0057,2.4836,-0.9862,0.0006,0.0000,0.0442
76.6084,0,2.5233,-1.0057,2.5233,-1.0062,2.5233,-1.0057,2.4830,-0.9833,0.0005,0.0000,0.0461
76.7002,0,2.5233,-1.0057,2.5233,-1.0062,2.5233,-1.0057,2.4786,-0.9859,0.0005,0.0000,0.0488
76.8002,0,2.5233,-1.0057,2.5233,-1.0061,2.5233,-1.0057,2.4745,-0.9889,0.0005,0.0000,0.0516
76.9002,0,2.5233,-1.0057,2.5233,-1.0061,2.5233,-1.0057,2.4721,-0.9906,0.0004,0.0000,0.0533
77.0003,0,2.5233,-1.0057,2.5233,-1.0060,2.5233,-1.0057,2.4714,-0.9895,0.0004,0.0000,0.0543
77.1002,0,2.5233,-1.0057,2.5233,-1.0060,2.5233,-1.0057,2.4701,-0.9883,0.0003,0.0000,0.0559
77.2002,0,2.5233,-1.0057,2.5233,-1.0059,2.5233,-1.0057,2.4712,-0.9849,0.0002,0.0000,0.0560
77.3002,0,2.5233,-1.0057,2.5233,-1.0059,2.5233,-1.0057,2.4696,-0.9855,0.0003,0.0000,0.0573
77.4003,0,2.5233,-1.0057,2.5233,-1.0059,2.5233,-1.0057,2.4726,-0.9809,0.0002,0.0000,0.0564
77.5001,0,2.5233,-1.0057,2.5233,-1.0058,2.5233,-1.0057,2.4753,-0.9769,0.0002,0.0000,0.0559
77.6004,0,2.5233,-1.0057,2.5233,-1.0059,2.5233,-1.0057,2.4764,-0.9742,0.0002,0.0000,0.0565
77.7002,0,2.5233,-1.0057,2.5233,-1.0058,2.5233,-1.0057,2.4761,-0.9734,0.0002,0.0000,0.0571
77.8003,0,2.5233,-1.0057,2.5233,-1.0058,2.5233,-1.0057,2.4752,-0.9735,0.0002,0.0000,0.0579
77.9002,0,2.5233,-1.0057,2.5233,-1.0058,2.5233,-1.0057,2.4782,-0.9701,0.0002,0.0000,0.0574
78.0003,0,2.5233,-1.0057,2.5233,-1.0058,2.5233,-1.0057,2.4758,-0.9716,0.0001,0.0000,0.0584
78.1002,0,2.5233,-1.0057,2.5233,-1.0058,2.5233,-1.0057,2.4783,-0.9698,0.0001,0.0000,0.0575
78.2004,0,2.5233,-1.0057,2.5233,-1.0058,2.5233,-1.0057,2.4771,-0.9714,0.0001,0.0000,0.0575
78.3002,0,2.5233,-1.0057,2.5233,-1.0057,2.5233,-1.0057,2.4777,-0.9717,0.0001,0.0000,0.0568
78.4002,0,2.5233,-1.0057,2.5233,-1.0057,2.5233,-1.0057,2.4776,-0.9719,0.0001,0.0000,0.0568
78.5012,0,2.5233,-1.0057,2.5233,-1.0057,2.5233,-1.0057,2.4778,-0.9725,0.0001,0.0000,0.0563
78.6002,0,2.5233,-1.0057,2.5233,-1.0057,2.5233,-1.0057,2.4749,-0.9752,0.0001,0.0000,0.0571
78.7003,0,2.5233,-1.0057,2.5233,-1.0057,2.5233,-1.0057,2.4704,-0.9784,0.0001,0.0000,0.0595
78.8003,0,2.5233,-1.0057,2.5233,-1.0057,2.5233,-1.0057,2.4706,-0.9788,0.0001,0.0000,0.0592
78.9005,0,2.5233,-1.0057,2.5233,-1.0057,2.5233,-1.0057,2.4684,-0.9808,0.0001,0.0000,0.0603
79.0004,0,2.5233,-1.0057,2.5233,-1.0057,2.5233,-1.0057,2.4674,-0.9817,0.0001,0.0000,0.0608
79.1008,0,2.5233,-1.0057,2.5233,-1.0057,2.5233,-1.0057,2.4659,-0.9833,0.0001,0.0000,0.0616
79.2003,0,2.5233,-1.0057,2.5233,-1.0057,2.5233,-1.0057,2.4673,-0.9831,0.0001,0.0000,0.0603
79.3003,0,2.5233,-1.0057,2.5233,-1.0057,2.5233,-1.0057,2.4682,-0.9838,0.0000,0.0000,0.0593
79.4003,0,2.5233,-1.0057,2.5233,-1.0057,2.5233,-1.0057,2.4678,-0.9846,0.0000,0.0000,0.0594
79.5008,0,2.5233,-1.0057,2.5233,-1.0057,2.5233,-1.0057,2.4723,-0.9829,0.0000,0.0000,0.0558
79.6003,0,2.5233,-1.0057,2.5233,-1.0057,2.5233,-1.0057,2.4785,-0.9802,0.0000,0.0000,0.0515
79.7002,0,2.5233,-1.0057,2.5233,-1.0057,2.5233,-1.0057,2.4821,-0.9785,0.0000,0.0000,0.0494
79.8012,0,2.5233,-1.0057,2.5233,-1.0057,2.5233,-1.0057,2.4859,-0.9767,0.0000,0.0000,0.0472
79.9003,0,2.5233,-1.0057,2.5233,-1.0057,2.5233,-1.0057,2.4873,-0.9761,0.0000,0.0000,0.0465
80.0006,0,2.5233,-1.0057,2.5233,-1.0057,2.5233,-1.0057,2.4857,-0.9769,0.0000,0.0000,0.0474
80.1002,0,2.5233,-1.0057,2.5233,-1.0057,2.5233,-1.0057,2.4855,-0.9766,0.0000,0.0000,0.0476
80.2002,0,2.5233,-1.0057,2.5233,-1.0057,2.5233,-1.0057,2.4916,-0.9744,0.0000,0.0000,0.0445
80.3001,0,2.5233,-1.0057,2.5233,-1.0057,2.5233,-1.0057,2.4974,-0.9721,0.0000,0.0000,0.0424
80.4002,0,2.5233,-1.0057,2.5233,-1.0057,2.5233,-1.0057,2.4987,-0.9711,0.0000,0.0000,0.0424
80.5002,0,2.5233,-1.0057,2.5233,-1.0057,2.5233,-1.0057,2.5018,-0.9691,0.0000,0.0000,0.0424
80.6003,0,2.5233,-1.0057,2.5233,-1.0057,2.5233,-1.0057,2.5027,-0.9684,0.0000,0.0000,0.0425
80.7085,0,2.5233,-1.0057,2.5233,-1.0057,2.5233,-1.0057,2.5082,-0.9674,0.0000,0.0000,0.0411
80.8024,0,2.5233,-1.0057,2.5233,-1.0057,2.5233,-1.0057,2.5081,-0.9668,0.0000,0.0000,0.0417
80.9003,0,2.5233,-1.0057,2.5233,-1.0057,2.5233,-1.0057,2.5100,-0.9662,0.0000,0.0000,0.0416
81.0007,0,2.5233,-1.0057,2.5233,-1.0057,2.5233,-1.0057,2.5107,-0.9648,0.0000,0.0000,0.0428
81.1002,0,2.5233,-1.0057,2.5233,-1.0057,2.5233,-1.0057,2.5141,-0.9626,0.0000,0.0000,0.0440
81.2021,0,2.5233,-1.0057,2.5233,-1.0057,2.5233,-1.0057,2.5238,-0.9593,0.0000,0.0000,0.0464
81.3009,0,2.5233,-1.0057,2.5233,-1.0057,2.5233,-1.0057,2.5340,-0.9552,0.0000,0.0000,0.0516
81.4002,0,2.5233,-1.0057,2.5233,-1.0057,2.5233,-1.0057,2.5446,-0.9512,0.0000,0.0000,0.0585
81.5034,0,2.5233,-1.0057,2.5233,-1.0057,2.5233,-1.0057,2.5497,-0.9486,0.0000,0.0000,0.0629
81.6003,0,2.5233,-1.0057,2.5233,-1.0057,2.5233,-1.0057,2.5552,-0.9471,0.0000,0.0000,0.0667
81.7005,0,2.5233,-1.0057,2.5233,-1.0057,2.5233,-1.0057,2.5585,-0.9459,0.0000,0.0000,0.0694
81.8015,0,2.5233,-1.0057,2.5233,-1.0057,2.5233,-1.0057,2.5582,-0.9450,0.0000,0.0000,0.0699
81.9002,0,2.5233,-1.0057,2.5233,-1.0057,2.5233,-1.0057,2.5540,-0.9441,0.0000,0.0000,0.0688
82.0005,0,2.5233,-1.0057,2.5233,-1.0057,2.5233,-1.0057,2.5577,-0.9439,0.0000,0.0000,0.0707
82.1003,0,2.5233,-1.0057,2.5233,-1.0057,2.5233,-1.0057,2.5609,-0.9421,0.0000,0.0000,0.0739
82.2002,0,2.5233,-1.0057,2.5233,-1.0057,2.5233,-1.0057,2.5631,-0.9408,0.0000,0.0000,0.0762
82.3044,0,2.5233,-1.0057,2.5233,-1.0057,2.5233,-1.0057,2.5683,-0.9395,0.0000,0.0000,0.0800
82.4002,0,2.5233,-1.0057,2.5233,-1.0057,2.5233,-1.0057,2.5685,-0.9374,0.0000,0.0000,0.0819
82.5005,0,2.5233,-1.0057,2.5233,-1.0057,2.5233,-1.0057,2.5683,-0.9361,0.0000,0.0000,0.0829
82.6003,0,2.5233,-1.0057,2.5233,-1.0057,2.5233,-1.0057,2.5678,-0.9349,0.0000,0.0000,0.0836
82.7002,0,2.5233,-1.0057,2.5233,-1.0057,2.5233,-1.0057,2.5636,-0.9325,0.0000,0.0000,0.0835
82.8003,0,2.5233,-1.0057,2.5233,-1.0057,2.5233,-1.0057,2.5637,-0.9319,0.0000,0.0000,0.0841
82.9001,0,2.5233,-1.0057,2.5233,-1.0057,2.5233,-1.0057,2.5635,-0.9309,0.0000,0.0000,0.0849
83.0003,0,2.5233,-1.0057,2.5233,-1.0057,2.5233,-1.0057,2.5609,-0.9294,0.0000,0.0000,0.0850
83.1002,0,2.5233,-1.0057,2.5233,-1.0057,2.5233,-1.0057,2.5593,-0.9289,0.0000,0.0000,0.0847
83.2006,0,2.5233,-1.0057,2.5233,-1.0057,2.5233,-1.0057,2.5547,-0.9278,0.0000,0.0000,0.0839
83.3002,0,2.5233,-1.0057,2.5233,-1.0057,2.5233,-1.0057,2.5544,-0.9277,0.0000,0.0000,0.0840
83.4003,0,2.5233,-1.0057,2.5233,-1.0057,2.5233,-1.0057,2.5482,-0.9268,0.0000,0.0000,0.0827
83.5003,0,2.5233,-1.0057,2.5233,-1.0057,2.5233,-1.0057,2.5472,-0.9268,0.0000,0.0000,0.0824
83.6002,0,2.5233,-1.0057,2.5233,-1.0057,2.5233,-1.0057,2.5455,-0.9266,0.0000,0.0000,0.0821
83.7002,0,2.5233,-1.0057,2.5233,-1.0057,2.5233,-1.0057,2.5439,-0.9265,0.0000,0.0000,0.0818
83.8065,0,2.5233,-1.0057,2.5233,-1.0057,2.5233,-1.0057,2.5432,-0.9265,0.0000,0.0000,0.0816
83.9002,0,2.5232,-1.0057,2.5232,-1.0057,2.5147,-1.0058,2.5317,-0.9237,0.0000,0.0085,0.0824
84.0048,0,2.5228,-1.0057,2.5230,-1.0057,2.5104,-1.0059,2.5228,-0.9216,0.0003,0.0123,0.0840
84.1003,0,2.5207,-1.0057,2.5218,-1.0057,2.5053,-1.0060,2.5153,-0.9208,0.0011,0.0154,0.0851
84.2003,0,2.5170,-1.0058,2.5191,-1.0057,2.5023,-1.0060,2.5110,-0.9203,0.0020,0.0148,0.0857
84.3117,0,2.5146,-1.0058,2.5171,-1.0058,2.4988,-1.0061,2.4951,-0.9181,0.0025,0.0158,0.0898
84.4001,0,2.5118,-1.0059,2.5144,-1.0058,2.4921,-1.0062,2.4804,-0.9161,0.0027,0.0197,0.0951
84.5008,0,2.5088,-1.0059,2.5116,-1.0059,2.4891,-1.0063,2.4751,-0.9157,0.0028,0.0197,0.0963
84.6061,0,2.5058,-1.0060,2.5089,-1.0059,2.4895,-1.0063,2.4785,-0.9171,0.0031,0.0163,0.0930
84.7003,0,2.5028,-1.0060,2.5058,-1.0060,2.4864,-1.0063,2.4728,-0.9170,0.0031,0.0164,0.0939
84.8004,0,2.4968,-1.0061,2.4995,-1.0061,2.4802,-1.0064,2.4612,-0.9166,0.0027,0.0166,0.0964
84.9002,0,2.4938,-1.0062,2.4962,-1.0062,2.4756,-1.0065,2.4559,-0.9166,0.0024,0.0182,0.0973
85.0004,0,2.4908,-1.0063,2.4933,-1.0062,2.4756,-1.0065,2.4564,-0.9176,0.0025,0.0152,0.0951
85.1003,0,2.4878,-1.0063,2.4902,-1.0063,2.4724,-1.0066,2.4513,-0.9182,0.0024,0.0154,0.0953
85.2003,1,2.4848,-1.0064,2.4860,-1.0063,2.4621,-1.0068,2.4462,-0.9178,0.0012,0.0227,0.0966
85.3003,1,2.4818,-1.0064,2.4846,-1.0064,2.4531,-1.0069,2.4362,-0.9168,0.0028,0.0286,0.1006
85.4005,1,2.4758,-1.0065,2.4820,-1.0064,2.4366,-1.0072,2.4185,-0.9148,0.0062,0.0392,0.1081
85.5003,1,2.4728,-1.0066,2.4802,-1.0064,2.4231,-1.0075,2.4059,-0.9138,0.0074,0.0497,0.1144
85.6004,1,2.4668,-1.0067,2.4772,-1.0065,2.4045,-1.0078,2.3891,-0.9123,0.0104,0.0623,0.1223
85.7002,1,2.4638,-1.0067,2.4754,-1.0065,2.3921,-1.0081,2.3747,-0.9109,0.0116,0.0717,0.1309
85.8073,1,2.4608,-1.0068,2.4735,-1.0066,2.3800,-1.0083,2.3653,-0.9101,0.0128,0.0808,0.1359
85.9002,1,2.4578,-1.0069,2.4714,-1.0066,2.3663,-1.0085,2.3517,-0.9088,0.0136,0.0915,0.1444
86.0004,1,2.4518,-1.0070,2.4679,-1.0067,2.3418,-1.0090,2.3262,-0.9069,0.0161,0.1100,0.1606
86.1004,1,2.4488,-1.0070,2.4665,-1.0067,2.3332,-1.0092,2.3154,-0.9063,0.0177,0.1156,0.1671
86.2014,0,2.4458,-1.0071,2.4649,-1.0067,2.3231,-1.0093,2.3037,-0.9052,0.0191,0.1227,0.1748
86.3046,0,2.4398,-1.0072,2.4419,-1.0072,2.4071,-1.0078,2.3261,-0.9100,0.0021,0.0327,0.1496
86.4002,0,2.4368,-1.0072,2.4375,-1.0072,2.4133,-1.0077,2.3417,-0.9130,0.0008,0.0235,0.1339
86.5044,0,2.4338,-1.0073,2.4343,-1.0073,2.4154,-1.0076,2.3555,-0.9152,0.0005,0.0184,0.1208
86.6026,0,2.4308,-1.0074,2.4313,-1.0073,2.4138,-1.0077,2.3582,-0.9166,0.0005,0.0170,0.1162
86.7023,0,2.4278,-1.0074,2.4283,-1.0074,2.4116,-1.0077,2.3606,-0.9176,0.0005,0.0162,0.1122
86.8003,0,2.4218,-1.0075,2.4223,-1.0075,2.4064,-1.0078,2.3647,-0.9196,0.0005,0.0154,0.1048
86.9002,0,2.4158,-1.0076,2.4173,-1.0076,2.4053,-1.0078,2.3676,-0.9212,0.0015,0.0105,0.0989
87.0003,0,2.4068,-1.0078,2.4092,-1.0078,2.4002,-1.0079,2.3699,-0.9230,0.0024,0.0065,0.0925
87.1015,0,2.4008,-1.0079,2.4035,-1.0079,2.3963,-1.0080,2.3691,-0.9241,0.0028,0.0045,0.0896
87.2002,0,2.3918,-1.0081,2.3945,-1.0080,2.3877,-1.0081,2.3676,-0.9259,0.0027,0.0041,0.0856
87.3009,0,2.3828,-1.0082,2.3849,-1.0082,2.3776,-1.0083,2.3603,-0.9271,0.0021,0.0052,0.0842
87.4002,0,2.3738,-1.0084,2.3761,-1.0084,2.3700,-1.0085,2.3537,-0.9280,0.0023,0.0038,0.0828
87.5002,0,2.3678,-1.0085,2.3699,-1.0085,2.3634,-1.0086,2.3475,-0.9287,0.0021,0.0044,0.0824
87.6003,0,2.3588,-1.0087,2.3606,-1.0086,2.3541,-1.0088,2.3348,-0.9298,0.0018,0.0047,0.0825
87.7002,0,2.3528,-1.0088,2.3542,-1.0088,2.3473,-1.0089,2.3265,-0.9304,0.0014,0.0055,0.0827
87.8001,0,2.3438,-1.0090,2.3450,-1.0089,2.3383,-1.0091,2.3129,-0.9314,0.0012,0.0055,0.0835
87.9002,0,2.3378,-1.0091,2.3388,-1.0090,2.3320,-1.0092,2.3043,-0.9319,0.0010,0.0058,0.0841
88.0047,0,2.3288,-1.0092,2.3297,-1.0092,2.3227,-1.0093,2.2958,-0.9327,0.0009,0.0062,0.0833
88.1004,0,2.3198,-1.0094,2.3212,-1.0094,2.3154,-1.0095,2.2899,-0.9336,0.0013,0.0044,0.0815
88.2004,0,2.3138,-1.0095,2.3145,-1.0095,2.3078,-1.0096,2.2824,-0.9342,0.0007,0.0060,0.0816
88.3002,0,2.3078,-1.0096,2.3081,-1.0096,2.3011,-1.0097,2.2741,-0.9346,0.0003,0.0067,0.0822
88.4009,0,2.3018,-1.0097,2.3019,-1.0097,2.2947,-1.0099,2.2652,-0.9352,0.0001,0.0071,0.0830
88.5003,0,2.2988,-1.0098,2.2973,-1.0098,2.2881,-1.0100,2.2565,-0.9355,0.0015,0.0108,0.0855
88.6012,0,2.2928,-1.0099,2.2927,-1.0099,2.2845,-1.0100,2.2467,-0.9362,0.0001,0.0083,0.0869
88.7003,0,2.2898,-1.0099,2.2881,-1.0100,2.2782,-1.0102,2.2394,-0.9366,0.0017,0.0116,0.0890
88.8001,0,2.2868,-1.0100,2.2853,-1.0100,2.2740,-1.0102,2.2340,-0.9369,0.0015,0.0128,0.0902
88.9002,0,2.2808,-1.0101,2.2795,-1.0101,2.2678,-1.0104,2.2193,-0.9376,0.0013,0.0130,0.0951
89.0001,0,2.2778,-1.0102,2.2764,-1.0102,2.2641,-1.0104,2.2158,-0.9383,0.0014,0.0137,0.0949
89.1088,0,2.2718,-1.0103,2.2712,-1.0103,2.2606,-1.0105,2.2095,-0.9387,0.0006,0.0112,0.0949
89.2054,1,2.2658,-1.0104,2.2653,-1.0104,2.2546,-1.0106,2.1994,-0.9392,0.0005,0.0112,0.0974
89.3001,1,2.2628,-1.0104,2.2614,-1.0105,2.2429,-1.0108,2.1912,-0.9393,0.0014,0.0199,0.1009
89.4003,1,2.2538,-1.0106,2.2547,-1.0106,2.2239,-1.0112,2.1708,-0.9397,0.0009,0.0299,0.1092
89.5003,1,2.2478,-1.0107,2.2497,-1.0107,2.2093,-1.0114,2.1547,-0.9399,0.0019,0.0385,0.1171
89.6002,1,2.2418,-1.0108,2.2459,-1.0108,2.1986,-1.0116,2.1470,-0.9400,0.0041,0.0432,0.1184
89.7037,1,2.2328,-1.0110,2.2403,-1.0109,2.1825,-1.0119,2.1345,-0.9403,0.0075,0.0503,0.1211
89.8001,1,2.2238,-1.0112,2.2346,-1.0110,2.1666,-1.0122,2.1197,-0.9408,0.0108,0.0573,0.1257
89.9005,1,2.2148,-1.0113,2.2285,-1.0111,2.1563,-1.0124,2.1110,-0.9411,0.0137,0.0585,0.1254
90.0029,1,2.2088,-1.0114,2.2248,-1.0111,2.1381,-1.0127,2.0907,-0.9415,0.0160,0.0707,0.1373
90.1022,1,2.1998,-1.0116,2.2186,-1.0113,2.1199,-1.0131,2.0730,-0.9418,0.0188,0.0799,0.1447
90.2003,0,2.1938,-1.0117,2.2134,-1.0114,2.1054,-1.0133,2.0581,-0.9421,0.0196,0.0885,0.1526
90.3001,0,2.1878,-1.0118,2.1889,-1.0118,2.1796,-1.0120,2.0893,-0.9421,0.0011,0.0082,0.1207
90.4001,0,2.1818,-1.0119,2.1817,-1.0119,2.1736,-1.0121,2.1000,-0.9422,0.0001,0.0083,0.1075
90.5001,0,2.1758,-1.0120,2.1759,-1.0120,2.1681,-1.0122,2.1046,-0.9418,0.0000,0.0078,0.1000
90.6001,0,2.1698,-1.0122,2.1694,-1.0122,2.1610,-1.0123,2.1049,-0.9427,0.0005,0.0088,0.0951
90.7001,0,2.1638,-1.0123,2.1639,-1.0123,2.1566,-1.0124,2.1059,-0.9433,0.0001,0.0072,0.0901
90.8005,0,2.1578,-1.0124,2.1579,-1.0124,2.1505,-1.0125,2.1046,-0.9442,0.0000,0.0073,0.0865
90.9001,0,2.1518,-1.0125,2.1515,-1.0125,2.1438,-1.0126,2.1026,-0.9447,0.0003,0.0081,0.0838
91.0001,0,2.1428,-1.0127,2.1433,-1.0126,2.1368,-1.0128,2.0984,-0.9455,0.0005,0.0060,0.0805
91.1040,0,2.1368,-1.0128,2.1374,-1.0128,2.1308,-1.0129,2.0929,-0.9460,0.0006,0.0061,0.0799
91.2028,0,2.1308,-1.0129,2.1316,-1.0129,2.1253,-1.0130,2.0881,-0.9468,0.0007,0.0056,0.0787
91.3001,0,2.1248,-1.0130,2.1252,-1.0130,2.1185,-1.0131,2.0810,-0.9476,0.0003,0.0064,0.0788
91.4044,0,2.1158,-1.0131,2.1164,-1.0131,2.1096,-1.0133,2.0739,-0.9484,0.0006,0.0062,0.0771
91.5002,0,2.1098,-1.0133,2.1100,-1.0133,2.1033,-1.0134,2.0639,-0.9490,0.0002,0.0066,0.0790
91.6011,0,2.1068,-1.0133,2.1070,-1.0133,2.1001,-1.0134,2.0615,-0.9493,0.0001,0.0068,0.0785
91.7011,0,2.0978,-1.0135,2.0977,-1.0135,2.0903,-1.0136,2.0506,-0.9502,0.0001,0.0075,0.0790
91.8001,0,2.0919,-1.0136,2.0927,-1.0136,2.0857,-1.0137,2.0497,-0.9507,0.0008,0.0062,0.0757
91.9001,0,2.0859,-1.0137,2.0856,-1.0137,2.0782,-1.0138,2.0416,-0.9512,0.0002,0.0076,0.0766
92.0002,0,2.0799,-1.0138,2.0794,-1.0138,2.0717,-1.0140,2.0329,-0.9516,0.0005,0.0082,0.0779
92.1003,0,2.0709,-1.0140,2.0713,-1.0140,2.0648,-1.0141,2.0225,-0.9525,0.0005,0.0061,0.0782
92.2001,0,2.0649,-1.0141,2.0652,-1.0141,2.0588,-1.0142,2.0155,-0.9530,0.0004,0.0060,0.0785
92.3003,0,2.0559,-1.0143,2.0565,-1.0142,2.0518,-1.0143,2.0079,-0.9534,0.0006,0.0040,0.0775
92.4002,0,2.0529,-1.0143,2.0529,-1.0143,2.0460,-1.0144,2.0025,-0.9541,0.0000,0.0068,0.0785
92.5001,0,2.0469,-1.0144,2.0463,-1.0144,2.0385,-1.0146,1.9945,-0.9546,0.0006,0.0083,0.0795
92.6001,0,2.0379,-1.0146,2.0380,-1.0146,2.0309,-1.0147,1.9855,-0.9551,0.0002,0.0070,0.0792
92.7006,0,2.0319,-1.0147,2.0322,-1.0147,2.0257,-1.0148,1.9818,-0.9554,0.0003,0.0062,0.0776
92.8004,0,2.0229,-1.0149,2.0233,-1.0149,2.0171,-1.0150,1.9793,-0.9558,0.0005,0.0057,0.0734
92.9001,0,2.0169,-1.0150,2.0176,-1.0150,2.0116,-1.0151,1.9741,-0.9563,0.0008,0.0052,0.0726
93.0001,0,2.0079,-1.0151,2.0090,-1.0151,2.0038,-1.0152,1.9671,-0.9572,0.0011,0.0041,0.0708
93.1001,0,1.9989,-1.0153,1.9995,-1.0153,1.9942,-1.0154,1.9574,-0.9582,0.0007,0.0047,0.0705
93.2001,1,1.9929,-1.0154,1.9962,-1.0153,1.9905,-1.0155,1.9547,-0.9585,0.0033,0.0024,0.0685
93.3003,1,1.9869,-1.0155,1.9861,-1.0155,1.9720,-1.0158,1.9338,-0.9593,0.0008,0.0149,0.0773
93.4011,1,1.9809,-1.0156,1.9804,-1.0156,1.9596,-1.0160,1.9246,-0.9595,0.0005,0.0213,0.0795
93.5001,1,1.9719,-1.0158,1.9716,-1.0158,1.9405,-1.0164,1.9095,-0.9599,0.0003,0.0314,0.0838
93.6004,1,1.9659,-1.0159,1.9648,-1.0159,1.9265,-1.0166,1.8949,-0.9603,0.0010,0.0394,0.0902
93.7003,1,1.9569,-1.0161,1.9581,-1.0161,1.9110,-1.0169,1.8796,-0.9607,0.0012,0.0459,0.0950
93.8001,1,1.9539,-1.0161,1.9532,-1.0161,1.9003,-1.0171,1.8688,-0.9612,0.0007,0.0535,0.1013
93.9043,1,1.9479,-1.0162,1.9460,-1.0163,1.8848,-1.0174,1.8548,-0.9618,0.0019,0.0631,0.1079
94.0001,1,1.9419,-1.0163,1.9397,-1.0164,1.8712,-1.0176,1.8430,-0.9622,0.0022,0.0707,0.1127
94.1001,1,1.9359,-1.0165,1.9330,-1.0165,1.8565,-1.0179,1.8257,-0.9625,0.0029,0.0794,0.1227
94.2003,1,1.9269,-1.0166,1.9234,-1.0167,1.8360,-1.0183,1.8065,-0.9631,0.0035,0.0909,0.1317
94.3002,1,1.9209,-1.0167,1.9176,-1.0168,1.8234,-1.0185,1.7909,-0.9630,0.0033,0.0975,0.1406
94.4001,1,1.9119,-1.0169,1.9094,-1.0169,1.8097,-1.0188,1.7788,-0.9634,0.0025,0.1022,0.1434
94.5001,1,1.9059,-1.0170,1.9033,-1.0171,1.7918,-1.0191,1.7581,-0.9641,0.0025,0.1141,0.1569
94.6006,1,1.8969,-1.0172,1.8966,-1.0172,1.7773,-1.0194,1.7436,-0.9644,0.0002,0.1196,0.1622
94.7001,1,1.8909,-1.0173,1.8894,-1.0173,1.7614,-1.0197,1.7288,-0.9647,0.0015,0.1295,0.1704
94.8000,1,1.8819,-1.0175,1.8819,-1.0175,1.7494,-1.0199,1.7190,-0.9653,0.0000,0.1325,0.1711
94.9001,1,1.8759,-1.0176,1.8760,-1.0176,1.7323,-1.0202,1.7017,-0.9657,0.0001,0.1437,0.1817
95.0001,1,1.8699,-1.0177,1.8707,-1.0177,1.7218,-1.0204,1.6906,-0.9660,0.0008,0.1481,0.1865
95.1002,1,1.8609,-1.0178,1.8648,-1.0178,1.7005,-1.0208,1.6706,-0.9661,0.0039,0.1604,0.1972
95.2003,0,1.8549,-1.0179,1.8565,-1.0179,1.6897,-1.0210,1.6612,-0.9664,0.0016,0.1652,0.2005
95.3007,0,1.8459,-1.0181,1.8463,-1.0181,1.8395,-1.0182,1.7424,-0.9651,0.0004,0.0064,0.1163
95.4003,0,1.8399,-1.0182,1.8397,-1.0182,1.8336,-1.0183,1.7588,-0.9646,0.0002,0.0062,0.0972
95.5048,0,1.8309,-1.0184,1.8316,-1.0184,1.8264,-1.0185,1.7670,-0.9652,0.0007,0.0045,0.0831
95.6001,0,1.8219,-1.0186,1.8227,-1.0185,1.8178,-1.0186,1.7678,-0.9659,0.0008,0.0041,0.0755
95.7043,0,1.8129,-1.0187,1.8137,-1.0187,1.8088,-1.0188,1.7648,-0.9670,0.0008,0.0041,0.0707
95.8043,0,1.8039,-1.0189,1.8049,-1.0189,1.8005,-1.0189,1.7609,-0.9677,0.0010,0.0034,0.0668
95.9051,0,1.7949,-1.0191,1.7959,-1.0190,1.7916,-1.0191,1.7546,-0.9686,0.0010,0.0033,0.0646
96.0003,0,1.7889,-1.0192,1.7890,-1.0192,1.7841,-1.0193,1.7468,-0.9694,0.0001,0.0048,0.0652
96.1001,0,1.7829,-1.0193,1.7828,-1.0193,1.7775,-1.0194,1.7405,-0.9702,0.0001,0.0054,0.0648
96.2004,0,1.7739,-1.0194,1.7737,-1.0194,1.7682,-1.0195,1.7313,-0.9714,0.0002,0.0057,0.0642
96.3001,0,1.7679,-1.0195,1.7674,-1.0196,1.7611,-1.0197,1.7237,-0.9722,0.0005,0.0068,0.0648
96.4001,0,1.7589,-1.0197,1.7590,-1.0197,1.7539,-1.0198,1.7128,-0.9734,0.0001,0.0051,0.0653
96.5001,0,1.7529,-1.0198,1.7523,-1.0198,1.7465,-1.0199,1.7057,-0.9745,0.0006,0.0064,0.0655
96.6001,0,1.7439,-1.0200,1.7440,-1.0200,1.7386,-1.0201,1.6984,-0.9752,0.0001,0.0053,0.0638
96.7009,0,1.7379,-1.0201,1.7376,-1.0201,1.7316,-1.0202,1.6879,-0.9757,0.0003,0.0063,0.0668
96.8001,0,1.7319,-1.0202,1.7322,-1.0202,1.7270,-1.0203,1.6845,-0.9761,0.0003,0.0050,0.0648
96.9002,0,1.7259,-1.0203,1.7262,-1.0203,1.7207,-1.0204,1.6794,-0.9764,0.0003,0.0052,0.0640
97.0001,0,1.7169,-1.0205,1.7164,-1.0205,1.7109,-1.0206,1.6679,-0.9771,0.0005,0.0060,0.0655
97.1024,0,1.7109,-1.0206,1.7112,-1.0206,1.7053,-1.0207,1.6651,-0.9775,0.0003,0.0056,0.0629
97.2003,0,1.7019,-1.0208,1.7015,-1.0208,1.6954,-1.0209,1.6543,-0.9781,0.0004,0.0065,0.0639
97.3002,0,1.6989,-1.0208,1.6982,-1.0208,1.6916,-1.0210,1.6479,-0.9784,0.0007,0.0073,0.0664
97.4040,0,1.6929,-1.0209,1.6923,-1.0209,1.6855,-1.0211,1.6391,-0.9792,0.0007,0.0074,0.0681
97.5022,0,1.6839,-1.0211,1.6863,-1.0211,1.6793,-1.0212,1.6334,-0.9797,0.0024,0.0047,0.0653
97.6067,0,1.6779,-1.0212,1.6780,-1.0212,1.6718,-1.0213,1.6280,-0.9805,0.0000,0.0061,0.0644
97.7011,0,1.6719,-1.0213,1.6710,-1.0213,1.6634,-1.0215,1.6159,-0.9813,0.0009,0.0085,0.0689
97.8002,0,1.6689,-1.0214,1.6679,-1.0214,1.6599,-1.0215,1.6120,-0.9817,0.0010,0.0090,0.0694
97.9009,0,1.6629,-1.0215,1.6607,-1.0215,1.6502,-1.0217,1.6015,-0.9823,0.0022,0.0127,0.0729
98.0002,0,1.6599,-1.0215,1.6583,-1.0216,1.6489,-1.0217,1.5992,-0.9826,0.0016,0.0110,0.0722
98.1002,0,1.6509,-1.0217,1.6535,-1.0217,1.6434,-1.0218,1.5991,-0.9832,0.0026,0.0075,0.0646
98.2003,0,1.6449,-1.0218,1.6455,-1.0218,1.6384,-1.0219,1.5991,-0.9837,0.0006,0.0065,0.0596
98.3010,0,1.6359,-1.0220,1.6367,-1.0220,1.6301,-1.0221,1.5948,-0.9844,0.0008,0.0058,0.0557
98.4009,0,1.6299,-1.0221,1.6304,-1.0221,1.6236,-1.0222,1.5865,-0.9855,0.0005,0.0064,0.0568
98.5001,0,1.6239,-1.0222,1.6238,-1.0222,1.6163,-1.0223,1.5793,-0.9863,0.0001,0.0076,0.0573
98.6001,0,1.6179,-1.0223,1.6185,-1.0223,1.6120,-1.0224,1.5758,-0.9868,0.0006,0.0059,0.0550
98.7002,0,1.6089,-1.0225,1.6100,-1.0225,1.6044,-1.0226,1.5706,-0.9878,0.0011,0.0046,0.0517
98.8002,0,1.5999,-1.0226,1.6008,-1.0226,1.5952,-1.0227,1.5642,-0.9887,0.0009,0.0047,0.0493
98.9002,0,1.5939,-1.0227,1.5955,-1.0227,1.5909,-1.0228,1.5585,-0.9894,0.0016,0.0031,0.0486
99.0002,0,1.5909,-1.0228,1.5901,-1.0228,1.5824,-1.0230,1.5509,-0.9892,0.0008,0.0085,0.0523
99.1002,0,1.5849,-1.0229,1.5829,-1.0230,1.5731,-1.0231,1.5424,-0.9897,0.0020,0.0118,0.0539
99.2003,0,1.5789,-1.0230,1.5776,-1.0230,1.5684,-1.0232,1.5352,-0.9900,0.0013,0.0105,0.0548
99.3001,0,1.5729,-1.0231,1.5723,-1.0231,1.5640,-1.0233,1.5252,-0.9905,0.0006,0.0089,0.0578
99.4004,0,1.5669,-1.0232,1.5667,-1.0232,1.5582,-1.0234,1.5162,-0.9909,0.0002,0.0088,0.0602
99.5003,0,1.5609,-1.0234,1.5614,-1.0233,1.5542,-1.0235,1.5124,-0.9913,0.0005,0.0068,0.0581
99.6002,0,1.5519,-1.0235,1.5550,-1.0235,1.5475,-1.0236,1.5066,-0.9919,0.0031,0.0044,0.0552
99.7082,0,1.5459,-1.0236,1.5468,-1.0236,1.5404,-1.0237,1.4999,-0.9926,0.0009,0.0056,0.0555
99.8003,0,1.5399,-1.0237,1.5407,-1.0237,1.5342,-1.0238,1.4933,-0.9933,0.0007,0.0058,0.0557
99.9007,0,1.5309,-1.0239,1.5318,-1.0239,1.5257,-1.0240,1.4887,-0.9939,0.0009,0.0052,0.0518
100.0008,0,1.5249,-1.0240,1.5256,-1.0240,1.5192,-1.0241,1.4800,-0.9944,0.0006,0.0058,0.0538
100.1001,0,1.5189,-1.0241,1.5196,-1.0241,1.5134,-1.0242,1.4774,-0.9947,0.0006,0.0056,0.0509
100.2005,0,1.5099,-1.0243,1.5111,-1.0243,1.5059,-1.0244,1.4712,-0.9952,0.0012,0.0041,0.0484
100.3004,0,1.5010,-1.0245,1.5016,-1.0244,1.4958,-1.0246,1.4645,-0.9960,0.0006,0.0052,0.0463
100.4003,0,1.4950,-1.0246,1.4953,-1.0246,1.4892,-1.0247,1.4591,-0.9962,0.0003,0.0058,0.0457
100.5002,0,1.4890,-1.0247,1.4890,-1.0247,1.4826,-1.0248,1.4513,-0.9964,0.0001,0.0064,0.0471
100.6004,0,1.4830,-1.0248,1.4828,-1.0248,1.4759,-1.0249,1.4464,-0.9965,0.0001,0.0071,0.0462
100.7003,0,1.4770,-1.0249,1.4753,-1.0249,1.4668,-1.0251,1.4331,-0.9969,0.0016,0.0102,0.0520
100.8003,0,1.4710,-1.0250,1.4705,-1.0250,1.4629,-1.0252,1.4260,-0.9972,0.0005,0.0080,0.0529
100.9011,0,1.4650,-1.0251,1.4643,-1.0251,1.4563,-1.0253,1.4197,-0.9977,0.0006,0.0086,0.0529
101.0002,0,1.4590,-1.0252,1.4587,-1.0252,1.4510,-1.0254,1.4123,-0.9980,0.0003,0.0080,0.0540
101.1001,0,1.4530,-1.0253,1.4523,-1.0254,1.4441,-1.0255,1.4067,-0.9983,0.0006,0.0089,0.0536
101.2045,0,1.4440,-1.0255,1.4478,-1.0254,1.4420,-1.0255,1.4056,-0.9985,0.0038,0.0020,0.0469
101.3008,0,1.4380,-1.0256,1.4385,-1.0256,1.4320,-1.0257,1.3942,-0.9991,0.0006,0.0060,0.0512
101.4085,0,1.4320,-1.0257,1.4321,-1.0257,1.4253,-1.0259,1.3848,-0.9996,0.0002,0.0067,0.0540
101.5002,0,1.4260,-1.0258,1.4261,-1.0258,1.4191,-1.0260,1.3820,-1.0001,0.0001,0.0069,0.0510
101.6004,0,1.4200,-1.0259,1.4204,-1.0259,1.4138,-1.0261,1.3761,-1.0000,0.0005,0.0062,0.0510
101.7029,0,1.4140,-1.0261,1.4138,-1.0261,1.4066,-1.0262,1.3707,-1.0000,0.0001,0.0074,0.0505
101.8009,0,1.4050,-1.0262,1.4051,-1.0262,1.3981,-1.0264,1.3657,-1.0000,0.0001,0.0069,0.0472
101.9012,0,1.3990,-1.0263,1.3995,-1.0263,1.3931,-1.0264,1.3607,-0.9999,0.0005,0.0059,0.0465
102.0044,0,1.3900,-1.0265,1.3908,-1.0265,1.3850,-1.0266,1.3530,-0.9999,0.0008,0.0049,0.0456
102.1003,0,1.3840,-1.0266,1.3843,-1.0266,1.3779,-1.0267,1.3460,-0.9998,0.0004,0.0060,0.0465
102.2003,0,1.3750,-1.0268,1.3784,-1.0267,1.3699,-1.0269,1.3385,-0.9998,0.0034,0.0051,0.0454
102.3005,0,1.3690,-1.0269,1.3691,-1.0269,1.3622,-1.0270,1.3287,-1.0001,0.0001,0.0068,0.0484
102.4003,0,1.3630,-1.0270,1.3629,-1.0270,1.3562,-1.0271,1.3215,-1.0003,0.0001,0.0068,0.0493
102.5002,0,1.3570,-1.0271,1.3565,-1.0271,1.3493,-1.0272,1.3141,-1.0005,0.0004,0.0077,0.0505
102.6003,0,1.3510,-1.0272,1.3508,-1.0272,1.3436,-1.0274,1.3095,-1.0007,0.0002,0.0074,0.0492
102.7003,0,1.3450,-1.0273,1.3445,-1.0273,1.3371,-1.0275,1.3018,-1.0009,0.0004,0.0079,0.0506
102.8025,0,1.3390,-1.0274,1.3387,-1.0274,1.3315,-1.0276,1.2937,-1.0011,0.0002,0.0075,0.0524
102.9004,0,1.3330,-1.0275,1.3327,-1.0276,1.3254,-1.0277,1.2855,-1.0016,0.0003,0.0076,0.0541
103.0002,0,1.3240,-1.0277,1.3272,-1.0277,1.3200,-1.0278,1.2827,-1.0020,0.0032,0.0040,0.0487
103.1004,0,1.3210,-1.0278,1.3205,-1.0278,1.3126,-1.0279,1.2768,-1.0025,0.0005,0.0084,0.0509
103.2084,0,1.3120,-1.0279,1.3124,-1.0279,1.3059,-1.0280,1.2695,-1.0032,0.0004,0.0061,0.0491
103.3003,0,1.3060,-1.0280,1.3063,-1.0280,1.2996,-1.0282,1.2589,-1.0041,0.0003,0.0064,0.0528
103.4013,0,1.3000,-1.0282,1.3011,-1.0281,1.2954,-1.0282,1.2563,-1.0044,0.0011,0.0046,0.0498
103.5002,0,1.2910,-1.0283,1.2916,-1.0283,1.2858,-1.0284,1.2468,-1.0049,0.0007,0.0052,0.0500
103.6002,0,1.2880,-1.0284,1.2876,-1.0284,1.2804,-1.0285,1.2406,-1.0052,0.0003,0.0076,0.0527
103.7001,0,1.2790,-1.0285,1.2792,-1.0285,1.2724,-1.0287,1.2348,-1.0057,0.0002,0.0066,0.0497
103.8003,0,1.2730,-1.0287,1.2735,-1.0286,1.2673,-1.0288,1.2318,-1.0059,0.0005,0.0057,0.0470
103.9083,0,1.2640,-1.0288,1.2643,-1.0288,1.2581,-1.0289,1.2234,-1.0065,0.0003,0.0059,0.0463
104.0004,0,1.2580,-1.0289,1.2580,-1.0289,1.2513,-1.0291,1.2202,-1.0069,0.0000,0.0067,0.0437
104.1004,0,1.2520,-1.0290,1.2520,-1.0290,1.2454,-1.0292,1.2107,-1.0071,0.0000,0.0066,0.0467
104.2002,0,1.2460,-1.0291,1.2457,-1.0292,1.2387,-1.0293,1.2051,-1.0076,0.0002,0.0073,0.0462
104.3002,0,1.2400,-1.0293,1.2398,-1.0293,1.2331,-1.0294,1.1982,-1.0081,0.0002,0.0069,0.0468
104.4002,0,1.2340,-1.0294,1.2340,-1.0294,1.2269,-1.0295,1.1906,-1.0084,0.0000,0.0071,0.0482
104.5003,0,1.2280,-1.0295,1.2274,-1.0295,1.2197,-1.0296,1.1818,-1.0088,0.0006,0.0083,0.0506
104.6003,0,1.2190,-1.0296,1.2191,-1.0296,1.2122,-1.0298,1.1733,-1.0094,0.0001,0.0068,0.0500
104.7005,0,1.2130,-1.0298,1.2136,-1.0297,1.2074,-1.0299,1.1692,-1.0095,0.0006,0.0056,0.0482
104.8002,0,1.2070,-1.0299,1.2066,-1.0299,1.1990,-1.0300,1.1598,-1.0100,0.0004,0.0080,0.0512
104.9003,0,1.2010,-1.0300,1.2011,-1.0300,1.1944,-1.0301,1.1539,-1.0101,0.0001,0.0066,0.0511
105.0002,0,1.1950,-1.0301,1.1948,-1.0301,1.1871,-1.0302,1.1467,-1.0112,0.0002,0.0079,0.0518
105.1003,0,1.1920,-1.0301,1.1909,-1.0302,1.1821,-1.0303,1.1410,-1.0111,0.0011,0.0099,0.0544
105.2002,0,1.1830,-1.0303,1.1832,-1.0303,1.1757,-1.0304,1.1342,-1.0110,0.0002,0.0073,0.0525
105.3004,0,1.1770,-1.0304,1.1773,-1.0304,1.1702,-1.0305,1.1316,-1.0112,0.0002,0.0068,0.0493
105.4002,0,1.1710,-1.0305,1.1709,-1.0305,1.1634,-1.0307,1.1236,-1.0117,0.0001,0.0076,0.0510
105.5003,0,1.1650,-1.0306,1.1647,-1.0306,1.1567,-1.0308,1.1137,-1.0122,0.0003,0.0083,0.0545
105.6003,0,1.1590,-1.0307,1.1591,-1.0307,1.1515,-1.0309,1.1038,-1.0127,0.0001,0.0076,0.0581
105.7003,0,1.1530,-1.0309,1.1529,-1.0309,1.1451,-1.0310,1.0974,-1.0130,0.0001,0.0079,0.0584
105.8002,0,1.1470,-1.0310,1.1472,-1.0310,1.1398,-1.0311,1.0948,-1.0132,0.0001,0.0072,0.0552
105.9002,0,1.1410,-1.0311,1.1409,-1.0311,1.1334,-1.0312,1.0882,-1.0132,0.0001,0.0077,0.0557
106.0034,0,1.1320,-1.0312,1.1325,-1.0312,1.1260,-1.0314,1.0803,-1.0140,0.0005,0.0060,0.0545
106.1003,0,1.1290,-1.0313,1.1283,-1.0313,1.1203,-1.0315,1.0747,-1.0143,0.0007,0.0087,0.0569
106.2003,0,1.1230,-1.0314,1.1233,-1.0314,1.1159,-1.0315,1.0693,-1.0145,0.0003,0.0071,0.0563
106.3001,0,1.1170,-1.0315,1.1170,-1.0315,1.1092,-1.0317,1.0613,-1.0151,0.0001,0.0078,0.0581
106.4002,0,1.1110,-1.0316,1.1103,-1.0316,1.1015,-1.0318,1.0514,-1.0158,0.0007,0.0095,0.0617
106.5002,0,1.1050,-1.0317,1.1056,-1.0317,1.0985,-1.0319,1.0496,-1.0162,0.0006,0.0065,0.0575
106.6002,0,1.0960,-1.0319,1.0964,-1.0319,1.0891,-1.0320,1.0367,-1.0169,0.0004,0.0069,0.0612
106.7003,0,1.0870,-1.0321,1.0910,-1.0320,1.0851,-1.0321,1.0360,-1.0173,0.0040,0.0019,0.0531
106.8002,0,1.0810,-1.0322,1.0817,-1.0322,1.0752,-1.0323,1.0303,-1.0179,0.0007,0.0058,0.0527
106.9001,0,1.0750,-1.0323,1.0753,-1.0323,1.0686,-1.0324,1.0251,-1.0183,0.0003,0.0065,0.0518
107.0002,0,1.0660,-1.0325,1.0693,-1.0324,1.0625,-1.0325,1.0185,-1.0187,0.0033,0.0035,0.0494
107.1002,0,1.0600,-1.0326,1.0601,-1.0326,1.0532,-1.0327,1.0120,-1.0191,0.0001,0.0069,0.0498
107.2002,0,1.0510,-1.0327,1.0520,-1.0327,1.0466,-1.0328,1.0067,-1.0195,0.0010,0.0044,0.0463
107.3002,0,1.0450,-1.0328,1.0457,-1.0328,1.0398,-1.0329,1.0048,-1.0196,0.0006,0.0053,0.0423
107.4002,0,1.0360,-1.0330,1.0372,-1.0330,1.0321,-1.0331,0.9991,-1.0198,0.0011,0.0040,0.0392
107.5069,0,1.0300,-1.0331,1.0306,-1.0331,1.0249,-1.0332,0.9935,-1.0200,0.0006,0.0051,0.0388
107.6005,0,1.0210,-1.0333,1.0217,-1.0333,1.0160,-1.0334,0.9849,-1.0203,0.0007,0.0050,0.0384
