time,gt_x,gt_y,gt_theta,kf_x,kf_y,kf_theta,ekf_x,ekf_y,ekf_theta,pf_x,pf_y,pf_theta
3.9001,0.0000,-0.0000,0.0000,0.0000,-0.0000,0.0000,0.0000,-0.0000,0.0000,-0.0060,0.0084,0.0000
4.0001,0.0000,-0.0000,0.0000,0.0000,-0.0000,0.0000,0.0000,-0.0000,0.0000,-0.0057,0.0094,0.0000
4.1008,0.0000,-0.0000,0.0000,0.0000,-0.0000,0.0000,0.0000,-0.0000,0.0000,-0.0087,0.0087,0.0000
4.2001,0.0000,-0.0000,0.0000,0.0000,-0.0000,0.0000,0.0000,-0.0000,0.0000,-0.0133,0.0051,0.0000
4.3001,0.0000,-0.0000,0.0000,0.0000,-0.0000,0.0000,0.0000,-0.0000,0.0000,-0.0186,0.0023,0.0000
4.4021,0.0000,-0.0000,0.0000,0.0000,-0.0000,0.0000,0.0000,-0.0000,0.0000,-0.0214,-0.0014,0.0000
4.5001,0.0000,-0.0000,0.0000,0.0000,-0.0000,0.0000,0.0000,-0.0000,0.0000,-0.0227,-0.0034,0.0000
4.6002,0.0000,-0.0000,0.0000,0.0000,-0.0000,0.0000,0.0000,-0.0000,0.0000,-0.0226,-0.0060,0.0000
4.7001,0.0000,-0.0000,0.0000,0.0000,-0.0000,0.0000,0.0000,-0.0000,0.0000,-0.0225,-0.0075,0.0000
4.8002,0.0000,-0.0000,0.0000,0.0000,-0.0000,0.0000,0.0000,-0.0000,0.0000,-0.0214,-0.0093,0.0000
4.9002,0.0000,-0.0000,0.0000,0.0000,-0.0000,0.0000,0.0000,-0.0000,0.0000,-0.0208,-0.0105,0.0000
5.0003,0.0000,-0.0000,0.0000,0.0000,-0.0000,0.0000,0.0000,-0.0000,0.0000,-0.0190,-0.0115,0.0000
5.1001,0.0000,-0.0000,0.0000,0.0000,-0.0000,0.0000,0.0000,-0.0000,0.0000,-0.0170,-0.0127,0.0000
5.2077,0.0000,-0.0000,0.0000,0.0000,-0.0000,0.0000,0.0000,-0.0000,0.0000,-0.0169,-0.0135,0.0000
5.3018,0.0000,-0.0000,0.0000,0.0000,-0.0000,0.0000,0.0000,-0.0000,0.0000,-0.0168,-0.0139,0.0000
5.4004,0.0000,-0.0000,0.0000,0.0000,-0.0000,0.0000,0.0000,-0.0000,0.0000,-0.0155,-0.0144,0.0000
5.5001,0.0000,-0.0000,0.0000,0.0000,-0.0000,0.0000,0.0000,-0.0000,0.0000,-0.0151,-0.0149,0.0000
5.6002,0.0000,-0.0000,0.0000,0.0000,-0.0000,0.0000,0.0000,-0.0000,0.0000,-0.0144,-0.0152,0.0000
5.7003,0.0000,-0.0000,0.0000,0.0000,-0.0000,0.0000,0.0000,-0.0000,0.0000,-0.0136,-0.0155,0.0000
5.8024,0.0000,-0.0000,0.0000,0.0000,-0.0000,0.0000,0.0000,-0.0000,0.0000,-0.0151,-0.0157,0.0000
5.9001,0.0000,-0.0000,0.0000,0.0000,-0.0000,0.0000,0.0000,-0.0000,0.0000,-0.0127,-0.0158,0.0000
6.0001,0.0000,-0.0000,0.0000,0.0000,-0.0000,0.0000,0.0000,-0.0000,0.0000,-0.0118,-0.0160,0.0000
6.1030,0.0000,-0.0000,0.0000,0.0000,-0.0000,0.0000,0.0000,-0.0000,0.0000,-0.0100,-0.0162,0.0000
6.2001,0.0000,-0.0000,0.0000,0.0000,-0.0000,0.0000,0.0000,-0.0000,0.0000,-0.0086,-0.0163,0.0000
6.3001,0.0000,-0.0000,0.0000,0.0000,-0.0000,0.0000,0.0000,-0.0000,0.0000,-0.0077,-0.0165,0.0000
6.4001,0.0000,-0.0000,0.0000,0.0000,-0.0000,0.0000,0.0000,-0.0000,0.0000,-0.0072,-0.0165,0.0000
6.5002,0.0000,-0.0000,0.0000,0.0000,-0.0000,0.0000,0.0000,-0.0000,0.0000,-0.0085,-0.0165,0.0000
6.6006,0.0000,-0.0000,0.0000,0.0000,-0.0000,0.0000,0.0000,-0.0000,0.0000,-0.0078,-0.0166,0.0000
6.7005,0.0000,-0.0000,0.0000,0.0000,-0.0000,0.0000,0.0000,-0.0000,0.0000,-0.0059,-0.0166,0.0000
6.8003,0.0000,-0.0000,0.0000,0.0000,-0.0000,0.0000,0.0000,-0.0000,0.0000,-0.0046,-0.0166,0.0000
6.9002,0.0000,-0.0000,0.0000,0.0000,-0.0000,0.0000,0.0000,-0.0000,0.0000,-0.0032,-0.0166,0.0000
7.0008,0.0000,-0.0000,0.0000,0.0000,-0.0000,0.0000,0.0000,-0.0000,0.0000,-0.0040,-0.0166,0.0000
7.1001,0.0000,-0.0000,0.0000,0.0000,-0.0000,0.0000,0.0000,-0.0000,0.0000,-0.0039,-0.0166,0.0000
7.2001,0.0000,-0.0000,0.0000,0.0000,-0.0000,0.0000,0.0000,-0.0000,0.0000,-0.0029,-0.0166,0.0000
7.3002,0.0000,-0.0000,0.0000,0.0000,-0.0000,0.0000,0.0000,-0.0000,0.0000,-0.0039,-0.0167,0.0000
7.4001,0.0000,-0.0000,0.0000,0.0000,-0.0000,0.0000,0.0000,-0.0000,0.0000,-0.0033,-0.0168,0.0000
7.5001,0.0000,-0.0000,0.0000,0.0000,-0.0000,0.0000,0.0000,-0.0000,0.0000,-0.0046,-0.0169,0.0000
7.6002,0.0000,-0.0000,0.0000,0.0000,-0.0000,0.0000,0.0000,-0.0000,0.0000,-0.0054,-0.0170,0.0000
7.7001,0.0000,-0.0000,0.0000,0.0000,-0.0000,0.0000,0.0000,-0.0000,0.0000,-0.0072,-0.0171,0.0000
7.8018,0.0000,-0.0000,0.0000,0.0000,-0.0000,0.0000,0.0000,-0.0000,0.0000,-0.0031,-0.0172,0.0000
7.9002,0.0000,-0.0000,0.0000,0.0000,-0.0000,0.0000,0.0000,-0.0000,0.0000,-0.0031,-0.0172,0.0000
8.0002,0.0000,-0.0000,0.0000,0.0000,-0.0000,0.0000,0.0000,-0.0000,0.0000,-0.0044,-0.0173,0.0000
8.1002,0.0000,-0.0000,0.0000,0.0000,-0.0000,0.0000,0.0000,-0.0000,0.0000,-0.0043,-0.0174,0.0000
8.2001,0.0000,-0.0000,0.0000,0.0000,-0.0000,0.0000,0.0000,-0.0000,0.0000,-0.0024,-0.0173,0.0000
8.3001,0.0000,-0.0000,0.0000,0.0000,-0.0000,0.0000,0.0000,-0.0000,0.0000,-0.0019,-0.0173,0.0000
8.4001,0.0000,-0.0000,0.0000,0.0000,-0.0000,0.0000,0.0000,-0.0000,0.0000,0.0006,-0.0174,0.0000
8.5001,0.0000,-0.0000,0.0000,0.0000,-0.0000,0.0000,0.0000,-0.0000,0.0000,0.0008,-0.0175,0.0000
8.6001,0.0000,-0.0000,0.0000,0.0000,-0.0000,0.0000,0.0000,-0.0000,0.0000,0.0017,-0.0176,0.0000
8.7002,0.0000,-0.0000,0.0000,0.0000,-0.0000,0.0000,0.0000,-0.0000,0.0000,0.0013,-0.0176,0.0000
8.8014,0.0000,-0.0000,0.0000,0.0000,-0.0000,0.0000,0.0000,-0.0000,0.0000,0.0023,-0.0176,0.0000
8.9002,0.0000,-0.0000,0.0000,0.0000,-0.0000,0.0000,0.0000,-0.0000,0.0000,0.0018,-0.0176,0.0000
9.0003,0.0000,-0.0000,0.0000,0.0000,-0.0000,0.0000,0.0000,-0.0000,0.0000,0.0002,-0.0176,0.0000
9.1035,0.0000,-0.0000,0.0000,0.0000,-0.0000,0.0000,0.0000,-0.0000,0.0000,-0.0003,-0.0177,0.0000
9.2038,0.0000,-0.0000,0.0000,0.0000,-0.0000,0.0000,0.0000,-0.0000,0.0000,0.0003,-0.0176,0.0000
9.3001,0.0000,-0.0000,0.0000,0.0000,-0.0000,0.0000,0.0000,-0.0000,0.0000,-0.0010,-0.0177,0.0000
9.4002,0.0000,-0.0000,0.0000,0.0000,-0.0000,0.0000,0.0000,-0.0000,0.0000,-0.0038,-0.0175,0.0000
9.5002,0.0000,-0.0000,0.0000,0.0000,-0.0000,0.0000,0.0000,-0.0000,0.0000,-0.0042,-0.0176,0.0000
9.6001,0.0000,-0.0000,0.0000,0.0000,-0.0000,0.0000,0.0000,-0.0000,0.0000,-0.0024,-0.0176,0.0000
9.7002,0.0000,-0.0000,0.0000,0.0000,-0.0000,0.0000,0.0000,-0.0000,0.0000,-0.0021,-0.0176,0.0000
9.8002,0.0000,-0.0000,0.0000,0.0000,-0.0000,0.0000,0.0000,-0.0000,0.0000,-0.0014,-0.0177,0.0000
9.9002,0.0000,-0.0000,0.0000,0.0000,-0.0000,0.0000,0.0000,-0.0000,0.0000,0.0000,-0.0177,0.0000
10.0002,0.0000,-0.0000,0.0000,0.0000,-0.0000,0.0000,0.0000,-0.0000,0.0000,0.0016,-0.0177,0.0000
10.1001,0.0000,-0.0000,0.0000,0.0000,-0.0000,0.0000,0.0000,-0.0000,0.0000,0.0017,-0.0177,0.0000
10.2001,0.0000,-0.0000,0.0000,0.0000,-0.0000,0.0000,0.0000,-0.0000,0.0000,0.0028,-0.0177,0.0000
10.3011,0.0000,-0.0000,0.0000,0.0000,-0.0000,0.0000,0.0000,-0.0000,0.0000,0.0020,-0.0176,0.0000
10.4003,0.0000,-0.0000,0.0000,0.0000,-0.0000,0.0000,0.0000,-0.0000,0.0000,0.0024,-0.0176,0.0000
10.5005,0.0000,-0.0000,0.0000,0.0000,-0.0000,0.0000,0.0000,-0.0000,0.0000,0.0052,-0.0175,0.0000
10.6001,0.0000,-0.0000,0.0000,0.0000,-0.0000,0.0000,0.0000,-0.0000,0.0000,0.0078,-0.0176,0.0000
10.7008,0.0000,-0.0000,0.0000,0.0000,-0.0000,0.0000,0.0000,-0.0000,0.0000,0.0061,-0.0176,0.0000
10.8001,0.0000,-0.0000,0.0000,0.0000,-0.0000,0.0000,0.0000,-0.0000,0.0000,0.0062,-0.0176,0.0000
10.9038,0.0000,-0.0000,0.0000,0.0000,-0.0000,0.0000,0.0000,-0.0000,0.0000,0.0064,-0.0177,0.0000
11.0025,0.0000,-0.0000,0.0000,0.0000,-0.0000,0.0000,0.0000,-0.0000,0.0000,0.0059,-0.0177,0.0000
11.1037,0.0000,-0.0000,0.0000,0.0000,-0.0000,0.0000,0.0000,-0.0000,0.0000,0.0062,-0.0176,0.0000
11.2002,0.0000,-0.0000,0.0000,0.0000,-0.0000,0.0000,0.0000,-0.0000,0.0000,0.0039,-0.0177,0.0000
11.3006,0.0000,-0.0000,0.0000,0.0000,-0.0000,0.0000,0.0000,-0.0000,0.0000,0.0038,-0.0178,0.0000
11.4002,0.0000,-0.0000,0.0000,0.0000,-0.0000,0.0000,0.0000,-0.0000,0.0000,0.0018,-0.0178,0.0000
11.5001,0.0000,-0.0000,0.0000,0.0000,-0.0000,0.0000,0.0000,-0.0000,0.0000,0.0010,-0.0178,0.0000
11.6001,0.0000,-0.0000,0.0000,0.0000,-0.0000,0.0000,0.0000,-0.0000,0.0000,0.0021,-0.0178,0.0000
11.7049,0.0000,-0.0000,0.0000,0.0000,-0.0000,0.0000,0.0000,-0.0000,0.0000,0.0014,-0.0178,0.0000
11.8002,0.0000,-0.0000,0.0000,0.0000,-0.0000,0.0000,0.0000,-0.0000,0.0000,0.0002,-0.0179,0.0000
11.9021,0.0000,-0.0000,0.0000,0.0000,-0.0000,0.0000,0.0000,-0.0000,0.0000,-0.0005,-0.0179,0.0000
12.0002,0.0000,-0.0000,0.0000,0.0000,-0.0000,0.0000,0.0000,-0.0000,0.0000,-0.0039,-0.0180,0.0000
12.1002,0.0000,-0.0000,0.0000,0.0000,-0.0000,0.0000,0.0000,-0.0000,0.0000,-0.0047,-0.0180,0.0000
12.2001,0.0000,-0.0000,0.0000,0.0000,-0.0000,0.0000,0.0000,-0.0000,0.0000,-0.0029,-0.0180,0.0000
12.3001,0.0000,-0.0000,0.0000,0.0000,-0.0000,0.0000,0.0000,-0.0000,0.0000,-0.0041,-0.0179,0.0000
12.4002,0.0000,-0.0000,0.0000,0.0000,-0.0000,0.0000,0.0000,-0.0000,0.0000,-0.0042,-0.0179,0.0000
12.5001,0.0000,-0.0000,0.0000,0.0000,-0.0000,0.0000,0.0000,-0.0000,0.0000,-0.0008,-0.0179,0.0000
12.6001,0.0000,-0.0000,0.0000,0.0000,-0.0000,0.0000,0.0000,-0.0000,0.0000,0.0000,-0.0178,0.0000
12.7001,0.0000,-0.0000,0.0000,0.0000,-0.0000,0.0000,0.0000,-0.0000,0.0000,0.0004,-0.0179,0.0000
12.8002,0.0000,-0.0000,0.0000,0.0000,-0.0000,0.0000,0.0000,-0.0000,0.0000,-0.0001,-0.0179,0.0000
12.9005,0.0000,-0.0000,0.0000,0.0000,-0.0000,0.0000,0.0000,-0.0000,0.0000,0.0001,-0.0178,0.0000
13.0032,0.0000,-0.0000,0.0000,0.0000,-0.0000,0.0000,0.0000,-0.0000,0.0000,0.0021,-0.0178,0.0000
13.1013,0.0000,-0.0000,0.0000,0.0000,-0.0000,0.0000,0.0000,-0.0000,0.0000,0.0035,-0.0178,0.0000
13.2011,0.0000,-0.0000,0.0000,0.0000,-0.0000,0.0000,0.0000,-0.0000,0.0000,0.0029,-0.0178,0.0000
13.3008,0.0000,-0.0000,0.0000,0.0000,-0.0000,0.0000,0.0000,-0.0000,0.0000,0.0030,-0.0177,0.0000
13.4008,0.0000,-0.0000,0.0000,0.0000,-0.0000,0.0000,0.0000,-0.0000,0.0000,0.0013,-0.0177,0.0000
13.5002,0.0000,-0.0000,0.0000,0.0000,-0.0000,0.0000,0.0000,-0.0000,0.0000,0.0010,-0.0177,0.0000
13.6021,0.0000,-0.0000,0.0000,0.0000,-0.0000,0.0000,0.0000,-0.0000,0.0000,0.0017,-0.0178,0.0000
13.7001,0.0000,-0.0000,0.0000,0.0000,-0.0000,0.0000,0.0000,-0.0000,0.0000,0.0005,-0.0178,0.0000
13.8001,0.0000,-0.0000,0.0000,0.0000,-0.0000,0.0000,0.0000,-0.0000,0.0000,0.0012,-0.0178,0.0000
13.9036,0.0000,-0.0000,0.0000,0.0000,-0.0000,0.0000,0.0000,-0.0000,0.0000,0.0024,-0.0178,0.0000
14.0002,0.0000,-0.0000,0.0000,0.0000,-0.0000,0.0000,0.0000,-0.0000,0.0000,0.0016,-0.0178,0.0000
14.1001,0.0000,-0.0000,0.0000,0.0000,-0.0000,0.0000,0.0000,-0.0000,0.0000,0.0002,-0.0178,0.0000
14.2001,0.0000,-0.0000,0.0000,0.0000,-0.0000,0.0000,0.0000,-0.0000,0.0000,0.0002,-0.0177,0.0000
14.3001,0.0000,-0.0000,0.0000,0.0000,-0.0000,0.0000,0.0000,-0.0000,0.0000,0.0004,-0.0177,0.0000
14.4002,0.0000,-0.0000,0.0000,0.0000,-0.0000,0.0000,0.0000,-0.0000,0.0000,0.0005,-0.0176,0.0000
14.5001,0.0000,-0.0000,0.0000,0.0000,-0.0000,0.0000,0.0000,-0.0000,0.0000,-0.0010,-0.0176,0.0000
14.6001,0.0000,-0.0000,0.0000,0.0000,-0.0000,0.0000,0.0000,-0.0000,0.0000,-0.0006,-0.0176,0.0000
14.7002,0.0000,-0.0000,0.0000,0.0000,-0.0000,0.0000,0.0000,-0.0000,0.0000,-0.0007,-0.0175,0.0000
14.8001,0.0000,-0.0000,0.0000,0.0000,-0.0000,0.0000,0.0000,-0.0000,0.0000,-0.0009,-0.0174,0.0000
14.9002,0.0000,-0.0000,0.0000,0.0000,-0.0000,0.0000,0.0000,-0.0000,0.0000,0.0003,-0.0174,0.0000
15.0001,0.0000,-0.0000,0.0000,0.0000,-0.0000,0.0000,0.0000,-0.0000,0.0000,-0.0005,-0.0174,0.0000
15.1002,0.0003,-0.0000,0.0000,0.0057,-0.0000,0.0000,0.0059,-0.0000,0.0000,0.0102,-0.0173,0.0000
15.2002,0.0036,-0.0000,0.0000,0.0119,-0.0000,0.0000,0.0118,-0.0000,0.0000,0.0255,-0.0173,0.0000
15.3116,0.0104,0.0000,0.0000,0.0160,0.0000,0.0000,0.0160,0.0000,0.0000,0.0372,-0.0172,0.0000
15.4003,0.0194,0.0000,0.0000,0.0237,0.0000,0.0000,0.0209,0.0000,0.0000,0.0503,-0.0172,0.0000
15.5001,0.0254,0.0000,0.0000,0.0308,0.0000,0.0000,0.0306,0.0000,0.0000,0.0604,-0.0172,0.0000
15.6008,0.0314,0.0000,0.0000,0.0377,0.0000,0.0000,0.0378,0.0000,0.0000,0.0718,-0.0172,0.0000
15.7001,0.0374,0.0000,0.0000,0.0458,0.0000,0.0000,0.0458,0.0000,0.0000,0.0848,-0.0171,0.0000
15.8011,0.0464,0.0000,0.0000,0.0509,0.0000,0.0000,0.0505,0.0000,0.0000,0.0914,-0.0171,0.0000
15.9039,0.0554,0.0000,0.0000,0.0603,0.0000,0.0000,0.0601,0.0000,0.0000,0.1032,-0.0170,0.0000
16.0001,0.0644,0.0000,0.0000,0.0686,0.0000,0.0000,0.0687,0.0000,0.0000,0.1137,-0.0170,0.0000
16.1001,0.0734,0.0000,0.0000,0.0765,0.0000,0.0000,0.0766,0.0000,0.0000,0.1225,-0.0167,0.0000
16.2001,0.0794,0.0000,0.0000,0.0843,0.0000,0.0000,0.0843,0.0000,0.0000,0.1310,-0.0167,0.0000
16.3001,0.0884,0.0000,0.0000,0.0933,0.0000,0.0000,0.0932,0.0000,0.0000,0.1403,-0.0168,0.0000
16.4001,0.0974,0.0000,0.0000,0.1010,0.0000,0.0000,0.1010,0.0000,0.0000,0.1483,-0.0168,0.0000
16.5001,0.1064,0.0000,0.0000,0.1099,0.0000,0.0000,0.1099,0.0000,0.0000,0.1566,-0.0168,0.0000
16.6002,0.1124,0.0000,0.0000,0.1161,0.0000,0.0000,0.1161,0.0000,0.0000,0.1622,-0.0168,0.0000
16.7001,0.1214,0.0000,0.0000,0.1255,0.0000,0.0000,0.1254,0.0000,0.0000,0.1743,-0.0169,0.0000
16.8001,0.1304,0.0000,0.0000,0.1354,0.0000,0.0000,0.1351,0.0000,0.0000,0.1865,-0.0170,0.0000
16.9002,0.1364,0.0000,0.0000,0.1418,0.0000,0.0000,0.1418,0.0000,0.0000,0.1929,-0.0171,0.0000
17.0058,0.1454,0.0000,0.0000,0.1511,0.0000,0.0000,0.1507,0.0000,0.0000,0.2028,-0.0173,0.0000
17.1002,0.1514,0.0000,0.0000,0.1567,0.0000,0.0000,0.1568,0.0000,0.0000,0.2083,-0.0174,0.0000
17.2001,0.1604,0.0000,0.0000,0.1663,0.0000,0.0000,0.1664,0.0000,0.0000,0.2190,-0.0176,0.0000
17.3001,0.1694,0.0000,0.0000,0.1741,0.0000,0.0000,0.1740,0.0000,0.0000,0.2243,-0.0175,0.0000
17.4009,0.1754,0.0000,0.0000,0.1791,0.0000,0.0000,0.1795,0.0000,0.0000,0.2311,-0.0175,0.0000
17.5001,0.1844,0.0000,0.0000,0.1896,0.0000,0.0000,0.1896,0.0000,0.0000,0.2425,-0.0175,0.0000
17.6010,0.1934,0.0000,0.0000,0.1963,0.0000,0.0000,0.1966,0.0000,0.0000,0.2490,-0.0174,0.0000
17.7002,0.2024,0.0000,0.0000,0.2056,0.0000,0.0000,0.2056,0.0000,0.0000,0.2578,-0.0174,0.0000
17.8001,0.2114,0.0000,0.0000,0.2163,0.0000,0.0000,0.2164,0.0000,0.0000,0.2707,-0.0174,0.0000
17.9037,0.2204,0.0000,0.0000,0.2238,0.0000,0.0000,0.2236,0.0000,0.0000,0.2796,-0.0173,0.0000
18.0001,0.2264,0.0000,0.0000,0.2308,0.0000,0.0000,0.2307,0.0000,0.0000,0.2864,-0.0173,0.0000
18.1001,0.2354,0.0000,0.0000,0.2392,0.0000,0.0000,0.2392,0.0000,0.0000,0.2940,-0.0173,0.0000
18.2023,0.2474,0.0000,0.0000,0.2502,0.0000,0.0000,0.2500,0.0000,0.0000,0.3061,-0.0173,0.0000
18.3079,0.2564,0.0000,0.0000,0.2597,0.0000,0.0000,0.2591,0.0000,0.0000,0.3138,-0.0173,0.0000
18.4002,0.2654,0.0000,0.0000,0.2699,0.0000,0.0000,0.2699,0.0000,0.0000,0.3244,-0.0173,0.0000
18.5001,0.2744,0.0000,0.0000,0.2783,0.0000,0.0000,0.2783,0.0000,0.0000,0.3338,-0.0172,0.0000
18.6001,0.2834,0.0000,0.0000,0.2866,0.0000,0.0000,0.2867,0.0000,0.0000,0.3427,-0.0170,0.0000
18.7018,0.2924,0.0000,0.0000,0.2959,0.0000,0.0000,0.2959,0.0000,0.0000,0.3531,-0.0169,0.0000
18.8002,0.2984,0.0000,0.0000,0.3027,0.0000,0.0000,0.3023,0.0000,0.0000,0.3585,-0.0169,0.0000
18.9002,0.3104,0.0000,0.0000,0.3135,0.0000,0.0000,0.3135,0.0000,0.0000,0.3716,-0.0169,0.0000
19.0001,0.3164,0.0000,0.0000,0.3207,0.0000,0.0000,0.3205,0.0000,0.0000,0.3793,-0.0168,0.0000
19.1027,0.3254,0.0000,0.0000,0.3292,0.0000,0.0000,0.3292,0.0000,0.0000,0.3901,-0.0163,0.0000
19.2002,0.3344,0.0000,0.0000,0.3386,0.0000,0.0000,0.3387,0.0000,0.0000,0.3980,-0.0164,0.0000
19.3002,0.3464,0.0000,0.0000,0.3494,0.0000,0.0000,0.3494,0.0000,0.0000,0.4067,-0.0167,0.0000
19.4002,0.3554,0.0000,0.0000,0.3589,0.0000,0.0000,0.3589,0.0000,0.0000,0.4131,-0.0167,0.0000
19.5029,0.3644,0.0000,0.0000,0.3676,0.0000,0.0000,0.3675,0.0000,0.0000,0.4229,-0.0167,0.0000
19.6001,0.3704,0.0000,0.0000,0.3740,0.0000,0.0000,0.3740,0.0000,0.0000,0.4291,-0.0167,0.0000
19.7036,0.3824,0.0000,0.0000,0.3859,0.0000,0.0000,0.3825,0.0000,0.0000,0.4394,-0.0166,0.0000
19.8001,0.3884,0.0000,0.0000,0.3923,0.0000,0.0000,0.3924,0.0000,0.0000,0.4468,-0.0166,0.0000
19.9001,0.3974,0.0000,0.0000,0.4013,0.0000,0.0000,0.4012,0.0000,0.0000,0.4535,-0.0165,0.0000
20.0001,0.4094,0.0000,0.0000,0.4119,0.0000,0.0000,0.4117,0.0000,0.0000,0.4611,-0.0160,0.0000
20.1001,0.4184,0.0000,0.0000,0.4210,0.0000,0.0000,0.4210,0.0000,0.0000,0.4677,-0.0159,0.0000
20.2002,0.4274,0.0000,0.0000,0.4311,0.0000,0.0000,0.4312,0.0000,0.0000,0.4770,-0.0158,0.0000
20.3002,0.4364,0.0000,0.0000,0.4400,0.0000,0.0000,0.4399,0.0000,0.0000,0.4860,-0.0157,0.0000
20.4012,0.4454,0.0000,0.0000,0.4491,0.0000,0.0000,0.4490,0.0000,0.0000,0.4949,-0.0156,0.0000
20.5036,0.4544,0.0000,0.0000,0.4575,0.0000,0.0000,0.4574,0.0000,0.0000,0.5025,-0.0155,0.0000
20.6001,0.4634,0.0000,0.0000,0.4677,0.0000,0.0000,0.4678,0.0000,0.0000,0.5143,-0.0154,0.0000
20.7002,0.4694,0.0000,0.0000,0.4739,0.0000,0.0000,0.4740,0.0000,0.0000,0.5211,-0.0152,0.0000
20.8003,0.4814,0.0000,0.0000,0.4821,0.0000,0.0000,0.4849,0.0000,0.0000,0.5323,-0.0151,0.0000
20.9001,0.4904,0.0000,0.0000,0.4936,0.0000,0.0000,0.4937,0.0000,0.0000,0.5436,-0.0149,0.0000
21.0002,0.4964,0.0000,0.0000,0.4997,0.0000,0.0000,0.4997,0.0000,0.0000,0.5512,-0.0149,0.0000
21.1002,0.5054,0.0000,0.0000,0.5100,0.0000,0.0000,0.5100,0.0000,0.0000,0.5636,-0.0149,0.0000
21.2001,0.5144,0.0000,0.0000,0.5177,0.0000,0.0000,0.5177,0.0000,0.0000,0.5731,-0.0148,0.0000
21.3002,0.5234,0.0000,0.0000,0.5260,0.0000,0.0000,0.5261,0.0000,0.0000,0.5807,-0.0147,0.0000
21.4001,0.5324,0.0000,0.0000,0.5380,0.0000,0.0000,0.5380,0.0000,0.0000,0.5946,-0.0148,0.0000
21.5001,0.5414,0.0000,0.0000,0.5449,0.0000,0.0000,0.5449,0.0000,0.0000,0.6027,-0.0148,0.0000
21.6001,0.5504,0.0000,0.0000,0.5520,0.0000,0.0000,0.5522,0.0000,0.0000,0.6115,-0.0149,0.0000
21.7001,0.5564,0.0000,0.0000,0.5611,0.0000,0.0000,0.5613,0.0000,0.0000,0.6174,-0.0150,0.0000
21.8001,0.5684,0.0000,0.0000,0.5715,0.0000,0.0000,0.5715,0.0000,0.0000,0.6289,-0.0150,0.0000
21.9057,0.5744,0.0000,0.0000,0.5782,0.0000,0.0000,0.5782,0.0000,0.0000,0.6390,-0.0151,0.0000
22.0002,0.5834,0.0000,0.0000,0.5858,0.0000,0.0000,0.5862,0.0000,0.0000,0.6457,-0.0150,0.0000
22.1001,0.5954,0.0000,0.0000,0.5988,0.0000,0.0000,0.5988,0.0000,0.0000,0.6568,-0.0151,0.0000
22.2001,0.6044,0.0000,0.0000,0.6069,0.0000,0.0000,0.6070,0.0000,0.0000,0.6625,-0.0151,0.0000
22.3001,0.6134,0.0000,0.0000,0.6163,0.0000,0.0000,0.6167,0.0000,0.0000,0.6700,-0.0153,0.0000
22.4013,0.6224,0.0000,0.0000,0.6262,0.0000,0.0000,0.6261,0.0000,0.0000,0.6797,-0.0153,0.0000
22.5001,0.6314,0.0000,0.0000,0.6342,0.0000,0.0000,0.6342,0.0000,0.0000,0.6881,-0.0154,0.0000
22.6002,0.6404,0.0000,0.0000,0.6447,0.0000,0.0000,0.6451,0.0000,0.0000,0.6998,-0.0155,0.0000
22.7001,0.6494,0.0000,0.0000,0.6534,0.0000,0.0000,0.6534,0.0000,0.0000,0.7084,-0.0156,0.0000
22.8002,0.6584,0.0000,0.0000,0.6627,0.0000,0.0000,0.6626,0.0000,0.0000,0.7185,-0.0157,0.0000
22.9001,0.6644,0.0000,0.0000,0.6683,0.0000,0.0000,0.6684,0.0000,0.0000,0.7233,-0.0156,0.0000
23.0001,0.6734,0.0000,0.0000,0.6785,0.0000,0.0000,0.6786,0.0000,0.0000,0.7337,-0.0156,0.0000
23.1001,0.6824,0.0000,0.0000,0.6855,0.0000,0.0000,0.6857,0.0000,0.0000,0.7396,-0.0155,0.0000
23.2004,0.6944,0.0000,0.0000,0.6972,0.0000,0.0000,0.6940,0.0000,0.0000,0.7469,-0.0154,0.0000
23.3001,0.7004,0.0000,0.0000,0.7041,0.0000,0.0000,0.7037,0.0000,0.0000,0.7526,-0.0152,0.0000
23.4002,0.7094,0.0000,0.0000,0.7141,0.0000,0.0000,0.7142,0.0000,0.0000,0.7648,-0.0151,0.0000
23.5002,0.7184,0.0000,0.0000,0.7230,0.0000,0.0000,0.7227,0.0000,0.0000,0.7757,-0.0149,0.0000
23.6002,0.7244,0.0000,0.0000,0.7291,0.0000,0.0000,0.7292,0.0000,0.0000,0.7814,-0.0148,0.0000
23.7002,0.7334,0.0000,0.0000,0.7387,0.0000,0.0000,0.7387,0.0000,0.0000,0.7928,-0.0147,0.0000
23.8078,0.7394,0.0000,0.0000,0.7441,0.0000,0.0000,0.7442,0.0000,0.0000,0.7995,-0.0147,0.0000
23.9002,0.7454,0.0000,0.0000,0.7522,0.0000,0.0000,0.7519,0.0000,0.0000,0.8097,-0.0147,0.0000
24.0000,0.7544,0.0000,0.0000,0.7613,0.0000,0.0000,0.7609,0.0000,0.0000,0.8197,-0.0147,0.0000
24.1002,0.7634,0.0000,0.0000,0.7677,0.0000,0.0000,0.7681,0.0000,0.0000,0.8255,-0.0147,0.0000
24.2001,0.7724,0.0000,0.0000,0.7766,0.0000,0.0000,0.7767,0.0000,0.0000,0.8343,-0.0147,0.0000
24.3001,0.7784,0.0000,0.0000,0.7828,0.0000,0.0000,0.7830,0.0000,0.0000,0.8407,-0.0146,0.0000
24.4002,0.7874,0.0000,0.0000,0.7928,0.0000,0.0000,0.7928,0.0000,0.0000,0.8522,-0.0145,0.0000
24.5001,0.7934,0.0000,0.0000,0.7992,0.0000,0.0000,0.7992,0.0000,0.0000,0.8593,-0.0145,0.0000
24.6002,0.8024,0.0000,0.0000,0.8072,0.0000,0.0000,0.8071,0.0000,0.0000,0.8675,-0.0144,0.0000
24.7027,0.8084,0.0000,0.0000,0.8161,0.0000,0.0000,0.8158,0.0000,0.0000,0.8794,-0.0143,0.0000
24.8004,0.8144,0.0000,0.0000,0.8215,0.0000,0.0000,0.8216,0.0000,0.0000,0.8871,-0.0144,0.0000
24.9001,0.8234,0.0000,0.0000,0.8278,0.0000,0.0000,0.8278,0.0000,0.0000,0.8958,-0.0145,0.0000
25.0001,0.8294,0.0000,0.0000,0.8342,0.0000,0.0000,0.8342,0.0000,0.0000,0.9012,-0.0145,0.0000
25.1006,0.8414,0.0000,0.0000,0.8424,0.0000,0.0000,0.8425,0.0000,0.0000,0.9116,-0.0147,0.0000
25.2006,0.8504,0.0000,0.0000,0.8543,0.0000,0.0000,0.8499,0.0000,0.0000,0.9204,-0.0150,0.0000
25.3002,0.8564,0.0000,0.0000,0.8598,0.0000,0.0000,0.8598,0.0000,0.0000,0.9258,-0.0151,0.0000
25.4002,0.8654,0.0000,0.0000,0.8703,0.0000,0.0000,0.8703,0.0000,0.0000,0.9378,-0.0152,0.0000
25.5001,0.8744,0.0000,0.0000,0.8775,0.0000,0.0000,0.8775,0.0000,0.0000,0.9446,-0.0154,0.0000
25.6001,0.8834,0.0000,0.0000,0.8872,0.0000,0.0000,0.8871,0.0000,0.0000,0.9548,-0.0157,0.0000
25.7001,0.8894,0.0000,0.0000,0.8947,0.0000,0.0000,0.8948,0.0000,0.0000,0.9628,-0.0159,0.0000
25.8001,0.8984,0.0000,0.0000,0.9028,0.0000,0.0000,0.9028,0.0000,0.0000,0.9706,-0.0160,0.0000
25.9001,0.9074,0.0000,0.0000,0.9116,0.0000,0.0000,0.9115,0.0000,0.0000,0.9802,-0.0159,0.0000
26.0002,0.9134,0.0000,0.0000,0.9181,0.0000,0.0000,0.9181,0.0000,0.0000,0.9872,-0.0158,0.0000
26.1001,0.9224,0.0000,0.0000,0.9266,0.0000,0.0000,0.9266,0.0000,0.0000,0.9946,-0.0156,0.0000
26.2002,0.9314,0.0000,0.0000,0.9358,0.0000,0.0000,0.9358,0.0000,0.0000,1.0055,-0.0154,0.0000
26.3036,0.9374,0.0000,0.0000,0.9414,0.0000,0.0000,0.9415,0.0000,0.0000,1.0115,-0.0153,0.0000
26.4001,0.9494,0.0000,0.0000,0.9532,0.0000,0.0000,0.9532,0.0000,0.0000,1.0219,-0.0149,0.0000
26.5001,0.9554,0.0000,0.0000,0.9593,0.0000,0.0000,0.9596,0.0000,0.0000,1.0264,-0.0147,0.0000
26.6002,0.9644,0.0000,0.0000,0.9698,0.0000,0.0000,0.9696,0.0000,0.0000,1.0390,-0.0140,0.0000
26.7001,0.9734,0.0000,0.0000,0.9774,0.0000,0.0000,0.9772,0.0000,0.0000,1.0444,-0.0136,0.0000
26.8001,0.9824,0.0000,0.0000,0.9847,0.0000,0.0000,0.9845,0.0000,0.0000,1.0511,-0.0134,0.0000
26.9001,0.9884,0.0000,0.0000,0.9936,0.0000,0.0000,0.9936,0.0000,0.0000,1.0593,-0.0131,0.0000
27.0007,0.9974,0.0000,0.0000,1.0015,0.0000,0.0000,1.0015,0.0000,0.0000,1.0666,-0.0129,0.0000
27.1001,1.0064,0.0000,0.0000,1.0108,0.0000,0.0000,1.0106,0.0000,0.0000,1.0743,-0.0126,0.0000
27.2002,1.0124,0.0000,0.0000,1.0166,0.0000,0.0000,1.0166,0.0000,0.0000,1.0792,-0.0124,0.0000
27.3002,1.0214,0.0000,0.0000,1.0261,0.0000,0.0000,1.0263,0.0000,0.0000,1.0889,-0.0122,0.0000
27.4001,1.0274,0.0000,0.0000,1.0338,0.0000,0.0000,1.0339,0.0000,0.0000,1.0980,-0.0120,0.0000
27.5001,1.0364,0.0000,0.0000,1.0420,0.0000,0.0000,1.0420,0.0000,0.0000,1.1062,-0.0115,0.0000
27.6001,1.0424,0.0000,0.0000,1.0472,0.0000,0.0000,1.0472,0.0000,0.0000,1.1121,-0.0114,0.0000
27.7001,1.0514,0.0000,0.0000,1.0570,0.0000,0.0000,1.0569,0.0000,0.0000,1.1212,-0.0113,0.0000
27.8001,1.0574,0.0000,0.0000,1.0638,0.0000,0.0000,1.0638,0.0000,0.0000,1.1271,-0.0111,0.0000
27.9002,1.0664,0.0000,0.0000,1.0702,0.0000,0.0000,1.0720,0.0000,0.0000,1.1342,-0.0111,0.0000
28.0004,1.0724,0.0000,0.0000,1.0781,0.0000,0.0000,1.0781,0.0000,0.0000,1.1418,-0.0109,0.0000
28.1002,1.0814,0.0000,0.0000,1.0852,0.0000,0.0000,1.0851,0.0000,0.0000,1.1474,-0.0108,0.0000
28.2001,1.0904,0.0000,0.0000,1.0950,0.0000,0.0000,1.0949,0.0000,0.0000,1.1550,-0.0106,0.0000
28.3002,1.0964,0.0000,0.0000,1.1013,0.0000,0.0000,1.1013,0.0000,0.0000,1.1598,-0.0103,0.0000
28.4004,1.1054,0.0000,0.0000,1.1097,0.0000,0.0000,1.1096,0.0000,0.0000,1.1678,-0.0102,0.0000
28.5001,1.1144,0.0000,0.0000,1.1179,0.0000,0.0000,1.1179,0.0000,0.0000,1.1760,-0.0100,0.0000
28.6001,1.1204,0.0000,0.0000,1.1263,0.0000,0.0000,1.1255,0.0000,0.0000,1.1875,-0.0099,0.0000
28.7002,1.1294,0.0000,0.0000,1.1335,0.0000,0.0000,1.1340,0.0000,0.0000,1.1935,-0.0097,0.0000
28.8009,1.1384,0.0000,0.0000,1.1428,0.0000,0.0000,1.1425,0.0000,0.0000,1.2008,-0.0095,0.0000
28.9001,1.1444,0.0000,0.0000,1.1480,0.0000,0.0000,1.1481,0.0000,0.0000,1.2048,-0.0093,0.0000
29.0002,1.1534,0.0000,0.0000,1.1581,0.0000,0.0000,1.1580,0.0000,0.0000,1.2148,-0.0090,0.0000
29.1001,1.1624,0.0000,0.0000,1.1676,0.0000,0.0000,1.1674,0.0000,0.0000,1.2252,-0.0087,0.0000
29.2001,1.1714,0.0000,0.0000,1.1758,0.0000,0.0000,1.1728,0.0000,0.0000,1.2343,-0.0085,0.0000
29.3001,1.1804,0.0000,0.0000,1.1839,0.0000,0.0000,1.1837,0.0000,0.0000,1.2418,-0.0084,0.0000
29.4001,1.1864,0.0000,0.0000,1.1911,0.0000,0.0000,1.1911,0.0000,0.0000,1.2494,-0.0083,0.0000
29.5001,1.1954,0.0000,0.0000,1.1987,0.0000,0.0000,1.1987,0.0000,0.0000,1.2554,-0.0082,0.0000
29.6002,1.2044,0.0000,0.0000,1.2093,0.0000,0.0000,1.2094,0.0000,0.0000,1.2662,-0.0081,0.0000
29.7026,1.2134,0.0000,0.0000,1.2175,0.0000,0.0000,1.2174,0.0000,0.0000,1.2738,-0.0081,0.0000
29.8001,1.2194,0.0000,0.0000,1.2237,0.0000,0.0000,1.2237,0.0000,0.0000,1.2834,-0.0080,0.0000
29.9001,1.2314,0.0000,0.0000,1.2345,0.0000,0.0000,1.2345,0.0000,0.0000,1.2907,-0.0079,0.0000
30.0001,1.2404,0.0000,0.0000,1.2408,0.0000,0.0000,1.2443,0.0000,0.0000,1.3011,-0.0078,0.0000
30.1001,1.2464,0.0000,0.0000,1.2510,0.0000,0.0000,1.2511,0.0000,0.0000,1.3076,-0.0077,0.0000
30.2077,1.2584,0.0000,0.0000,1.2615,0.0000,0.0000,1.2615,0.0000,0.0000,1.3162,-0.0076,0.0000
30.3030,1.2644,0.0000,0.0000,1.2675,0.0000,0.0000,1.2676,0.0000,0.0000,1.3232,-0.0075,0.0000
30.4014,1.2764,0.0000,0.0000,1.2795,0.0000,0.0000,1.2795,0.0000,0.0000,1.3342,-0.0076,0.0000
30.5001,1.2854,0.0000,0.0000,1.2895,0.0000,0.0000,1.2896,0.0000,0.0000,1.3442,-0.0076,0.0000
30.6002,1.2914,0.0000,0.0000,1.2958,0.0000,0.0000,1.2958,0.0000,0.0000,1.3515,-0.0077,0.0000
30.7001,1.3004,0.0000,0.0000,1.3052,0.0000,0.0000,1.3053,0.0000,0.0000,1.3606,-0.0077,0.0000
30.8036,1.3064,0.0000,0.0000,1.3112,0.0000,0.0000,1.3112,0.0000,0.0000,1.3688,-0.0077,0.0000
30.9001,1.3154,0.0000,0.0000,1.3212,0.0000,0.0000,1.3210,0.0000,0.0000,1.3806,-0.0078,0.0000
31.0001,1.3244,0.0000,0.0000,1.3290,0.0000,0.0000,1.3291,0.0000,0.0000,1.3904,-0.0079,0.0000
31.1035,1.3334,0.0000,0.0000,1.3364,0.0000,0.0000,1.3365,0.0000,0.0000,1.3948,-0.0080,0.0000
31.2001,1.3394,0.0000,0.0000,1.3440,0.0000,0.0000,1.3435,0.0000,0.0000,1.4025,-0.0080,0.0000
31.3001,1.3484,0.0000,0.0000,1.3539,0.0000,0.0000,1.3538,0.0000,0.0000,1.4149,-0.0082,0.0000
31.4002,1.3574,0.0000,0.0000,1.3616,0.0000,0.0000,1.3618,0.0000,0.0000,1.4219,-0.0083,0.0000
31.5001,1.3634,0.0000,0.0000,1.3688,0.0000,0.0000,1.3688,0.0000,0.0000,1.4306,-0.0084,0.0000
31.6002,1.3724,0.0000,0.0000,1.3774,0.0000,0.0000,1.3771,0.0000,0.0000,1.4371,-0.0085,0.0000
31.7001,1.3814,0.0000,0.0000,1.3865,0.0000,0.0000,1.3834,0.0000,0.0000,1.4422,-0.0085,0.0000
31.8001,1.3874,0.0000,0.0000,1.3927,0.0000,0.0000,1.3927,0.0000,0.0000,1.4530,-0.0086,0.0000
31.9002,1.3964,0.0000,0.0000,1.4017,0.0000,0.0000,1.4016,0.0000,0.0000,1.4605,-0.0085,0.0000
32.0036,1.4024,0.0000,0.0000,1.4070,0.0000,0.0000,1.4069,0.0000,0.0000,1.4653,-0.0084,0.0000
32.1002,1.4114,0.0000,0.0000,1.4169,0.0000,0.0000,1.4168,0.0000,0.0000,1.4755,-0.0083,0.0000
32.2002,1.4174,0.0000,0.0000,1.4222,0.0000,0.0000,1.4222,0.0000,0.0000,1.4803,-0.0083,0.0000
32.3001,1.4264,0.0000,0.0000,1.4314,0.0000,0.0000,1.4314,0.0000,0.0000,1.4904,-0.0083,0.0000
32.4001,1.4354,0.0000,0.0000,1.4394,0.0000,0.0000,1.4393,0.0000,0.0000,1.4998,-0.0083,0.0000
32.5002,1.4414,0.0000,0.0000,1.4455,0.0000,0.0000,1.4455,0.0000,0.0000,1.5061,-0.0083,0.0000
32.6002,1.4534,0.0000,0.0000,1.4567,0.0000,0.0000,1.4567,0.0000,0.0000,1.5175,-0.0083,0.0000
32.7001,1.4594,0.0000,0.0000,1.4640,0.0000,0.0000,1.4642,0.0000,0.0000,1.5247,-0.0082,0.0000
32.8002,1.4654,0.0000,0.0000,1.4714,0.0000,0.0000,1.4717,0.0000,0.0000,1.5326,-0.0082,0.0000
32.9002,1.4744,0.0000,0.0000,1.4798,0.0000,0.0000,1.4794,0.0000,0.0000,1.5379,-0.0077,0.0000
33.0001,1.4834,0.0000,0.0000,1.4886,0.0000,0.0000,1.4885,0.0000,0.0000,1.5484,-0.0074,0.0000
33.1002,1.4894,0.0000,0.0000,1.4956,0.0000,0.0000,1.4956,0.0000,0.0000,1.5559,-0.0071,0.0000
33.2001,1.4984,0.0000,0.0000,1.5021,0.0000,0.0000,1.5021,0.0000,0.0000,1.5620,-0.0067,0.0000
33.3072,1.5074,0.0000,0.0000,1.5112,0.0000,0.0000,1.5111,0.0000,0.0000,1.5699,-0.0063,0.0000
33.4001,1.5164,0.0000,0.0000,1.5215,0.0000,0.0000,1.5215,0.0000,0.0000,1.5797,-0.0060,0.0000
33.5019,1.5254,0.0000,0.0000,1.5291,0.0000,0.0000,1.5290,0.0000,0.0000,1.5853,-0.0058,0.0000
33.6037,1.5314,0.0000,0.0000,1.5355,0.0000,0.0000,1.5356,0.0000,0.0000,1.5922,-0.0055,0.0000
33.7001,1.5404,0.0000,0.0000,1.5452,0.0000,0.0000,1.5452,0.0000,0.0000,1.6020,-0.0055,0.0000
33.8001,1.5494,0.0000,0.0000,1.5539,0.0000,0.0000,1.5536,0.0000,0.0000,1.6099,-0.0051,0.0000
33.9015,1.5554,0.0000,0.0000,1.5606,0.0000,0.0000,1.5607,0.0000,0.0000,1.6169,-0.0049,0.0000
34.0002,1.5644,0.0000,0.0000,1.5683,0.0000,0.0000,1.5683,0.0000,0.0000,1.6238,-0.0047,0.0000
34.1010,1.5734,0.0000,0.0000,1.5768,0.0000,0.0000,1.5768,0.0000,0.0000,1.6310,-0.0045,0.0000
34.2001,1.5824,0.0000,0.0000,1.5860,0.0000,0.0000,1.5860,0.0000,0.0000,1.6395,-0.0042,0.0000
34.3003,1.5914,0.0000,0.0000,1.5965,0.0000,0.0000,1.5965,0.0000,0.0000,1.6498,-0.0039,0.0000
34.4000,1.6004,0.0000,0.0000,1.6022,0.0000,0.0000,1.6022,0.0000,0.0000,1.6555,-0.0037,0.0000
34.5037,1.6064,0.0000,0.0000,1.6115,0.0000,0.0000,1.6116,0.0000,0.0000,1.6674,-0.0034,0.0000
34.6001,1.6154,0.0000,0.0000,1.6205,0.0000,0.0000,1.6203,0.0000,0.0000,1.6763,-0.0032,0.0000
34.7005,1.6214,0.0000,0.0000,1.6267,0.0000,0.0000,1.6267,0.0000,0.0000,1.6843,-0.0031,0.0000
34.8001,1.6304,0.0000,0.0000,1.6359,0.0000,0.0000,1.6359,0.0000,0.0000,1.6936,-0.0029,0.0000
34.9001,1.6394,0.0000,0.0000,1.6445,0.0000,0.0000,1.6447,0.0000,0.0000,1.7010,-0.0028,0.0000
35.0001,1.6454,0.0000,0.0000,1.6518,0.0000,0.0000,1.6509,0.0000,0.0000,1.7079,-0.0027,0.0000
35.1009,1.6544,0.0000,0.0000,1.6588,0.0000,0.0000,1.6590,0.0000,0.0000,1.7162,-0.0027,0.0000
35.2037,1.6604,0.0000,0.0000,1.6655,0.0000,0.0000,1.6655,0.0000,0.0000,1.7228,-0.0027,0.0000
35.3001,1.6694,0.0000,0.0000,1.6755,0.0000,0.0000,1.6754,0.0000,0.0000,1.7333,-0.0028,0.0000
35.4031,1.6784,0.0000,0.0000,1.6835,0.0000,0.0000,1.6835,0.0000,0.0000,1.7418,-0.0029,0.0000
35.5012,1.6844,0.0000,0.0000,1.6889,0.0000,0.0000,1.6889,0.0000,0.0000,1.7477,-0.0030,0.0000
35.6001,1.6934,0.0000,0.0000,1.6976,0.0000,0.0000,1.6979,0.0000,0.0000,1.7586,-0.0029,0.0000
35.7001,1.7024,0.0000,0.0000,1.7071,0.0000,0.0000,1.7071,0.0000,0.0000,1.7664,-0.0029,0.0000
35.8005,1.7114,0.0000,0.0000,1.7152,0.0000,0.0000,1.7153,0.0000,0.0000,1.7750,-0.0028,0.0000
35.9002,1.7174,0.0000,0.0000,1.7227,0.0000,0.0000,1.7226,0.0000,0.0000,1.7832,-0.0028,0.0000
36.0001,1.7264,0.0000,0.0000,1.7313,0.0000,0.0000,1.7314,0.0000,0.0000,1.7918,-0.0027,0.0000
36.1004,1.7354,0.0000,0.0000,1.7398,0.0000,0.0000,1.7398,0.0000,0.0000,1.7983,-0.0026,0.0000
36.2002,1.7444,0.0000,0.0000,1.7457,0.0000,0.0000,1.7487,0.0000,0.0000,1.8037,-0.0026,0.0000
36.3001,1.7504,0.0000,0.0000,1.7549,0.0000,0.0000,1.7547,0.0000,0.0000,1.8123,-0.0026,0.0000
36.4001,1.7594,0.0000,0.0000,1.7634,0.0000,0.0000,1.7633,0.0000,0.0000,1.8201,-0.0024,0.0000
36.5001,1.7684,0.0000,0.0000,1.7730,0.0000,0.0000,1.7728,0.0000,0.0000,1.8299,-0.0022,0.0000
36.6001,1.7774,0.0000,0.0000,1.7809,0.0000,0.0000,1.7806,0.0000,0.0000,1.8378,-0.0020,0.0000
36.7001,1.7864,0.0000,0.0000,1.7896,0.0000,0.0000,1.7897,0.0000,0.0000,1.8452,-0.0019,0.0000
36.8001,1.7954,0.0000,0.0000,1.7988,0.0000,0.0000,1.7986,0.0000,0.0000,1.8526,-0.0018,0.0000
36.9001,1.8044,0.0000,0.0000,1.8083,0.0000,0.0000,1.8086,0.0000,0.0000,1.8622,-0.0017,0.0000
37.0002,1.8134,0.0000,0.0000,1.8165,0.0000,0.0000,1.8166,0.0000,0.0000,1.8701,-0.0016,0.0000
37.1002,1.8224,0.0000,0.0000,1.8260,0.0000,0.0000,1.8260,0.0000,0.0000,1.8815,-0.0015,0.0000
37.2002,1.8284,0.0000,0.0000,1.8325,0.0000,0.0000,1.8331,0.0000,0.0000,1.8893,-0.0015,0.0000
37.3002,1.8374,0.0000,0.0000,1.8425,0.0000,0.0000,1.8421,0.0000,0.0000,1.8973,-0.0014,0.0000
37.4002,1.8464,0.0000,0.0000,1.8503,0.0000,0.0000,1.8503,0.0000,0.0000,1.9059,-0.0013,0.0000
37.5036,1.8554,0.0000,0.0000,1.8603,0.0000,0.0000,1.8604,0.0000,0.0000,1.9170,-0.0012,0.0000
37.6002,1.8644,0.0000,0.0000,1.8687,0.0000,0.0000,1.8687,0.0000,0.0000,1.9263,-0.0011,0.0000
37.7014,1.8734,0.0000,0.0000,1.8751,0.0000,0.0000,1.8774,0.0000,0.0000,1.9361,-0.0010,0.0000
37.8001,1.8794,0.0000,0.0000,1.8839,0.0000,0.0000,1.8840,0.0000,0.0000,1.9427,-0.0009,0.0000
37.9001,1.8884,0.0000,0.0000,1.8913,0.0000,0.0000,1.8914,0.0000,0.0000,1.9485,-0.0007,0.0000
38.0001,1.8974,0.0000,0.0000,1.9019,0.0000,0.0000,1.9019,0.0000,0.0000,1.9583,-0.0005,0.0000
38.1037,1.9064,0.0000,0.0000,1.9110,0.0000,0.0000,1.9107,0.0000,0.0000,1.9700,-0.0002,0.0000
38.2002,1.9124,0.0000,0.0000,1.9161,0.0000,0.0000,1.9161,0.0000,0.0000,1.9764,-0.0000,0.0000
38.3001,1.9214,0.0000,0.0000,1.9263,0.0000,0.0000,1.9258,0.0000,0.0000,1.9875,0.0002,0.0000
38.4001,1.9304,0.0000,0.0000,1.9360,0.0000,0.0000,1.9361,0.0000,0.0000,1.9984,0.0008,0.0000
38.5001,1.9394,0.0000,0.0000,1.9425,0.0000,0.0000,1.9425,0.0000,0.0000,2.0031,0.0011,0.0000
38.6007,1.9454,0.0000,0.0000,1.9497,0.0000,0.0000,1.9497,0.0000,0.0000,2.0108,0.0013,0.0000
38.7001,1.9544,0.0000,0.0000,1.9597,0.0000,0.0000,1.9597,0.0000,0.0000,2.0251,0.0016,0.0000
38.8001,1.9604,0.0000,0.0000,1.9647,0.0000,0.0000,1.9648,0.0000,0.0000,2.0299,0.0018,0.0000
38.9036,1.9694,0.0000,0.0000,1.9741,0.0000,0.0000,1.9738,0.0000,0.0000,2.0374,0.0020,0.0000
39.0001,1.9784,0.0000,0.0000,1.9827,0.0000,0.0000,1.9827,0.0000,0.0000,2.0450,0.0021,0.0000
39.1001,1.9874,0.0000,0.0000,1.9911,0.0000,0.0000,1.9918,0.0000,0.0000,2.0497,0.0021,0.0000
39.2003,1.9964,0.0000,0.0000,2.0006,0.0000,0.0000,2.0005,0.0000,0.0000,2.0600,0.0022,0.0000
39.3006,2.0054,0.0000,0.0000,2.0087,0.0000,0.0000,2.0088,0.0000,0.0000,2.0675,0.0022,0.0000
39.4001,2.0114,0.0000,0.0000,2.0161,0.0000,0.0000,2.0161,0.0000,0.0000,2.0758,0.0022,0.0000
39.5001,2.0204,0.0000,0.0000,2.0237,0.0000,0.0000,2.0236,0.0000,0.0000,2.0815,0.0023,0.0000
39.6010,2.0294,0.0000,0.0000,2.0325,0.0000,0.0000,2.0326,0.0000,0.0000,2.0890,0.0024,0.0000
39.7001,2.0384,0.0000,0.0000,2.0438,0.0000,0.0000,2.0440,0.0000,0.0000,2.1008,0.0024,0.0000
39.8036,2.0474,0.0000,0.0000,2.0510,0.0000,0.0000,2.0509,0.0000,0.0000,2.1067,0.0024,0.0000
39.9001,2.0564,0.0000,0.0000,2.0591,0.0000,0.0000,2.0591,0.0000,0.0000,2.1134,0.0024,0.0000
40.0001,2.0624,0.0000,0.0000,2.0669,0.0000,0.0000,2.0670,0.0000,0.0000,2.1207,0.0024,0.0000
40.1002,2.0714,0.0000,0.0000,2.0755,0.0000,0.0000,2.0752,0.0000,0.0000,2.1284,0.0025,0.0000
40.2001,2.0804,0.0000,0.0000,2.0846,0.0000,0.0000,2.0846,0.0000,0.0000,2.1406,0.0026,0.0000
40.3001,2.0894,0.0000,0.0000,2.0936,0.0000,0.0000,2.0937,0.0000,0.0000,2.1499,0.0025,0.0000
40.4015,2.0954,0.0000,0.0000,2.0994,0.0000,0.0000,2.0995,0.0000,0.0000,2.1552,0.0025,0.0000
40.5001,2.1044,0.0000,0.0000,2.1090,0.0000,0.0000,2.1091,0.0000,0.0000,2.1669,0.0024,0.0000
40.6002,2.1134,0.0000,0.0000,2.1177,0.0000,0.0000,2.1163,0.0000,0.0000,2.1759,0.0024,0.0000
40.7013,2.1194,0.0000,0.0000,2.1226,0.0000,0.0000,2.1224,0.0000,0.0000,2.1797,0.0023,0.0000
40.8001,2.1284,0.0000,0.0000,2.1336,0.0000,0.0000,2.1336,0.0000,0.0000,2.1913,0.0022,0.0000
40.9002,2.1374,0.0000,0.0000,2.1418,0.0000,0.0000,2.1418,0.0000,0.0000,2.2015,0.0021,0.0000
41.0004,2.1434,0.0000,0.0000,2.1484,0.0000,0.0000,2.1484,0.0000,0.0000,2.2058,0.0020,0.0000
41.1001,2.1524,0.0000,0.0000,2.1570,0.0000,0.0000,2.1570,0.0000,0.0000,2.2140,0.0019,0.0000
41.2002,2.1614,0.0000,0.0000,2.1650,0.0000,0.0000,2.1650,0.0000,0.0000,2.2229,0.0018,0.0000
41.3002,2.1704,0.0000,0.0000,2.1748,0.0000,0.0000,2.1745,0.0000,0.0000,2.2308,0.0018,0.0000
41.4001,2.1764,0.0000,0.0000,2.1799,0.0000,0.0000,2.1799,0.0000,0.0000,2.2358,0.0018,0.0000
41.5039,2.1854,0.0000,0.0000,2.1901,0.0000,0.0000,2.1901,0.0000,0.0000,2.2467,0.0018,0.0000
41.6036,2.1944,0.0000,0.0000,2.1997,0.0000,0.0000,2.1996,0.0000,0.0000,2.2564,0.0018,0.0000
41.7014,2.2004,0.0000,0.0000,2.2053,0.0000,0.0000,2.2049,0.0000,0.0000,2.2618,0.0018,0.0000
41.8002,2.2094,0.0000,0.0000,2.2132,0.0000,0.0000,2.2133,0.0000,0.0000,2.2715,0.0018,0.0000
41.9001,2.2184,0.0000,0.0000,2.2234,0.0000,0.0000,2.2234,0.0000,0.0000,2.2821,0.0019,0.0000
42.0001,2.2274,0.0000,0.0000,2.2320,0.0000,0.0000,2.2326,0.0000,0.0000,2.2901,0.0018,0.0000
42.1002,2.2334,0.0000,0.0000,2.2382,0.0000,0.0000,2.2382,0.0000,0.0000,2.2967,0.0019,0.0000
42.2002,2.2424,0.0000,0.0000,2.2468,0.0000,0.0000,2.2466,0.0000,0.0000,2.3072,0.0020,0.0000
42.3036,2.2514,0.0000,0.0000,2.2552,0.0000,0.0000,2.2551,0.0000,0.0000,2.3161,0.0023,0.0000
42.4002,2.2574,0.0000,0.0000,2.2622,0.0000,0.0000,2.2619,0.0000,0.0000,2.3233,0.0024,0.0000
42.5001,2.2664,0.0000,0.0000,2.2714,0.0000,0.0000,2.2715,0.0000,0.0000,2.3332,0.0026,0.0000
42.6009,2.2754,0.0000,0.0000,2.2800,0.0000,0.0000,2.2797,0.0000,0.0000,2.3421,0.0027,0.0000
42.7001,2.2844,0.0000,0.0000,2.2887,0.0000,0.0000,2.2886,0.0000,0.0000,2.3504,0.0027,0.0000
42.8004,2.2934,0.0000,0.0000,2.2973,0.0000,0.0000,2.2948,0.0000,0.0000,2.3578,0.0026,0.0000
42.9001,2.2994,0.0000,0.0000,2.3041,0.0000,0.0000,2.3041,0.0000,0.0000,2.3679,0.0027,0.0000
43.0001,2.3084,0.0000,0.0000,2.3121,0.0000,0.0000,2.3133,0.0000,0.0000,2.3761,0.0026,0.0000
43.1001,2.3144,0.0000,0.0000,2.3187,0.0000,0.0000,2.3183,0.0000,0.0000,2.3815,0.0026,0.0000
43.2001,2.3234,0.0000,0.0000,2.3286,0.0000,0.0000,2.3285,0.0000,0.0000,2.3918,0.0024,0.0000
43.3003,2.3294,0.0000,0.0000,2.3355,0.0000,0.0000,2.3354,0.0000,0.0000,2.3966,0.0024,0.0000
43.4004,2.3354,0.0000,0.0000,2.3402,0.0000,0.0000,2.3402,0.0000,0.0000,2.4025,0.0024,0.0000
43.5002,2.3444,0.0000,0.0000,2.3498,0.0000,0.0000,2.3499,0.0000,0.0000,2.4138,0.0025,0.0000
43.6001,2.3534,0.0000,0.0000,2.3582,0.0000,0.0000,2.3582,0.0000,0.0000,2.4232,0.0025,0.0000
43.7001,2.3594,0.0000,0.0000,2.3636,0.0000,0.0000,2.3636,0.0000,0.0000,2.4290,0.0024,0.0000
43.8001,2.3684,0.0000,0.0000,2.3734,0.0000,0.0000,2.3734,0.0000,0.0000,2.4409,0.0023,0.0000
43.9002,2.3774,0.0000,0.0000,2.3818,0.0000,0.0000,2.3819,0.0000,0.0000,2.4481,0.0020,0.0000
44.0005,2.3834,0.0000,0.0000,2.3874,0.0000,0.0000,2.3872,0.0000,0.0000,2.4528,0.0019,0.0000
44.1001,2.3924,0.0000,0.0000,2.3983,0.0000,0.0000,2.3969,0.0000,0.0000,2.4623,0.0016,0.0000
44.2002,2.4014,0.0000,0.0000,2.4061,0.0000,0.0000,2.4064,0.0000,0.0000,2.4703,0.0014,0.0000
44.3022,2.4104,0.0000,0.0000,2.4142,0.0000,0.0000,2.4143,0.0000,0.0000,2.4770,0.0010,0.0000
44.4002,2.4194,0.0000,0.0000,2.4222,0.0000,0.0000,2.4223,0.0000,0.0000,2.4822,0.0006,0.0000
44.5001,2.4284,0.0000,0.0000,2.4330,0.0000,0.0000,2.4331,0.0000,0.0000,2.4901,0.0003,0.0000
44.6001,2.4374,0.0000,0.0000,2.4416,0.0000,0.0000,2.4415,0.0000,0.0000,2.4998,0.0000,0.0000
44.7001,2.4434,0.0000,0.0000,2.4472,0.0000,0.0000,2.4473,0.0000,0.0000,2.5055,-0.0001,0.0000
44.8001,2.4524,0.0000,0.0000,2.4570,0.0000,0.0000,2.4569,0.0000,0.0000,2.5157,-0.0003,0.0000
44.9001,2.4614,0.0000,0.0000,2.4655,0.0000,0.0000,2.4656,0.0000,0.0000,2.5247,-0.0004,0.0000
45.0002,2.4704,0.0000,0.0000,2.4744,0.0000,0.0000,2.4740,0.0000,0.0000,2.5361,-0.0005,0.0000
45.1002,2.4794,0.0000,0.0000,2.4826,0.0000,0.0000,2.4826,0.0000,0.0000,2.5434,-0.0006,0.0000
45.2002,2.4884,0.0000,0.0000,2.4926,0.0000,0.0000,2.4926,0.0000,0.0000,2.5529,-0.0008,0.0000
45.3031,2.4974,0.0000,0.0000,2.5006,0.0000,0.0000,2.5004,0.0000,0.0000,2.5606,-0.0009,0.0000
45.4002,2.5034,0.0000,0.0000,2.5073,0.0000,0.0000,2.5072,0.0000,0.0000,2.5671,-0.0010,0.0000
45.5030,2.5076,0.0000,0.0000,2.5091,0.0000,0.0000,2.5089,0.0000,0.0000,2.5663,-0.0009,0.0000
45.6109,2.5076,0.0000,0.0000,2.5080,0.0000,0.0000,2.5080,0.0000,0.0000,2.5610,-0.0009,0.0000
45.7001,2.5076,0.0000,0.0000,2.5078,0.0000,0.0000,2.5078,0.0000,0.0000,2.5582,-0.0009,0.0000
45.8002,2.5076,0.0000,0.0000,2.5077,0.0000,0.0000,2.5077,0.0000,0.0000,2.5541,-0.0008,0.0000
45.9001,2.5076,0.0000,0.0000,2.5076,0.0000,0.0000,2.5076,0.0000,0.0000,2.5480,-0.0005,0.0000
46.0038,2.5076,0.0000,0.0000,2.5076,0.0000,0.0000,2.5076,0.0000,0.0000,2.5422,-0.0001,0.0000
46.1002,2.5076,0.0000,0.0000,2.5076,0.0000,0.0000,2.5076,0.0000,0.0000,2.5394,0.0002,0.0000
46.2001,2.5076,0.0000,0.0000,2.5076,0.0000,0.0000,2.5076,0.0000,0.0000,2.5321,0.0010,0.0000
46.3001,2.5076,0.0000,0.0000,2.5076,0.0000,0.0000,2.5076,0.0000,0.0000,2.5308,0.0010,0.0000
46.4001,2.5076,0.0000,0.0000,2.5076,0.0000,0.0000,2.5076,0.0000,0.0000,2.5284,0.0015,0.0000
46.5001,2.5076,0.0000,0.0000,2.5076,0.0000,0.0000,2.5076,0.0000,0.0000,2.5273,0.0016,0.0000
46.6031,2.5076,0.0000,0.0000,2.5076,0.0000,0.0000,2.5076,0.0000,0.0000,2.5257,0.0021,0.0000
46.7001,2.5076,0.0000,0.0000,2.5076,0.0000,0.0000,2.5076,0.0000,0.0000,2.5253,0.0023,0.0000
46.8001,2.5076,0.0000,0.0000,2.5076,0.0000,0.0000,2.5076,0.0000,0.0000,2.5243,0.0028,0.0000
46.9001,2.5076,0.0000,0.0000,2.5076,0.0000,0.0000,2.5076,0.0000,0.0000,2.5236,0.0031,0.0000
47.0002,2.5076,0.0000,0.0000,2.5076,0.0000,0.0000,2.5076,0.0000,0.0000,2.5238,0.0028,0.0000
47.1032,2.5076,0.0000,0.0000,2.5076,0.0000,0.0000,2.5076,0.0000,0.0000,2.5231,0.0030,0.0000
47.2001,2.5076,0.0000,0.0000,2.5076,0.0000,0.0000,2.5076,0.0000,0.0000,2.5223,0.0032,0.0000
47.3001,2.5076,0.0000,0.0000,2.5076,0.0000,0.0000,2.5076,0.0000,0.0000,2.5212,0.0041,0.0000
47.4001,2.5076,0.0000,0.0000,2.5076,0.0000,0.0000,2.5076,0.0000,0.0000,2.5205,0.0049,0.0000
47.5002,2.5076,0.0000,0.0000,2.5076,0.0000,0.0000,2.5076,0.0000,0.0000,2.5203,0.0060,0.0000
47.6001,2.5076,0.0000,0.0000,2.5076,0.0000,0.0000,2.5076,0.0000,0.0000,2.5203,0.0071,0.0000
47.7001,2.5076,0.0000,0.0000,2.5076,0.0000,0.0000,2.5076,0.0000,0.0000,2.5214,0.0081,0.0000
47.8001,2.5076,0.0000,0.0000,2.5076,0.0000,0.0000,2.5076,0.0000,0.0000,2.5227,0.0105,0.0000
47.9001,2.5076,0.0000,0.0000,2.5076,0.0000,0.0000,2.5076,0.0000,0.0000,2.5246,0.0131,0.0000
48.0001,2.5076,0.0000,0.0000,2.5076,0.0000,0.0000,2.5076,0.0000,0.0000,2.5275,0.0154,0.0000
48.1002,2.5076,0.0000,0.0000,2.5076,0.0000,0.0000,2.5076,0.0000,0.0000,2.5307,0.0174,0.0000
48.2003,2.5076,0.0000,0.0000,2.5076,0.0000,0.0000,2.5076,0.0000,0.0000,2.5336,0.0180,0.0000
48.3001,2.5076,0.0000,0.0000,2.5076,0.0000,0.0000,2.5076,0.0000,0.0000,2.5368,0.0194,0.0000
48.4001,2.5076,0.0000,0.0000,2.5076,0.0000,0.0000,2.5076,0.0000,0.0000,2.5399,0.0200,0.0000
48.5002,2.5076,0.0000,0.0000,2.5076,0.0000,0.0000,2.5076,0.0000,0.0000,2.5418,0.0213,0.0000
48.6001,2.5076,0.0000,0.0000,2.5076,0.0000,0.0000,2.5076,0.0000,0.0000,2.5443,0.0214,0.0000
48.7001,2.5076,0.0000,0.0000,2.5076,0.0000,0.0000,2.5076,0.0000,0.0000,2.5462,0.0211,0.0000
48.8001,2.5076,0.0000,0.0000,2.5076,0.0000,0.0000,2.5076,0.0000,0.0000,2.5467,0.0215,0.0000
48.9003,2.5076,0.0000,0.0000,2.5076,0.0000,0.0000,2.5076,0.0000,0.0000,2.5474,0.0212,0.0000
49.0001,2.5076,0.0000,0.0000,2.5076,0.0000,0.0000,2.5076,0.0000,0.0000,2.5470,0.0219,0.0000
49.1002,2.5076,0.0000,0.0000,2.5076,0.0000,0.0000,2.5076,0.0000,0.0000,2.5473,0.0213,0.0000
49.2001,2.5076,0.0000,0.0000,2.5076,0.0000,0.0000,2.5076,0.0000,0.0000,2.5474,0.0210,0.0000
49.3001,2.5076,0.0000,0.0000,2.5076,0.0000,0.0000,2.5076,0.0000,0.0000,2.5484,0.0189,0.0000
49.4020,2.5076,0.0000,0.0000,2.5076,0.0000,0.0000,2.5076,0.0000,0.0000,2.5477,0.0207,0.0000
49.5001,2.5076,0.0000,0.0000,2.5076,0.0000,0.0000,2.5076,0.0000,0.0000,2.5472,0.0226,0.0000
49.6001,2.5076,0.0000,0.0000,2.5076,0.0000,0.0000,2.5076,0.0000,0.0000,2.5468,0.0242,0.0000
49.7002,2.5076,0.0000,0.0000,2.5076,0.0000,0.0000,2.5076,0.0000,0.0000,2.5473,0.0250,0.0000
49.8001,2.5076,0.0000,0.0000,2.5076,0.0000,0.0000,2.5076,0.0000,0.0000,2.5492,0.0236,0.0000
49.9001,2.5076,0.0000,0.0000,2.5076,0.0000,0.0000,2.5076,0.0000,0.0000,2.5522,0.0218,0.0000
50.0001,2.5076,0.0000,0.0000,2.5076,0.0000,0.0000,2.5076,0.0000,0.0000,2.5553,0.0191,0.0000
50.1001,2.5076,0.0000,0.0000,2.5076,0.0000,0.0000,2.5076,0.0000,0.0000,2.5637,0.0110,0.0000
50.2001,2.5076,0.0000,0.0000,2.5076,0.0000,0.0000,2.5076,0.0000,0.0000,2.5702,0.0043,0.0000
50.3002,2.5076,0.0000,0.0000,2.5076,0.0000,0.0000,2.5076,0.0000,0.0000,2.5740,0.0001,0.0000
50.4001,2.5076,0.0000,0.0000,2.5076,0.0000,0.0000,2.5076,0.0000,0.0000,2.5789,-0.0054,0.0000
50.5037,2.5076,0.0000,0.0000,2.5076,0.0000,0.0000,2.5076,0.0000,0.0000,2.5825,-0.0089,0.0000
50.6001,2.5076,0.0000,0.0000,2.5076,0.0000,0.0000,2.5076,0.0000,0.0000,2.5848,-0.0111,0.0000
50.7001,2.5076,0.0000,0.0000,2.5076,0.0000,0.0000,2.5076,0.0000,0.0000,2.5859,-0.0124,0.0000
50.8002,2.5076,0.0000,0.0000,2.5076,0.0000,0.0000,2.5076,0.0000,0.0000,2.5870,-0.0127,0.0000
50.9003,2.5076,0.0000,0.0000,2.5076,0.0000,0.0000,2.5076,0.0000,0.0000,2.5876,-0.0138,0.0000
51.0045,2.5076,0.0000,0.0000,2.5076,0.0000,0.0000,2.5076,0.0000,0.0000,2.5879,-0.0121,0.0000
51.1022,2.5076,0.0000,0.0000,2.5076,0.0000,0.0000,2.5076,0.0000,0.0000,2.5883,-0.0121,0.0000
51.2001,2.5076,0.0000,0.0000,2.5076,0.0000,0.0000,2.5076,0.0000,0.0000,2.5885,-0.0094,0.0000
51.3001,2.5076,0.0000,0.0000,2.5076,0.0000,0.0000,2.5076,0.0000,0.0000,2.5893,-0.0087,0.0000
51.4001,2.5076,0.0000,0.0000,2.5076,0.0000,0.0000,2.5076,0.0000,0.0000,2.5900,-0.0097,0.0000
51.5031,2.5076,0.0000,0.0000,2.5076,0.0000,0.0000,2.5076,0.0000,0.0000,2.5909,-0.0097,0.0000
51.6001,2.5076,0.0000,0.0000,2.5076,0.0000,0.0000,2.5076,0.0000,0.0000,2.5916,-0.0118,0.0000
51.7001,2.5076,0.0000,0.0000,2.5076,0.0000,0.0000,2.5076,0.0000,0.0000,2.5922,-0.0156,0.0000
51.8001,2.5076,0.0000,0.0000,2.5076,0.0000,0.0000,2.5076,0.0000,0.0000,2.5927,-0.0163,0.0000
51.9002,2.5076,0.0000,0.0000,2.5076,0.0000,0.0000,2.5076,0.0000,0.0000,2.5933,-0.0162,0.0000
52.0002,2.5076,0.0000,0.0000,2.5076,0.0000,0.0000,2.5076,0.0000,0.0000,2.5937,-0.0148,0.0000
52.1001,2.5076,0.0000,0.0000,2.5076,0.0000,0.0000,2.5076,0.0000,0.0000,2.5937,-0.0136,0.0000
52.2001,2.5076,0.0000,0.0000,2.5076,0.0000,0.0000,2.5076,0.0000,0.0000,2.5933,-0.0135,0.0000
52.3008,2.5076,0.0000,0.0000,2.5076,0.0000,0.0000,2.5076,0.0000,0.0000,2.5935,-0.0115,0.0000
52.4000,2.5076,-0.0000,0.0000,2.5076,-0.0000,0.0000,2.5076,-0.0000,0.0000,2.5937,-0.0107,0.0000
52.5001,2.5076,-0.0006,0.0000,2.5077,-0.0060,0.0000,2.5077,-0.0059,0.0000,2.5910,-0.0197,0.0000
52.6002,2.5077,-0.0046,0.0000,2.5077,-0.0104,0.0000,2.5077,-0.0102,0.0000,2.5877,-0.0318,0.0000
52.7002,2.5077,-0.0121,0.0000,2.5078,-0.0158,0.0000,2.5078,-0.0158,0.0000,2.5855,-0.0407,0.0000
52.8001,2.5078,-0.0211,0.0000,2.5078,-0.0227,0.0000,2.5078,-0.0226,0.0000,2.5831,-0.0504,0.0000
52.9001,2.5079,-0.0271,0.0000,2.5079,-0.0329,0.0000,2.5079,-0.0328,0.0000,2.5800,-0.0643,0.0000
53.0001,2.5079,-0.0361,0.0000,2.5080,-0.0396,0.0000,2.5080,-0.0395,0.0000,2.5782,-0.0739,0.0000
53.1002,2.5080,-0.0451,0.0000,2.5081,-0.0492,0.0000,2.5081,-0.0491,0.0000,2.5764,-0.0846,0.0000
53.2002,2.5081,-0.0511,0.0000,2.5081,-0.0558,0.0000,2.5081,-0.0557,0.0000,2.5749,-0.0931,0.0000
53.3001,2.5082,-0.0601,0.0000,2.5082,-0.0646,0.0000,2.5082,-0.0647,0.0000,2.5731,-0.1047,0.0000
53.4001,2.5082,-0.0691,0.0000,2.5083,-0.0732,0.0000,2.5083,-0.0733,0.0000,2.5710,-0.1180,0.0000
53.5001,2.5083,-0.0781,0.0000,2.5084,-0.0824,0.0000,2.5084,-0.0822,0.0000,2.5693,-0.1307,0.0000
53.6072,2.5084,-0.0841,0.0000,2.5084,-0.0884,0.0000,2.5084,-0.0882,0.0000,2.5682,-0.1390,0.0000
53.7001,2.5085,-0.0961,0.0000,2.5085,-0.0995,0.0000,2.5085,-0.0993,0.0000,2.5664,-0.1536,0.0000
53.8001,2.5086,-0.1021,0.0000,2.5086,-0.1055,0.0000,2.5086,-0.1057,0.0000,2.5653,-0.1624,0.0000
53.9001,2.5086,-0.1111,0.0000,2.5087,-0.1151,0.0000,2.5087,-0.1151,0.0000,2.5635,-0.1767,0.0000
54.0001,2.5087,-0.1201,0.0000,2.5088,-0.1245,0.0000,2.5088,-0.1246,0.0000,2.5618,-0.1918,0.0000
54.1002,2.5088,-0.1291,0.0000,2.5088,-0.1331,0.0000,2.5088,-0.1330,0.0000,2.5607,-0.2034,0.0000
54.2002,2.5089,-0.1381,0.0000,2.5089,-0.1422,0.0000,2.5089,-0.1421,0.0000,2.5595,-0.2164,0.0000
54.3001,2.5090,-0.1471,0.0000,2.5090,-0.1512,0.0000,2.5090,-0.1512,0.0000,2.5587,-0.2268,0.0000
54.4001,2.5090,-0.1531,0.0000,2.5091,-0.1579,0.0000,2.5091,-0.1576,0.0000,2.5578,-0.2371,0.0000
54.5036,2.5091,-0.1621,0.0000,2.5091,-0.1665,0.0000,2.5091,-0.1662,0.0000,2.5571,-0.2480,0.0000
54.6001,2.5092,-0.1711,0.0000,2.5092,-0.1765,0.0000,2.5092,-0.1764,0.0000,2.5564,-0.2593,0.0000
54.7002,2.5092,-0.1771,0.0000,2.5093,-0.1828,0.0000,2.5093,-0.1828,0.0000,2.5561,-0.2661,0.0000
54.8030,2.5093,-0.1831,0.0000,2.5094,-0.1906,0.0000,2.5094,-0.1905,0.0000,2.5556,-0.2743,0.0000
54.9037,2.5094,-0.1891,0.0000,2.5094,-0.1961,0.0000,2.5094,-0.1960,0.0000,2.5557,-0.2782,0.0000
55.0002,2.5094,-0.1981,0.0000,2.5095,-0.2037,0.0000,2.5095,-0.2038,0.0000,2.5555,-0.2880,0.0000
55.1001,2.5095,-0.2071,0.0000,2.5096,-0.2119,0.0000,2.5096,-0.2119,0.0000,2.5557,-0.2933,0.0000
55.2117,2.5096,-0.2161,0.0000,2.5096,-0.2196,0.0000,2.5096,-0.2196,0.0000,2.5561,-0.2976,0.0000
55.3001,2.5097,-0.2221,0.0000,2.5097,-0.2270,0.0000,2.5097,-0.2272,0.0000,2.5559,-0.3051,0.0000
55.4002,2.5097,-0.2311,0.0000,2.5098,-0.2369,0.0000,2.5098,-0.2366,0.0000,2.5562,-0.3122,0.0000
55.5002,2.5098,-0.2371,0.0000,2.5098,-0.2428,0.0000,2.5098,-0.2427,0.0000,2.5563,-0.3182,0.0000
55.6002,2.5099,-0.2461,0.0000,2.5099,-0.2512,0.0000,2.5099,-0.2510,0.0000,2.5565,-0.3227,0.0000
55.7004,2.5099,-0.2521,0.0000,2.5100,-0.2569,0.0000,2.5100,-0.2565,0.0000,2.5567,-0.3312,0.0000
55.8001,2.5100,-0.2611,0.0000,2.5101,-0.2656,0.0000,2.5101,-0.2657,0.0000,2.5569,-0.3390,0.0000
55.9001,2.5101,-0.2671,0.0000,2.5101,-0.2735,0.0000,2.5101,-0.2731,0.0000,2.5568,-0.3472,0.0000
56.0037,2.5102,-0.2761,0.0000,2.5102,-0.2803,0.0000,2.5102,-0.2809,0.0000,2.5570,-0.3545,0.0000
56.1001,2.5102,-0.2851,0.0000,2.5103,-0.2894,0.0000,2.5103,-0.2890,0.0000,2.5571,-0.3635,0.0000
56.2001,2.5103,-0.2941,0.0000,2.5103,-0.2954,0.0000,2.5104,-0.2989,0.0000,2.5572,-0.3716,0.0000
56.3037,2.5104,-0.3001,0.0000,2.5104,-0.3045,0.0000,2.5104,-0.3048,0.0000,2.5573,-0.3778,0.0000
56.4001,2.5105,-0.3091,0.0000,2.5105,-0.3138,0.0000,2.5105,-0.3140,0.0000,2.5572,-0.3891,0.0000
56.5006,2.5105,-0.3151,0.0000,2.5106,-0.3195,0.0000,2.5105,-0.3194,0.0000,2.5572,-0.3938,0.0000
56.6005,2.5106,-0.3241,0.0000,2.5106,-0.3288,0.0000,2.5106,-0.3288,0.0000,2.5570,-0.4039,0.0000
56.7008,2.5106,-0.3301,0.0000,2.5107,-0.3356,0.0000,2.5107,-0.3356,0.0000,2.5570,-0.4106,0.0000
56.8002,2.5107,-0.3391,0.0000,2.5108,-0.3445,0.0000,2.5108,-0.3443,0.0000,2.5569,-0.4207,0.0000
56.9002,2.5108,-0.3481,0.0000,2.5109,-0.3532,0.0000,2.5109,-0.3527,0.0000,2.5568,-0.4288,0.0000
57.0002,2.5109,-0.3541,0.0000,2.5109,-0.3591,0.0000,2.5109,-0.3591,0.0000,2.5566,-0.4342,0.0000
57.1037,2.5110,-0.3631,0.0000,2.5110,-0.3681,0.0000,2.5110,-0.3678,0.0000,2.5566,-0.4438,0.0000
57.2013,2.5110,-0.3691,0.0000,2.5110,-0.3733,0.0000,2.5110,-0.3735,0.0000,2.5566,-0.4490,0.0000
57.3001,2.5111,-0.3781,0.0000,2.5111,-0.3829,0.0000,2.5111,-0.3829,0.0000,2.5564,-0.4593,0.0000
57.4002,2.5112,-0.3871,0.0000,2.5112,-0.3920,0.0000,2.5112,-0.3921,0.0000,2.5563,-0.4666,0.0000
57.5002,2.5113,-0.3961,0.0000,2.5113,-0.4007,0.0000,2.5113,-0.4007,0.0000,2.5563,-0.4743,0.0000
57.6003,2.5113,-0.4021,0.0000,2.5114,-0.4064,0.0000,2.5114,-0.4065,0.0000,2.5563,-0.4802,0.0000
57.7001,2.5114,-0.4081,0.0000,2.5114,-0.4137,0.0000,2.5114,-0.4138,0.0000,2.5563,-0.4884,0.0000
57.8002,2.5114,-0.4171,0.0000,2.5115,-0.4230,0.0000,2.5115,-0.4229,0.0000,2.5564,-0.4983,0.0000
57.9014,2.5115,-0.4231,0.0000,2.5116,-0.4294,0.0000,2.5116,-0.4294,0.0000,2.5565,-0.5023,0.0000
58.0001,2.5116,-0.4321,0.0000,2.5116,-0.4368,0.0000,2.5116,-0.4370,0.0000,2.5567,-0.5080,0.0000
58.1001,2.5117,-0.4411,0.0000,2.5117,-0.4446,0.0000,2.5117,-0.4445,0.0000,2.5568,-0.5140,0.0000
58.2002,2.5117,-0.4471,0.0000,2.5118,-0.4519,0.0000,2.5118,-0.4519,0.0000,2.5568,-0.5198,0.0000
58.3002,2.5118,-0.4561,0.0000,2.5118,-0.4607,0.0000,2.5118,-0.4607,0.0000,2.5569,-0.5308,0.0000
58.4002,2.5119,-0.4621,0.0000,2.5119,-0.4685,0.0000,2.5119,-0.4687,0.0000,2.5569,-0.5406,0.0000
58.5003,2.5119,-0.4711,0.0000,2.5120,-0.4749,0.0000,2.5120,-0.4750,0.0000,2.5571,-0.5470,0.0000
58.6002,2.5120,-0.4801,0.0000,2.5121,-0.4844,0.0000,2.5121,-0.4845,0.0000,2.5576,-0.5559,0.0000
58.7002,2.5121,-0.4861,0.0000,2.5121,-0.4919,0.0000,2.5121,-0.4918,0.0000,2.5577,-0.5638,0.0000
58.8002,2.5122,-0.4951,0.0000,2.5122,-0.5000,0.0000,2.5122,-0.4998,0.0000,2.5579,-0.5717,0.0000
58.9001,2.5122,-0.5041,0.0000,2.5123,-0.5088,0.0000,2.5123,-0.5089,0.0000,2.5581,-0.5798,0.0000
59.0010,2.5123,-0.5101,0.0000,2.5124,-0.5152,0.0000,2.5123,-0.5149,0.0000,2.5582,-0.5850,0.0000
59.1002,2.5124,-0.5191,0.0000,2.5124,-0.5246,0.0000,2.5124,-0.5246,0.0000,2.5583,-0.5928,0.0000
59.2001,2.5125,-0.5281,0.0000,2.5125,-0.5329,0.0000,2.5125,-0.5329,0.0000,2.5583,-0.5969,0.0000
59.3002,2.5125,-0.5341,0.0000,2.5126,-0.5398,0.0000,2.5126,-0.5398,0.0000,2.5583,-0.6041,0.0000
59.4002,2.5126,-0.5431,0.0000,2.5127,-0.5488,0.0000,2.5127,-0.5488,0.0000,2.5583,-0.6112,0.0000
59.5001,2.5127,-0.5521,0.0000,2.5127,-0.5554,0.0000,2.5127,-0.5555,0.0000,2.5582,-0.6166,0.0000
59.6001,2.5127,-0.5581,0.0000,2.5128,-0.5624,0.0000,2.5128,-0.5626,0.0000,2.5582,-0.6225,0.0000
59.7002,2.5128,-0.5671,0.0000,2.5129,-0.5713,0.0000,2.5129,-0.5719,0.0000,2.5581,-0.6312,0.0000
59.8001,2.5129,-0.5761,0.0000,2.5129,-0.5801,0.0000,2.5129,-0.5798,0.0000,2.5580,-0.6410,0.0000
59.9001,2.5130,-0.5851,0.0000,2.5130,-0.5886,0.0000,2.5130,-0.5894,0.0000,2.5579,-0.6483,0.0000
60.0004,2.5131,-0.5941,0.0000,2.5131,-0.5982,0.0000,2.5131,-0.5982,0.0000,2.5579,-0.6543,0.0000
60.1033,2.5132,-0.6031,0.0000,2.5132,-0.6059,0.0000,2.5132,-0.6060,0.0000,2.5578,-0.6633,0.0000
60.2003,2.5132,-0.6091,0.0000,2.5133,-0.6131,0.0000,2.5132,-0.6129,0.0000,2.5578,-0.6710,0.0000
60.3001,2.5133,-0.6181,0.0000,2.5133,-0.6234,0.0000,2.5133,-0.6233,0.0000,2.5575,-0.6831,0.0000
60.4001,2.5134,-0.6271,0.0000,2.5134,-0.6311,0.0000,2.5134,-0.6306,0.0000,2.5573,-0.6915,0.0000
60.5001,2.5135,-0.6361,0.0000,2.5135,-0.6395,0.0000,2.5135,-0.6396,0.0000,2.5572,-0.7007,0.0000
60.6003,2.5135,-0.6451,0.0000,2.5136,-0.6484,0.0000,2.5136,-0.6485,0.0000,2.5570,-0.7090,0.0000
60.7006,2.5136,-0.6511,0.0000,2.5136,-0.6542,0.0000,2.5136,-0.6541,0.0000,2.5569,-0.7137,0.0000
60.8002,2.5137,-0.6601,0.0000,2.5137,-0.6638,0.0000,2.5137,-0.6641,0.0000,2.5567,-0.7249,0.0000
60.9001,2.5138,-0.6691,0.0000,2.5138,-0.6730,0.0000,2.5138,-0.6734,0.0000,2.5565,-0.7360,0.0000
61.0002,2.5138,-0.6751,0.0000,2.5139,-0.6785,0.0000,2.5139,-0.6784,0.0000,2.5563,-0.7417,0.0000
61.1001,2.5139,-0.6841,0.0000,2.5139,-0.6885,0.0000,2.5139,-0.6885,0.0000,2.5561,-0.7511,0.0000
61.2005,2.5140,-0.6931,0.0000,2.5140,-0.6985,0.0000,2.5140,-0.6982,0.0000,2.5559,-0.7640,0.0000
61.3001,2.5140,-0.6991,0.0000,2.5141,-0.7043,0.0000,2.5141,-0.7044,0.0000,2.5558,-0.7682,0.0000
61.4001,2.5141,-0.7081,0.0000,2.5142,-0.7128,0.0000,2.5142,-0.7128,0.0000,2.5556,-0.7743,0.0000
61.5001,2.5142,-0.7171,0.0000,2.5142,-0.7212,0.0000,2.5142,-0.7212,0.0000,2.5555,-0.7808,0.0000
61.6001,2.5143,-0.7231,0.0000,2.5143,-0.7276,0.0000,2.5143,-0.7278,0.0000,2.5554,-0.7864,0.0000
61.7002,2.5143,-0.7321,0.0000,2.5144,-0.7367,0.0000,2.5144,-0.7368,0.0000,2.5554,-0.7967,0.0000
61.8001,2.5144,-0.7411,0.0000,2.5145,-0.7447,0.0000,2.5145,-0.7446,0.0000,2.5554,-0.8059,0.0000
61.9036,2.5145,-0.7501,0.0000,2.5145,-0.7535,0.0000,2.5145,-0.7535,0.0000,2.5553,-0.8149,0.0000
62.0001,2.5146,-0.7591,0.0000,2.5146,-0.7638,0.0000,2.5146,-0.7639,0.0000,2.5554,-0.8257,0.0000
62.1002,2.5147,-0.7681,0.0000,2.5147,-0.7690,0.0000,2.5147,-0.7724,0.0000,2.5552,-0.8336,0.0000
62.2037,2.5147,-0.7741,0.0000,2.5148,-0.7779,0.0000,2.5148,-0.7775,0.0000,2.5552,-0.8402,0.0000
62.3003,2.5148,-0.7831,0.0000,2.5148,-0.7867,0.0000,2.5148,-0.7866,0.0000,2.5552,-0.8503,0.0000
62.4002,2.5149,-0.7921,0.0000,2.5149,-0.7974,0.0000,2.5149,-0.7968,0.0000,2.5552,-0.8599,0.0000
62.5001,2.5150,-0.8011,0.0000,2.5150,-0.8042,0.0000,2.5150,-0.8043,0.0000,2.5552,-0.8671,0.0000
62.6023,2.5151,-0.8101,0.0000,2.5151,-0.8142,0.0000,2.5151,-0.8142,0.0000,2.5553,-0.8783,0.0000
62.7002,2.5151,-0.8161,0.0000,2.5152,-0.8213,0.0000,2.5152,-0.8211,0.0000,2.5554,-0.8886,0.0000
62.8001,2.5152,-0.8281,0.0000,2.5153,-0.8309,0.0000,2.5153,-0.8309,0.0000,2.5556,-0.8973,0.0000
62.9001,2.5153,-0.8341,0.0000,2.5153,-0.8390,0.0000,2.5153,-0.8387,0.0000,2.5557,-0.9043,0.0000
63.0002,2.5154,-0.8431,0.0000,2.5154,-0.8470,0.0000,2.5154,-0.8469,0.0000,2.5558,-0.9104,0.0000
63.1001,2.5154,-0.8521,0.0000,2.5155,-0.8562,0.0000,2.5155,-0.8563,0.0000,2.5559,-0.9196,0.0000
63.2036,2.5155,-0.8581,0.0000,2.5155,-0.8628,0.0000,2.5155,-0.8628,0.0000,2.5559,-0.9250,0.0000
63.3001,2.5156,-0.8641,0.0000,2.5156,-0.8681,0.0000,2.5156,-0.8681,0.0000,2.5558,-0.9293,0.0000
63.4002,2.5157,-0.8761,0.0000,2.5157,-0.8788,0.0000,2.5157,-0.8788,0.0000,2.5558,-0.9439,0.0000
63.5001,2.5158,-0.8851,0.0000,2.5158,-0.8886,0.0000,2.5158,-0.8885,0.0000,2.5556,-0.9525,0.0000
63.6002,2.5158,-0.8911,0.0000,2.5158,-0.8949,0.0000,2.5158,-0.8950,0.0000,2.5556,-0.9589,0.0000
63.7002,2.5159,-0.9000,0.0000,2.5159,-0.9041,0.0000,2.5159,-0.9041,0.0000,2.5555,-0.9687,0.0000
63.8002,2.5160,-0.9090,0.0000,2.5160,-0.9136,0.0000,2.5160,-0.9136,0.0000,2.5553,-0.9777,0.0000
63.9001,2.5161,-0.9180,0.0000,2.5161,-0.9219,0.0000,2.5161,-0.9222,0.0000,2.5554,-0.9852,0.0000
64.0036,2.5161,-0.9240,0.0000,2.5162,-0.9298,0.0000,2.5162,-0.9292,0.0000,2.5554,-0.9926,0.0000
64.1001,2.5162,-0.9330,0.0000,2.5162,-0.9373,0.0000,2.5162,-0.9374,0.0000,2.5552,-0.9997,0.0000
64.2040,2.5163,-0.9420,0.0000,2.5163,-0.9465,0.0000,2.5163,-0.9468,0.0000,2.5550,-1.0069,0.0000
64.3002,2.5163,-0.9480,0.0000,2.5164,-0.9526,0.0000,2.5164,-0.9525,0.0000,2.5549,-1.0122,0.0000
64.4001,2.5164,-0.9540,0.0000,2.5164,-0.9606,0.0000,2.5164,-0.9605,0.0000,2.5547,-1.0202,0.0000
64.5002,2.5165,-0.9630,0.0000,2.5165,-0.9694,0.0000,2.5165,-0.9660,0.0000,2.5547,-1.0264,0.0000
64.6002,2.5165,-0.9690,0.0000,2.5166,-0.9749,0.0000,2.5166,-0.9749,0.0000,2.5546,-1.0351,0.0000
64.7010,2.5166,-0.9780,0.0000,2.5166,-0.9825,0.0000,2.5166,-0.9825,0.0000,2.5543,-1.0401,0.0000
64.8001,2.5167,-0.9870,0.0000,2.5167,-0.9910,0.0000,2.5167,-0.9910,0.0000,2.5542,-1.0478,0.0000
64.9001,2.5167,-0.9930,0.0000,2.5168,-0.9979,0.0000,2.5168,-0.9984,0.0000,2.5542,-1.0546,0.0000
65.0001,2.5168,-1.0020,0.0000,2.5169,-1.0068,0.0000,2.5169,-1.0067,0.0000,2.5540,-1.0621,0.0000
65.1012,2.5169,-1.0064,0.0000,2.5169,-1.0079,0.0000,2.5169,-1.0078,0.0000,2.5538,-1.0600,0.0000
65.2002,2.5169,-1.0064,0.0000,2.5169,-1.0070,0.0000,2.5169,-1.0070,0.0000,2.5537,-1.0538,0.0000
65.3001,2.5169,-1.0064,0.0000,2.5169,-1.0065,0.0000,2.5169,-1.0065,0.0000,2.5538,-1.0473,0.0000
65.4001,2.5169,-1.0064,0.0000,2.5169,-1.0064,0.0000,2.5169,-1.0064,0.0000,2.5539,-1.0454,0.0000
65.5002,2.5169,-1.0064,0.0000,2.5169,-1.0064,0.0000,2.5169,-1.0064,0.0000,2.5543,-1.0432,0.0000
65.6019,2.5169,-1.0064,0.0000,2.5169,-1.0064,0.0000,2.5169,-1.0064,0.0000,2.5550,-1.0393,0.0000
65.7002,2.5169,-1.0064,0.0000,2.5169,-1.0064,0.0000,2.5169,-1.0064,0.0000,2.5553,-1.0372,0.0000
65.8019,2.5169,-1.0064,0.0000,2.5169,-1.0064,0.0000,2.5169,-1.0064,0.0000,2.5557,-1.0358,0.0000
65.9001,2.5169,-1.0064,0.0000,2.5169,-1.0064,0.0000,2.5169,-1.0064,0.0000,2.5563,-1.0339,0.0000
66.0039,2.5169,-1.0064,0.0000,2.5169,-1.0064,0.0000,2.5169,-1.0064,0.0000,2.5570,-1.0305,0.0000
66.1001,2.5169,-1.0064,0.0000,2.5169,-1.0064,0.0000,2.5169,-1.0064,0.0000,2.5577,-1.0276,0.0000
66.2002,2.5169,-1.0064,0.0000,2.5169,-1.0064,0.0000,2.5169,-1.0064,0.0000,2.5581,-1.0256,0.0000
66.3001,2.5169,-1.0064,0.0000,2.5169,-1.0064,0.0000,2.5169,-1.0064,0.0000,2.5586,-1.0231,0.0000
66.4001,2.5169,-1.0064,0.0000,2.5169,-1.0064,0.0000,2.5169,-1.0064,0.0000,2.5585,-1.0218,0.0000
66.5003,2.5169,-1.0064,0.0000,2.5169,-1.0064,0.0000,2.5169,-1.0064,0.0000,2.5582,-1.0214,0.0000
66.6001,2.5169,-1.0064,0.0000,2.5169,-1.0064,0.0000,2.5169,-1.0064,0.0000,2.5583,-1.0200,0.0000
66.7008,2.5169,-1.0064,0.0000,2.5169,-1.0064,0.0000,2.5169,-1.0064,0.0000,2.5583,-1.0179,0.0000
66.8001,2.5169,-1.0064,0.0000,2.5169,-1.0064,0.0000,2.5169,-1.0064,0.0000,2.5580,-1.0172,0.0000
66.9001,2.5169,-1.0064,0.0000,2.5169,-1.0064,0.0000,2.5169,-1.0064,0.0000,2.5578,-1.0153,0.0000
67.0005,2.5169,-1.0064,0.0000,2.5169,-1.0064,0.0000,2.5169,-1.0064,0.0000,2.5570,-1.0150,0.0000
67.1085,2.5169,-1.0064,0.0000,2.5169,-1.0064,0.0000,2.5169,-1.0064,0.0000,2.5552,-1.0159,0.0000
67.2001,2.5169,-1.0064,0.0000,2.5169,-1.0064,0.0000,2.5169,-1.0064,0.0000,2.5538,-1.0174,0.0000
67.3002,2.5169,-1.0064,0.0000,2.5169,-1.0064,0.0000,2.5169,-1.0064,0.0000,2.5542,-1.0167,0.0000
67.4001,2.5169,-1.0064,0.0000,2.5169,-1.0064,0.0000,2.5169,-1.0064,0.0000,2.5546,-1.0165,0.0000
67.5002,2.5169,-1.0064,0.0000,2.5169,-1.0064,0.0000,2.5169,-1.0064,0.0000,2.5556,-1.0158,0.0000
67.6001,2.5169,-1.0064,0.0000,2.5169,-1.0064,0.0000,2.5169,-1.0064,0.0000,2.5561,-1.0158,0.0000
67.7001,2.5169,-1.0064,0.0000,2.5169,-1.0064,0.0000,2.5169,-1.0064,0.0000,2.5557,-1.0172,0.0000
67.8002,2.5169,-1.0064,0.0000,2.5169,-1.0064,0.0000,2.5169,-1.0064,0.0000,2.5569,-1.0171,0.0000
67.9008,2.5169,-1.0064,0.0000,2.5169,-1.0064,0.0000,2.5169,-1.0064,0.0000,2.5578,-1.0165,0.0000
68.0036,2.5169,-1.0064,0.0000,2.5169,-1.0064,0.0000,2.5169,-1.0064,0.0000,2.5580,-1.0165,0.0000
68.1001,2.5169,-1.0064,0.0000,2.5169,-1.0064,0.0000,2.5169,-1.0064,0.0000,2.5579,-1.0166,0.0000
68.2001,2.5169,-1.0064,0.0000,2.5169,-1.0064,0.0000,2.5169,-1.0064,0.0000,2.5571,-1.0173,0.0000
68.3001,2.5169,-1.0064,0.0000,2.5169,-1.0064,0.0000,2.5169,-1.0064,0.0000,2.5561,-1.0178,0.0000
68.4036,2.5169,-1.0064,0.0000,2.5169,-1.0064,0.0000,2.5169,-1.0064,0.0000,2.5560,-1.0178,0.0000
68.5001,2.5169,-1.0064,0.0000,2.5169,-1.0064,0.0000,2.5169,-1.0064,0.0000,2.5555,-1.0182,0.0000
68.6001,2.5169,-1.0064,0.0000,2.5169,-1.0064,0.0000,2.5169,-1.0064,0.0000,2.5546,-1.0190,0.0000
68.7003,2.5169,-1.0064,0.0000,2.5169,-1.0064,0.0000,2.5169,-1.0064,0.0000,2.5538,-1.0197,0.0000
68.8001,2.5169,-1.0064,0.0000,2.5169,-1.0064,0.0000,2.5169,-1.0064,0.0000,2.5546,-1.0193,0.0000
68.9002,2.5169,-1.0064,0.0000,2.5169,-1.0064,0.0000,2.5169,-1.0064,0.0000,2.5562,-1.0181,0.0000
69.0001,2.5169,-1.0064,0.0000,2.5169,-1.0064,0.0000,2.5169,-1.0064,0.0000,2.5597,-1.0149,0.0000
69.1001,2.5169,-1.0064,0.0000,2.5169,-1.0064,0.0000,2.5169,-1.0064,0.0000,2.5655,-1.0096,0.0000
69.2002,2.5169,-1.0064,0.0000,2.5169,-1.0064,0.0000,2.5169,-1.0064,0.0000,2.5700,-1.0051,0.0000
69.3002,2.5169,-1.0064,0.0000,2.5169,-1.0064,0.0000,2.5169,-1.0064,0.0000,2.5721,-1.0008,0.0000
69.4001,2.5169,-1.0064,0.0000,2.5169,-1.0064,0.0000,2.5169,-1.0064,0.0000,2.5733,-0.9977,0.0000
69.5005,2.5169,-1.0064,0.0000,2.5169,-1.0064,0.0000,2.5169,-1.0064,0.0000,2.5724,-0.9969,0.0000
69.6002,2.5169,-1.0064,0.0000,2.5169,-1.0064,0.0000,2.5169,-1.0064,0.0000,2.5694,-0.9971,0.0000
69.7024,2.5169,-1.0064,0.0000,2.5169,-1.0064,0.0000,2.5169,-1.0064,0.0000,2.5645,-0.9986,0.0000
69.8001,2.5169,-1.0064,0.0000,2.5169,-1.0064,0.0000,2.5169,-1.0064,0.0000,2.5613,-0.9996,0.0000
69.9001,2.5169,-1.0064,0.0000,2.5169,-1.0064,0.0000,2.5169,-1.0064,0.0000,2.5613,-0.9996,0.0000
70.0001,2.5169,-1.0064,0.0000,2.5169,-1.0064,0.0000,2.5169,-1.0064,0.0000,2.5589,-1.0004,0.0000
70.1001,2.5169,-1.0064,0.0000,2.5169,-1.0064,0.0000,2.5169,-1.0064,0.0000,2.5592,-0.9998,0.0000
70.2001,2.5169,-1.0064,0.0000,2.5169,-1.0064,0.0000,2.5169,-1.0064,0.0000,2.5622,-0.9983,0.0000
70.3001,2.5169,-1.0064,0.0000,2.5169,-1.0064,0.0000,2.5169,-1.0064,0.0000,2.5657,-0.9969,0.0000
70.4002,2.5169,-1.0064,0.0000,2.5169,-1.0064,0.0000,2.5169,-1.0064,0.0000,2.5674,-0.9953,0.0000
70.5076,2.5169,-1.0064,0.0000,2.5169,-1.0064,0.0000,2.5169,-1.0064,0.0000,2.5724,-0.9930,0.0000
70.6001,2.5169,-1.0064,0.0000,2.5169,-1.0064,0.0000,2.5169,-1.0064,0.0000,2.5755,-0.9914,0.0000
70.7002,2.5169,-1.0064,0.0000,2.5169,-1.0064,0.0000,2.5169,-1.0064,0.0000,2.5784,-0.9896,0.0000
70.8005,2.5169,-1.0064,0.0000,2.5169,-1.0064,0.0000,2.5169,-1.0064,0.0000,2.5783,-0.9889,0.0000
70.9001,2.5169,-1.0064,0.0000,2.5169,-1.0064,0.0000,2.5169,-1.0064,0.0000,2.5774,-0.9878,0.0000
71.0002,2.5169,-1.0064,0.0000,2.5169,-1.0064,0.0000,2.5169,-1.0064,0.0000,2.5763,-0.9872,0.0000
71.1001,2.5169,-1.0064,0.0000,2.5169,-1.0064,0.0000,2.5169,-1.0064,0.0000,2.5750,-0.9866,0.0000
71.2001,2.5169,-1.0064,0.0000,2.5169,-1.0064,0.0000,2.5169,-1.0064,0.0000,2.5723,-0.9860,0.0000
71.3022,2.5169,-1.0064,0.0000,2.5169,-1.0064,0.0000,2.5169,-1.0064,0.0000,2.5722,-0.9855,0.0000
71.4002,2.5169,-1.0064,0.0000,2.5169,-1.0064,0.0000,2.5169,-1.0064,0.0000,2.5733,-0.9851,0.0000
71.5001,2.5169,-1.0064,0.0000,2.5169,-1.0064,0.0000,2.5169,-1.0064,0.0000,2.5733,-0.9849,0.0000
71.6002,2.5169,-1.0064,0.0000,2.5169,-1.0064,0.0000,2.5169,-1.0064,0.0000,2.5731,-0.9846,0.0000
71.7003,2.5169,-1.0064,0.0000,2.5169,-1.0064,0.0000,2.5169,-1.0064,0.0000,2.5736,-0.9844,0.0000
71.8001,2.5169,-1.0064,0.0000,2.5169,-1.0064,0.0000,2.5169,-1.0064,0.0000,2.5741,-0.9843,0.0000
71.9001,2.5169,-1.0064,0.0000,2.5169,-1.0064,0.0000,2.5169,-1.0064,0.0000,2.5757,-0.9843,0.0000
72.0002,2.5169,-1.0064,0.0000,2.5169,-1.0064,0.0000,2.5169,-1.0064,0.0000,2.5771,-0.9844,0.0000
72.1001,2.5169,-1.0064,0.0000,2.5169,-1.0064,0.0000,2.5169,-1.0064,0.0000,2.5781,-0.9842,0.0000
72.2036,2.5169,-1.0064,0.0000,2.5169,-1.0064,0.0000,2.5169,-1.0064,0.0000,2.5786,-0.9841,0.0000
72.3002,2.5169,-1.0064,0.0000,2.5169,-1.0064,0.0000,2.5169,-1.0064,0.0000,2.5782,-0.9837,0.0000
72.4002,2.5169,-1.0064,0.0000,2.5169,-1.0064,0.0000,2.5169,-1.0064,0.0000,2.5753,-0.9826,0.0000
72.5001,2.5169,-1.0064,0.0000,2.5169,-1.0064,0.0000,2.5169,-1.0064,0.0000,2.5732,-0.9822,0.0000
72.6001,2.5169,-1.0064,0.0000,2.5169,-1.0064,0.0000,2.5169,-1.0064,0.0000,2.5706,-0.9817,0.0000
72.7001,2.5169,-1.0064,0.0000,2.5169,-1.0064,0.0000,2.5169,-1.0064,0.0000,2.5696,-0.9825,0.0000
72.8001,2.5166,-1.0064,0.0000,2.5113,-1.0064,0.0000,2.5115,-1.0064,0.0000,2.5596,-0.9778,0.0000
72.9001,2.5134,-1.0064,0.0000,2.5073,-1.0065,0.0000,2.5071,-1.0065,0.0000,2.5478,-0.9725,0.0000
73.0020,2.5066,-1.0065,0.0000,2.5006,-1.0065,0.0000,2.5008,-1.0065,0.0000,2.5367,-0.9676,0.0000
73.1002,2.4976,-1.0066,0.0000,2.4931,-1.0066,0.0000,2.4931,-1.0066,0.0000,2.5260,-0.9632,0.0000
73.2002,2.4916,-1.0066,0.0000,2.4860,-1.0067,0.0000,2.4860,-1.0067,0.0000,2.5155,-0.9589,0.0000
73.3001,2.4826,-1.0067,0.0000,2.4774,-1.0068,0.0000,2.4776,-1.0068,0.0000,2.5035,-0.9545,0.0000
73.4001,2.4736,-1.0068,0.0000,2.4703,-1.0069,0.0000,2.4703,-1.0069,0.0000,2.4945,-0.9519,0.0000
73.5002,2.4676,-1.0069,0.0000,2.4629,-1.0069,0.0000,2.4629,-1.0069,0.0000,2.4856,-0.9489,0.0000
73.6027,2.4586,-1.0070,0.0000,2.4556,-1.0070,0.0000,2.4555,-1.0070,0.0000,2.4790,-0.9469,0.0000
73.7001,2.4496,-1.0071,0.0000,2.4439,-1.0071,0.0000,2.4440,-1.0071,0.0000,2.4675,-0.9431,0.0000
73.8002,2.4436,-1.0071,0.0000,2.4373,-1.0072,0.0000,2.4368,-1.0072,0.0000,2.4609,-0.9411,0.0000
73.9076,2.4346,-1.0072,0.0000,2.4291,-1.0073,0.0000,2.4293,-1.0073,0.0000,2.4484,-0.9373,0.0000
74.0001,2.4286,-1.0073,0.0000,2.4232,-1.0074,0.0000,2.4236,-1.0074,0.0000,2.4394,-0.9346,0.0000
74.1001,2.4196,-1.0074,0.0000,2.4139,-1.0075,0.0000,2.4139,-1.0075,0.0000,2.4244,-0.9304,0.0000
74.2001,2.4106,-1.0075,0.0000,2.4048,-1.0075,0.0000,2.4048,-1.0075,0.0000,2.4169,-0.9285,0.0000
74.3001,2.4046,-1.0075,0.0000,2.3989,-1.0076,0.0000,2.3991,-1.0076,0.0000,2.4009,-0.9246,0.0000
74.4001,2.3956,-1.0076,0.0000,2.3907,-1.0077,0.0000,2.3909,-1.0077,0.0000,2.3868,-0.9214,0.0000
74.5001,2.3866,-1.0077,0.0000,2.3821,-1.0078,0.0000,2.3817,-1.0078,0.0000,2.3747,-0.9189,0.0000
74.6004,2.3776,-1.0078,0.0000,2.3734,-1.0079,0.0000,2.3732,-1.0079,0.0000,2.3616,-0.9164,0.0000
74.7001,2.3686,-1.0079,0.0000,2.3639,-1.0080,0.0000,2.3640,-1.0080,0.0000,2.3452,-0.9132,0.0000
74.8001,2.3626,-1.0080,0.0000,2.3577,-1.0080,0.0000,2.3576,-1.0080,0.0000,2.3351,-0.9115,0.0000
74.9001,2.3536,-1.0081,0.0000,2.3491,-1.0081,0.0000,2.3492,-1.0081,0.0000,2.3215,-0.9092,0.0000
75.0001,2.3446,-1.0082,0.0000,2.3400,-1.0082,0.0000,2.3401,-1.0082,0.0000,2.3082,-0.9072,0.0000
75.1001,2.3356,-1.0083,0.0000,2.3320,-1.0083,0.0000,2.3321,-1.0083,0.0000,2.2965,-0.9058,0.0000
75.2001,2.3266,-1.0084,0.0000,2.3220,-1.0084,0.0000,2.3220,-1.0084,0.0000,2.2854,-0.9045,0.0000
75.3002,2.3176,-1.0085,0.0000,2.3132,-1.0085,0.0000,2.3130,-1.0085,0.0000,2.2735,-0.9032,0.0000
75.4001,2.3086,-1.0085,0.0000,2.3044,-1.0086,0.0000,2.3047,-1.0086,0.0000,2.2619,-0.9021,0.0000
75.5001,2.3026,-1.0086,0.0000,2.2981,-1.0087,0.0000,2.2981,-1.0087,0.0000,2.2521,-0.9012,0.0000
75.6001,2.2936,-1.0087,0.0000,2.2891,-1.0087,0.0000,2.2892,-1.0087,0.0000,2.2421,-0.9008,0.0000
75.7001,2.2846,-1.0088,0.0000,2.2804,-1.0088,0.0000,2.2805,-1.0088,0.0000,2.2329,-0.9006,0.0000
75.8001,2.2756,-1.0089,0.0000,2.2720,-1.0089,0.0000,2.2720,-1.0089,0.0000,2.2232,-0.9005,0.0000
75.9001,2.2666,-1.0090,0.0000,2.2626,-1.0090,0.0000,2.2622,-1.0090,0.0000,2.2121,-0.9003,0.0000
76.0001,2.2576,-1.0091,0.0000,2.2534,-1.0091,0.0000,2.2535,-1.0091,0.0000,2.1994,-0.9000,0.0000
76.1036,2.2486,-1.0092,0.0000,2.2444,-1.0092,0.0000,2.2444,-1.0092,0.0000,2.1930,-0.9000,0.0000
76.2001,2.2426,-1.0092,0.0000,2.2393,-1.0093,0.0000,2.2393,-1.0093,0.0000,2.1833,-0.9000,0.0000
76.3001,2.2336,-1.0093,0.0000,2.2296,-1.0094,0.0000,2.2295,-1.0094,0.0000,2.1712,-0.8999,0.0000
76.4002,2.2246,-1.0094,0.0000,2.2190,-1.0095,0.0000,2.2227,-1.0094,0.0000,2.1637,-0.8999,0.0000
76.5001,2.2186,-1.0095,0.0000,2.2139,-1.0095,0.0000,2.2139,-1.0095,0.0000,2.1519,-0.8998,0.0000
76.6036,2.2096,-1.0096,0.0000,2.2045,-1.0096,0.0000,2.2046,-1.0096,0.0000,2.1416,-0.8999,0.0000
76.7001,2.2036,-1.0096,0.0000,2.1976,-1.0097,0.0000,2.1981,-1.0097,0.0000,2.1347,-0.8999,0.0000
76.8001,2.1946,-1.0097,0.0000,2.1891,-1.0098,0.0000,2.1894,-1.0098,0.0000,2.1236,-0.8999,0.0000
76.9002,2.1856,-1.0098,0.0000,2.1807,-1.0099,0.0000,2.1807,-1.0099,0.0000,2.1153,-0.9002,0.0000
77.0002,2.1766,-1.0099,0.0000,2.1761,-1.0099,0.0000,2.1725,-1.0100,0.0000,2.1116,-0.9006,0.0000
77.1002,2.1706,-1.0100,0.0000,2.1656,-1.0100,0.0000,2.1655,-1.0100,0.0000,2.1013,-0.9010,0.0000
77.2002,2.1616,-1.0101,0.0000,2.1572,-1.0101,0.0000,2.1570,-1.0101,0.0000,2.0912,-0.9014,0.0000
77.3030,2.1556,-1.0101,0.0000,2.1504,-1.0102,0.0000,2.1505,-1.0102,0.0000,2.0848,-0.9017,0.0000
77.4009,2.1466,-1.0102,0.0000,2.1421,-1.0103,0.0000,2.1423,-1.0103,0.0000,2.0773,-0.9024,0.0000
77.5001,2.1376,-1.0103,0.0000,2.1365,-1.0103,0.0000,2.1321,-1.0104,0.0000,2.0686,-0.9032,0.0000
77.6078,2.1316,-1.0104,0.0000,2.1270,-1.0104,0.0000,2.1269,-1.0104,0.0000,2.0637,-0.9038,0.0000
77.7008,2.1226,-1.0105,0.0000,2.1180,-1.0105,0.0000,2.1179,-1.0105,0.0000,2.0549,-0.9047,0.0000
77.8002,2.1136,-1.0106,0.0000,2.1088,-1.0106,0.0000,2.1089,-1.0106,0.0000,2.0480,-0.9052,0.0000
77.9001,2.1046,-1.0107,0.0000,2.1036,-1.0107,0.0000,2.1037,-1.0107,0.0000,2.0410,-0.9061,0.0000
78.0001,2.0986,-1.0107,0.0000,2.0954,-1.0108,0.0000,2.0955,-1.0108,0.0000,2.0345,-0.9071,0.0000
78.1001,2.0896,-1.0108,0.0000,2.0847,-1.0109,0.0000,2.0847,-1.0109,0.0000,2.0252,-0.9081,0.0000
78.2001,2.0806,-1.0109,0.0000,2.0763,-1.0110,0.0000,2.0764,-1.0110,0.0000,2.0180,-0.9090,0.0000
78.3001,2.0746,-1.0110,0.0000,2.0698,-1.0110,0.0000,2.0699,-1.0110,0.0000,2.0118,-0.9097,0.0000
78.4001,2.0656,-1.0111,0.0000,2.0614,-1.0111,0.0000,2.0614,-1.0111,0.0000,2.0031,-0.9104,0.0000
78.5001,2.0566,-1.0112,0.0000,2.0522,-1.0112,0.0000,2.0522,-1.0112,0.0000,1.9946,-0.9113,0.0000
78.6002,2.0506,-1.0112,0.0000,2.0455,-1.0113,0.0000,2.0455,-1.0113,0.0000,1.9861,-0.9119,0.0000
78.7036,2.0416,-1.0113,0.0000,2.0353,-1.0114,0.0000,2.0352,-1.0114,0.0000,1.9731,-0.9127,0.0000
78.8001,2.0326,-1.0114,0.0000,2.0290,-1.0115,0.0000,2.0290,-1.0115,0.0000,1.9680,-0.9134,0.0000
78.9006,2.0266,-1.0115,0.0000,2.0219,-1.0115,0.0000,2.0219,-1.0115,0.0000,1.9606,-0.9138,0.0000
79.0001,2.0176,-1.0116,0.0000,2.0130,-1.0116,0.0000,2.0131,-1.0116,0.0000,1.9507,-0.9144,0.0000
79.1001,2.0086,-1.0117,0.0000,2.0046,-1.0117,0.0000,2.0047,-1.0117,0.0000,1.9442,-0.9149,0.0000
79.2044,1.9996,-1.0118,0.0000,1.9953,-1.0118,0.0000,1.9957,-1.0118,0.0000,1.9370,-0.9153,0.0000
79.3002,1.9936,-1.0118,0.0000,1.9905,-1.0119,0.0000,1.9904,-1.0119,0.0000,1.9321,-0.9156,0.0000
79.4001,1.9846,-1.0119,0.0000,1.9799,-1.0120,0.0000,1.9799,-1.0120,0.0000,1.9215,-0.9160,0.0000
79.5001,1.9726,-1.0120,0.0000,1.9692,-1.0121,0.0000,1.9692,-1.0121,0.0000,1.9111,-0.9164,0.0000
79.6002,1.9666,-1.0121,0.0000,1.9615,-1.0122,0.0000,1.9615,-1.0122,0.0000,1.9033,-0.9166,0.0000
79.7001,1.9576,-1.0122,0.0000,1.9538,-1.0122,0.0000,1.9538,-1.0122,0.0000,1.8939,-0.9169,0.0000
79.8002,1.9486,-1.0123,0.0000,1.9469,-1.0123,0.0000,1.9441,-1.0123,0.0000,1.8827,-0.9172,0.0000
79.9078,1.9396,-1.0124,0.0000,1.9360,-1.0124,0.0000,1.9359,-1.0124,0.0000,1.8741,-0.9177,0.0000
80.0001,1.9306,-1.0125,0.0000,1.9267,-1.0125,0.0000,1.9267,-1.0125,0.0000,1.8685,-0.9180,0.0000
80.1001,1.9246,-1.0125,0.0000,1.9205,-1.0126,0.0000,1.9205,-1.0126,0.0000,1.8597,-0.9184,0.0000
80.2004,1.9156,-1.0126,0.0000,1.9112,-1.0127,0.0000,1.9112,-1.0127,0.0000,1.8498,-0.9188,0.0000
80.3003,1.9066,-1.0127,0.0000,1.9036,-1.0128,0.0000,1.9036,-1.0128,0.0000,1.8442,-0.9192,0.0000
80.4001,1.8976,-1.0128,0.0000,1.8929,-1.0129,0.0000,1.8928,-1.0129,0.0000,1.8322,-0.9197,0.0000
80.5001,1.8886,-1.0129,0.0000,1.8842,-1.0130,0.0000,1.8843,-1.0130,0.0000,1.8245,-0.9202,0.0000
80.6004,1.8796,-1.0130,0.0000,1.8757,-1.0130,0.0000,1.8757,-1.0130,0.0000,1.8157,-0.9207,0.0000
80.7001,1.8706,-1.0131,0.0000,1.8670,-1.0131,0.0000,1.8671,-1.0131,0.0000,1.8069,-0.9213,0.0000
80.8002,1.8616,-1.0132,0.0000,1.8577,-1.0132,0.0000,1.8575,-1.0132,0.0000,1.7978,-0.9218,0.0000
80.9036,1.8556,-1.0133,0.0000,1.8505,-1.0133,0.0000,1.8511,-1.0133,0.0000,1.7893,-0.9222,0.0000
81.0001,1.8466,-1.0133,0.0000,1.8429,-1.0134,0.0000,1.8429,-1.0134,0.0000,1.7805,-0.9227,0.0000
81.1003,1.8376,-1.0134,0.0000,1.8333,-1.0135,0.0000,1.8334,-1.0135,0.0000,1.7688,-0.9233,0.0000
81.2001,1.8286,-1.0135,0.0000,1.8260,-1.0136,0.0000,1.8257,-1.0136,0.0000,1.7620,-0.9238,0.0000
81.3003,1.8196,-1.0136,0.0000,1.8161,-1.0137,0.0000,1.8161,-1.0137,0.0000,1.7534,-0.9244,0.0000
81.4002,1.8106,-1.0137,0.0000,1.8068,-1.0138,0.0000,1.8069,-1.0138,0.0000,1.7461,-0.9249,0.0000
81.5002,1.8046,-1.0138,0.0000,1.8018,-1.0138,0.0000,1.8018,-1.0138,0.0000,1.7425,-0.9252,0.0000
81.6027,1.7956,-1.0139,0.0000,1.7901,-1.0139,0.0000,1.7901,-1.0139,0.0000,1.7273,-0.9258,0.0000
81.7001,1.7866,-1.0140,0.0000,1.7825,-1.0140,0.0000,1.7821,-1.0140,0.0000,1.7236,-0.9262,0.0000
81.8001,1.7776,-1.0141,0.0000,1.7729,-1.0141,0.0000,1.7730,-1.0141,0.0000,1.7159,-0.9265,0.0000
81.9001,1.7686,-1.0142,0.0000,1.7643,-1.0142,0.0000,1.7642,-1.0142,0.0000,1.7061,-0.9269,0.0000
82.0001,1.7596,-1.0143,0.0000,1.7559,-1.0143,0.0000,1.7560,-1.0143,0.0000,1.6991,-0.9274,0.0000
82.1002,1.7536,-1.0143,0.0000,1.7483,-1.0144,0.0000,1.7483,-1.0144,0.0000,1.6893,-0.9278,0.0000
82.2003,1.7446,-1.0144,0.0000,1.7403,-1.0145,0.0000,1.7404,-1.0145,0.0000,1.6811,-0.9284,0.0000
82.3001,1.7386,-1.0145,0.0000,1.7332,-1.0145,0.0000,1.7332,-1.0145,0.0000,1.6742,-0.9288,0.0000
82.4001,1.7296,-1.0146,0.0000,1.7253,-1.0146,0.0000,1.7253,-1.0146,0.0000,1.6663,-0.9295,0.0000
82.5001,1.7206,-1.0147,0.0000,1.7163,-1.0147,0.0000,1.7163,-1.0147,0.0000,1.6589,-0.9301,0.0000
82.6001,1.7116,-1.0148,0.0000,1.7061,-1.0148,0.0000,1.7060,-1.0148,0.0000,1.6488,-0.9307,0.0000
82.7002,1.7056,-1.0148,0.0000,1.7004,-1.0149,0.0000,1.7008,-1.0149,0.0000,1.6404,-0.9312,0.0000
82.8001,1.6966,-1.0149,0.0000,1.6922,-1.0150,0.0000,1.6921,-1.0150,0.0000,1.6322,-0.9318,0.0000
82.9003,1.6876,-1.0150,0.0000,1.6863,-1.0150,0.0000,1.6831,-1.0150,0.0000,1.6243,-0.9324,0.0000
83.0001,1.6816,-1.0151,0.0000,1.6777,-1.0151,0.0000,1.6776,-1.0151,0.0000,1.6181,-0.9328,0.0000
83.1001,1.6726,-1.0152,0.0000,1.6677,-1.0152,0.0000,1.6677,-1.0152,0.0000,1.6064,-0.9334,0.0000
83.2012,1.6636,-1.0152,0.0000,1.6596,-1.0153,0.0000,1.6596,-1.0153,0.0000,1.5991,-0.9339,0.0000
83.3002,1.6576,-1.0153,0.0000,1.6534,-1.0154,0.0000,1.6534,-1.0154,0.0000,1.5944,-0.9342,0.0000
83.4004,1.6486,-1.0154,0.0000,1.6445,-1.0154,0.0000,1.6444,-1.0154,0.0000,1.5871,-0.9348,0.0000
83.5037,1.6396,-1.0155,0.0000,1.6358,-1.0155,0.0000,1.6359,-1.0155,0.0000,1.5792,-0.9352,0.0000
83.6017,1.6306,-1.0156,0.0000,1.6276,-1.0156,0.0000,1.6276,-1.0156,0.0000,1.5706,-0.9357,0.0000
83.7002,1.6216,-1.0157,0.0000,1.6176,-1.0157,0.0000,1.6176,-1.0157,0.0000,1.5627,-0.9362,0.0000
83.8001,1.6126,-1.0158,0.0000,1.6077,-1.0158,0.0000,1.6079,-1.0158,0.0000,1.5556,-0.9366,0.0000
83.9004,1.6036,-1.0159,0.0000,1.6000,-1.0159,0.0000,1.6000,-1.0159,0.0000,1.5452,-0.9371,0.0000
84.0036,1.5946,-1.0160,0.0000,1.5912,-1.0160,0.0000,1.5911,-1.0160,0.0000,1.5372,-0.9375,0.0000
84.1002,1.5886,-1.0160,0.0000,1.5837,-1.0161,0.0000,1.5837,-1.0161,0.0000,1.5276,-0.9377,0.0000
84.2001,1.5796,-1.0161,0.0000,1.5753,-1.0162,0.0000,1.5753,-1.0162,0.0000,1.5175,-0.9381,0.0000
84.3013,1.5706,-1.0162,0.0000,1.5663,-1.0163,0.0000,1.5664,-1.0163,0.0000,1.5074,-0.9383,0.0000
84.4003,1.5616,-1.0163,0.0000,1.5583,-1.0163,0.0000,1.5584,-1.0163,0.0000,1.4994,-0.9384,0.0000
84.5003,1.5556,-1.0164,0.0000,1.5505,-1.0164,0.0000,1.5505,-1.0164,0.0000,1.4925,-0.9385,0.0000
84.6001,1.5466,-1.0165,0.0000,1.5417,-1.0165,0.0000,1.5416,-1.0165,0.0000,1.4826,-0.9388,0.0000
84.7001,1.5376,-1.0166,0.0000,1.5341,-1.0166,0.0000,1.5341,-1.0166,0.0000,1.4746,-0.9391,0.0000
84.8001,1.5286,-1.0167,0.0000,1.5248,-1.0167,0.0000,1.5248,-1.0167,0.0000,1.4693,-0.9394,0.0000
84.9002,1.5196,-1.0167,0.0000,1.5155,-1.0168,0.0000,1.5156,-1.0168,0.0000,1.4604,-0.9398,0.0000
85.0001,1.5106,-1.0168,0.0000,1.5071,-1.0169,0.0000,1.5071,-1.0169,0.0000,1.4527,-0.9402,0.0000
85.1002,1.5016,-1.0169,0.0000,1.4981,-1.0170,0.0000,1.4980,-1.0170,0.0000,1.4429,-0.9406,0.0000
85.2001,1.4956,-1.0170,0.0000,1.4874,-1.0171,0.0000,1.4875,-1.0171,0.0000,1.4310,-0.9409,0.0000
85.3002,1.4866,-1.0171,0.0000,1.4708,-1.0173,0.0000,1.4705,-1.0173,0.0000,1.4148,-0.9413,0.0000
85.4002,1.4776,-1.0172,0.0000,1.4557,-1.0174,0.0000,1.4557,-1.0174,0.0000,1.3990,-0.9418,0.0000
85.5007,1.4686,-1.0173,0.0000,1.4410,-1.0176,0.0000,1.4410,-1.0176,0.0000,1.3844,-0.9422,0.0000
85.6002,1.4596,-1.0174,0.0000,1.4230,-1.0177,0.0000,1.4231,-1.0177,0.0000,1.3676,-0.9427,0.0000
85.7002,1.4536,-1.0174,0.0000,1.4111,-1.0179,0.0000,1.4112,-1.0179,0.0000,1.3561,-0.9429,0.0000
85.8037,1.4416,-1.0176,0.0000,1.3924,-1.0181,0.0000,1.3924,-1.0181,0.0000,1.3408,-0.9433,0.0000
85.9001,1.4356,-1.0176,0.0000,1.3789,-1.0182,0.0000,1.3783,-1.0182,0.0000,1.3240,-0.9437,0.0000
86.0001,1.4296,-1.0177,0.0000,1.3658,-1.0183,0.0000,1.3661,-1.0183,0.0000,1.3106,-0.9439,0.0000
86.1076,1.4206,-1.0178,0.0000,1.3495,-1.0185,0.0000,1.3497,-1.0185,0.0000,1.2944,-0.9444,0.0000
86.2001,1.4116,-1.0179,0.0000,1.4073,-1.0179,0.0000,1.4071,-1.0179,0.0000,1.3016,-0.9451,0.0000
86.3002,1.4056,-1.0179,0.0000,1.4009,-1.0180,0.0000,1.4013,-1.0180,0.0000,1.3038,-0.9453,0.0000
86.4001,1.3966,-1.0180,0.0000,1.3922,-1.0181,0.0000,1.3915,-1.0181,0.0000,1.3030,-0.9459,0.0000
86.5001,1.3876,-1.0181,0.0000,1.3831,-1.0182,0.0000,1.3831,-1.0182,0.0000,1.3006,-0.9465,0.0000
86.6002,1.3786,-1.0182,0.0000,1.3776,-1.0182,0.0000,1.3773,-1.0182,0.0000,1.2989,-0.9473,0.0000
86.7001,1.3726,-1.0183,0.0000,1.3688,-1.0183,0.0000,1.3685,-1.0183,0.0000,1.2945,-0.9478,0.0000
86.8002,1.3636,-1.0184,0.0000,1.3587,-1.0184,0.0000,1.3589,-1.0184,0.0000,1.2867,-0.9485,0.0000
86.9038,1.3546,-1.0185,0.0000,1.3505,-1.0185,0.0000,1.3503,-1.0185,0.0000,1.2801,-0.9492,0.0000
87.0001,1.3486,-1.0185,0.0000,1.3444,-1.0186,0.0000,1.3444,-1.0186,0.0000,1.2758,-0.9496,0.0000
87.1001,1.3396,-1.0186,0.0000,1.3361,-1.0187,0.0000,1.3363,-1.0187,0.0000,1.2693,-0.9503,0.0000
87.2001,1.3306,-1.0187,0.0000,1.3256,-1.0188,0.0000,1.3256,-1.0188,0.0000,1.2585,-0.9509,0.0000
87.3039,1.3216,-1.0188,0.0000,1.3169,-1.0189,0.0000,1.3171,-1.0189,0.0000,1.2518,-0.9514,0.0000
87.4003,1.3156,-1.0189,0.0000,1.3112,-1.0189,0.0000,1.3114,-1.0189,0.0000,1.2447,-0.9519,0.0000
87.5001,1.3066,-1.0190,0.0000,1.3014,-1.0190,0.0000,1.3015,-1.0190,0.0000,1.2341,-0.9528,0.0000
87.6002,1.3006,-1.0190,0.0000,1.2942,-1.0191,0.0000,1.2942,-1.0191,0.0000,1.2249,-0.9533,0.0000
87.7001,1.2916,-1.0191,0.0000,1.2862,-1.0192,0.0000,1.2864,-1.0192,0.0000,1.2174,-0.9538,0.0000
87.8001,1.2826,-1.0192,0.0000,1.2785,-1.0193,0.0000,1.2784,-1.0193,0.0000,1.2106,-0.9543,0.0000
87.9002,1.2766,-1.0193,0.0000,1.2709,-1.0193,0.0000,1.2710,-1.0193,0.0000,1.2013,-0.9548,0.0000
88.0002,1.2646,-1.0194,0.0000,1.2615,-1.0194,0.0000,1.2617,-1.0194,0.0000,1.1932,-0.9554,0.0000
88.1001,1.2586,-1.0195,0.0000,1.2545,-1.0195,0.0000,1.2545,-1.0195,0.0000,1.1874,-0.9556,0.0000
88.2001,1.2496,-1.0196,0.0000,1.2450,-1.0196,0.0000,1.2450,-1.0196,0.0000,1.1773,-0.9561,0.0000
88.3001,1.2406,-1.0196,0.0000,1.2364,-1.0197,0.0000,1.2365,-1.0197,0.0000,1.1702,-0.9566,0.0000
88.4005,1.2316,-1.0197,0.0000,1.2313,-1.0197,0.0000,1.2312,-1.0197,0.0000,1.1667,-0.9569,0.0000
88.5001,1.2256,-1.0198,0.0000,1.2210,-1.0198,0.0000,1.2213,-1.0198,0.0000,1.1563,-0.9574,0.0000
88.6002,1.2167,-1.0199,0.0000,1.2102,-1.0200,0.0000,1.2105,-1.0200,0.0000,1.1446,-0.9580,0.0000
88.7036,1.2107,-1.0200,0.0000,1.2054,-1.0200,0.0000,1.2054,-1.0200,0.0000,1.1387,-0.9584,0.0000
88.8010,1.2017,-1.0200,0.0000,1.1970,-1.0201,0.0000,1.1970,-1.0201,0.0000,1.1309,-0.9589,0.0000
88.9001,1.1927,-1.0201,0.0000,1.1878,-1.0202,0.0000,1.1878,-1.0202,0.0000,1.1214,-0.9593,0.0000
89.0005,1.1867,-1.0202,0.0000,1.1818,-1.0203,0.0000,1.1817,-1.0203,0.0000,1.1155,-0.9596,0.0000
89.1001,1.1777,-1.0203,0.0000,1.1731,-1.0203,0.0000,1.1729,-1.0203,0.0000,1.1085,-0.9602,0.0000
89.2002,1.1717,-1.0204,0.0000,1.1590,-1.0205,0.0000,1.1594,-1.0205,0.0000,1.0956,-0.9604,0.0000
89.3034,1.1627,-1.0205,0.0000,1.1440,-1.0206,0.0000,1.1443,-1.0206,0.0000,1.0809,-0.9608,0.0000
89.4001,1.1537,-1.0205,0.0000,1.1260,-1.0208,0.0000,1.1264,-1.0208,0.0000,1.0609,-0.9613,0.0000
89.5035,1.1477,-1.0206,0.0000,1.1138,-1.0210,0.0000,1.1150,-1.0209,0.0000,1.0493,-0.9615,0.0000
89.6001,1.1387,-1.0207,0.0000,1.0988,-1.0211,0.0000,1.0990,-1.0211,0.0000,1.0333,-0.9618,0.0000
89.7001,1.1297,-1.0208,0.0000,1.0832,-1.0213,0.0000,1.0834,-1.0213,0.0000,1.0182,-0.9621,0.0000
89.8015,1.1207,-1.0209,0.0000,1.0679,-1.0214,0.0000,1.0682,-1.0214,0.0000,1.0029,-0.9624,0.0000
89.9001,1.1117,-1.0210,0.0000,1.0521,-1.0216,0.0000,1.0519,-1.0216,0.0000,0.9868,-0.9627,0.0000
90.0001,1.1057,-1.0210,0.0000,1.0409,-1.0217,0.0000,1.0412,-1.0217,0.0000,0.9733,-0.9629,0.0000
90.1001,1.0967,-1.0211,0.0000,1.0256,-1.0219,0.0000,1.0258,-1.0219,0.0000,0.9579,-0.9633,0.0000
90.2001,1.0877,-1.0212,0.0000,1.0827,-1.0213,0.0000,1.0825,-1.0213,0.0000,0.9640,-0.9641,0.0000
90.3000,1.0787,-1.0213,0.0000,1.0738,-1.0214,0.0000,1.0764,-1.0214,0.0000,0.9650,-0.9649,0.0000
90.4003,1.0727,-1.0214,0.0000,1.0678,-1.0214,0.0000,1.0684,-1.0214,0.0000,0.9634,-0.9653,0.0000
90.5001,1.0637,-1.0215,0.0000,1.0592,-1.0215,0.0000,1.0593,-1.0215,0.0000,0.9604,-0.9660,0.0000
90.6001,1.0547,-1.0216,0.0000,1.0503,-1.0216,0.0000,1.0502,-1.0216,0.0000,0.9576,-0.9667,0.0000
90.7001,1.0487,-1.0216,0.0000,1.0445,-1.0217,0.0000,1.0445,-1.0217,0.0000,0.9533,-0.9674,0.0000
90.8001,1.0397,-1.0217,0.0000,1.0345,-1.0218,0.0000,1.0345,-1.0218,0.0000,0.9465,-0.9681,0.0000
90.9001,1.0277,-1.0219,0.0000,1.0250,-1.0219,0.0000,1.0249,-1.0219,0.0000,0.9429,-0.9688,0.0000
91.0008,1.0187,-1.0220,0.0000,1.0150,-1.0220,0.0000,1.0150,-1.0220,0.0000,0.9373,-0.9694,0.0000
