time,rmse_kf,rmse_ekf,rmse_pf,error_x_kf,error_y_kf,error_x_ekf,error_y_ekf,error_x_pf,error_y_pf
3.9001,0.0000,0.0000,0.0103,0.0000,-0.0000,0.0000,-0.0000,-0.0060,0.0084
4.0001,0.0000,0.0000,0.0107,0.0000,-0.0000,0.0000,-0.0000,-0.0057,0.0094
4.1008,0.0000,0.0000,0.0112,0.0000,-0.0000,0.0000,-0.0000,-0.0087,0.0087
4.2001,0.0000,0.0000,0.0121,0.0000,-0.0000,0.0000,-0.0000,-0.0133,0.0051
4.3001,0.0000,0.0000,0.0137,0.0000,-0.0000,-0.0000,0.0000,-0.0186,0.0023
4.4021,0.0000,0.0000,0.0152,-0.0000,0.0000,-0.0000,0.0000,-0.0214,-0.0014
4.5001,0.0000,0.0000,0.0166,-0.0000,0.0000,-0.0000,0.0000,-0.0227,-0.0034
4.6002,0.0000,0.0000,0.0176,-0.0000,0.0000,-0.0000,0.0000,-0.0226,-0.0060
4.7001,0.0000,0.0000,0.0184,0.0000,-0.0000,0.0000,-0.0000,-0.0225,-0.0075
4.8002,0.0000,0.0000,0.0189,0.0000,-0.0000,0.0000,-0.0000,-0.0214,-0.0093
4.9002,0.0000,0.0000,0.0194,0.0000,-0.0000,0.0000,-0.0000,-0.0208,-0.0105
5.0003,0.0000,0.0000,0.0196,0.0000,-0.0000,0.0000,-0.0000,-0.0190,-0.0115
5.1001,0.0000,0.0000,0.0197,0.0000,-0.0000,0.0000,-0.0000,-0.0170,-0.0127
5.2077,0.0000,0.0000,0.0199,0.0000,-0.0000,0.0000,-0.0000,-0.0169,-0.0135
5.3018,0.0000,0.0000,0.0200,0.0000,-0.0000,0.0000,-0.0000,-0.0168,-0.0139
5.4004,0.0000,0.0000,0.0201,0.0000,-0.0000,0.0000,-0.0000,-0.0155,-0.0144
5.5001,0.0000,0.0000,0.0202,-0.0000,0.0000,-0.0000,0.0000,-0.0151,-0.0149
5.6002,0.0000,0.0000,0.0202,-0.0000,0.0000,-0.0000,0.0000,-0.0144,-0.0152
5.7003,0.0000,0.0000,0.0202,0.0000,-0.0000,0.0000,-0.0000,-0.0136,-0.0155
5.8024,0.0000,0.0000,0.0203,0.0000,-0.0000,0.0000,-0.0000,-0.0151,-0.0157
5.9001,0.0000,0.0000,0.0203,0.0000,-0.0000,0.0000,-0.0000,-0.0127,-0.0158
6.0001,0.0000,0.0000,0.0203,0.0000,-0.0000,0.0000,-0.0000,-0.0118,-0.0160
6.1030,0.0000,0.0000,0.0202,0.0000,-0.0000,0.0000,-0.0000,-0.0100,-0.0162
6.2001,0.0000,0.0000,0.0202,0.0000,-0.0000,0.0000,-0.0000,-0.0086,-0.0163
6.3001,0.0000,0.0000,0.0201,0.0000,-0.0000,0.0000,-0.0000,-0.0077,-0.0165
6.4001,0.0000,0.0000,0.0200,0.0000,-0.0000,0.0000,-0.0000,-0.0072,-0.0165
6.5002,0.0000,0.0000,0.0200,0.0000,-0.0000,0.0000,-0.0000,-0.0085,-0.0165
6.6006,0.0000,0.0000,0.0199,0.0000,-0.0000,0.0000,-0.0000,-0.0078,-0.0166
6.7005,0.0000,0.0000,0.0198,0.0000,-0.0000,0.0000,-0.0000,-0.0059,-0.0166
6.8003,0.0000,0.0000,0.0197,0.0000,-0.0000,0.0000,-0.0000,-0.0046,-0.0166
6.9002,0.0000,0.0000,0.0197,-0.0000,0.0000,-0.0000,0.0000,-0.0032,-0.0166
7.0008,0.0000,0.0000,0.0196,-0.0000,0.0000,-0.0000,0.0000,-0.0040,-0.0166
7.1001,0.0000,0.0000,0.0195,-0.0000,0.0000,-0.0000,0.0000,-0.0039,-0.0166
7.2001,0.0000,0.0000,0.0194,-0.0000,0.0000,-0.0000,0.0000,-0.0029,-0.0166
7.3002,0.0000,0.0000,0.0194,-0.0000,0.0000,-0.0000,0.0000,-0.0039,-0.0167
7.4001,0.0000,0.0000,0.0193,-0.0000,0.0000,-0.0000,0.0000,-0.0033,-0.0168
7.5001,0.0000,0.0000,0.0193,0.0000,0.0000,0.0000,0.0000,-0.0046,-0.0169
7.6002,0.0000,0.0000,0.0192,0.0000,-0.0000,0.0000,-0.0000,-0.0054,-0.0170
7.7001,0.0000,0.0000,0.0192,0.0000,-0.0000,0.0000,-0.0000,-0.0072,-0.0171
7.8018,0.0000,0.0000,0.0192,0.0000,-0.0000,0.0000,-0.0000,-0.0031,-0.0172
7.9002,0.0000,0.0000,0.0191,0.0000,-0.0000,0.0000,-0.0000,-0.0031,-0.0172
8.0002,0.0000,0.0000,0.0191,0.0000,-0.0000,0.0000,-0.0000,-0.0044,-0.0173
8.1002,0.0000,0.0000,0.0191,0.0000,-0.0000,0.0000,-0.0000,-0.0043,-0.0174
8.2001,0.0000,0.0000,0.0190,0.0000,-0.0000,0.0000,-0.0000,-0.0024,-0.0173
8.3001,0.0000,0.0000,0.0190,0.0000,-0.0000,0.0000,-0.0000,-0.0019,-0.0173
8.4001,0.0000,0.0000,0.0190,0.0000,-0.0000,0.0000,-0.0000,0.0006,-0.0174
8.5001,0.0000,0.0000,0.0189,0.0000,-0.0000,0.0000,-0.0000,0.0008,-0.0175
8.6001,0.0000,0.0000,0.0189,0.0000,-0.0000,0.0000,-0.0000,0.0017,-0.0176
8.7002,0.0000,0.0000,0.0189,-0.0000,0.0000,-0.0000,0.0000,0.0013,-0.0176
8.8014,0.0000,0.0000,0.0189,-0.0000,0.0000,-0.0000,0.0000,0.0023,-0.0176
8.9002,0.0000,0.0000,0.0189,0.0000,-0.0000,0.0000,-0.0000,0.0018,-0.0176
9.0003,0.0000,0.0000,0.0188,0.0000,-0.0000,0.0000,-0.0000,0.0002,-0.0176
9.1035,0.0000,0.0000,0.0188,0.0000,-0.0000,0.0000,-0.0000,-0.0003,-0.0177
9.2038,0.0000,0.0000,0.0188,0.0000,-0.0000,0.0000,-0.0000,0.0003,-0.0176
9.3001,0.0000,0.0000,0.0188,0.0000,-0.0000,0.0000,-0.0000,-0.0010,-0.0177
9.4002,0.0000,0.0000,0.0188,0.0000,-0.0000,0.0000,-0.0000,-0.0038,-0.0175
9.5002,0.0000,0.0000,0.0187,0.0000,-0.0000,0.0000,-0.0000,-0.0042,-0.0176
9.6001,0.0000,0.0000,0.0187,0.0000,-0.0000,0.0000,-0.0000,-0.0024,-0.0176
9.7002,0.0000,0.0000,0.0187,0.0000,-0.0000,0.0000,-0.0000,-0.0021,-0.0176
9.8002,0.0000,0.0000,0.0187,0.0000,-0.0000,0.0000,-0.0000,-0.0014,-0.0177
9.9002,0.0000,0.0000,0.0187,0.0000,-0.0000,0.0000,-0.0000,0.0000,-0.0177
10.0002,0.0000,0.0000,0.0187,0.0000,-0.0000,0.0000,-0.0000,0.0016,-0.0177
10.1001,0.0000,0.0000,0.0186,0.0000,-0.0000,0.0000,-0.0000,0.0017,-0.0177
10.2001,0.0000,0.0000,0.0186,-0.0000,0.0000,-0.0000,0.0000,0.0028,-0.0177
10.3011,0.0000,0.0000,0.0186,-0.0000,0.0000,-0.0000,0.0000,0.0020,-0.0176
10.4003,0.0000,0.0000,0.0186,0.0000,-0.0000,0.0000,-0.0000,0.0024,-0.0176
10.5005,0.0000,0.0000,0.0186,0.0000,-0.0000,0.0000,-0.0000,0.0052,-0.0175
10.6001,0.0000,0.0000,0.0186,0.0000,-0.0000,0.0000,-0.0000,0.0078,-0.0176
10.7008,0.0000,0.0000,0.0186,0.0000,-0.0000,0.0000,-0.0000,0.0061,-0.0176
10.8001,0.0000,0.0000,0.0186,0.0000,-0.0000,0.0000,-0.0000,0.0062,-0.0176
10.9038,0.0000,0.0000,0.0186,0.0000,-0.0000,0.0000,-0.0000,0.0064,-0.0177
11.0025,0.0000,0.0000,0.0186,0.0000,-0.0000,0.0000,-0.0000,0.0059,-0.0177
11.1037,0.0000,0.0000,0.0186,0.0000,-0.0000,0.0000,-0.0000,0.0062,-0.0176
11.2002,0.0000,0.0000,0.0186,0.0000,-0.0000,0.0000,-0.0000,0.0039,-0.0177
11.3006,0.0000,0.0000,0.0186,0.0000,-0.0000,0.0000,-0.0000,0.0038,-0.0178
11.4002,0.0000,0.0000,0.0186,0.0000,-0.0000,0.0000,-0.0000,0.0018,-0.0178
11.5001,0.0000,0.0000,0.0186,0.0000,-0.0000,0.0000,-0.0000,0.0010,-0.0178
11.6001,0.0000,0.0000,0.0186,0.0000,-0.0000,0.0000,-0.0000,0.0021,-0.0178
11.7049,0.0000,0.0000,0.0186,0.0000,-0.0000,0.0000,-0.0000,0.0014,-0.0178
11.8002,0.0000,0.0000,0.0186,0.0000,-0.0000,0.0000,-0.0000,0.0002,-0.0179
11.9021,0.0000,0.0000,0.0186,0.0000,-0.0000,0.0000,-0.0000,-0.0005,-0.0179
12.0002,0.0000,0.0000,0.0186,0.0000,-0.0000,0.0000,-0.0000,-0.0039,-0.0180
12.1002,0.0000,0.0000,0.0186,-0.0000,0.0000,-0.0000,0.0000,-0.0047,-0.0180
12.2001,0.0000,0.0000,0.0186,-0.0000,0.0000,-0.0000,0.0000,-0.0029,-0.0180
12.3001,0.0000,0.0000,0.0186,0.0000,-0.0000,0.0000,-0.0000,-0.0041,-0.0179
12.4002,0.0000,0.0000,0.0185,0.0000,-0.0000,0.0000,-0.0000,-0.0042,-0.0179
12.5001,0.0000,0.0000,0.0185,0.0000,-0.0000,0.0000,-0.0000,-0.0008,-0.0179
12.6001,0.0000,0.0000,0.0185,0.0000,-0.0000,0.0000,-0.0000,0.0000,-0.0178
12.7001,0.0000,0.0000,0.0185,0.0000,-0.0000,0.0000,-0.0000,0.0004,-0.0179
12.8002,0.0000,0.0000,0.0185,0.0000,-0.0000,0.0000,-0.0000,-0.0001,-0.0179
12.9005,0.0000,0.0000,0.0185,0.0000,-0.0000,0.0000,-0.0000,0.0001,-0.0178
13.0032,0.0000,0.0000,0.0185,0.0000,-0.0000,0.0000,-0.0000,0.0021,-0.0178
13.1013,0.0000,0.0000,0.0185,0.0000,-0.0000,0.0000,-0.0000,0.0035,-0.0178
13.2011,0.0000,0.0000,0.0185,0.0000,-0.0000,0.0000,-0.0000,0.0029,-0.0178
13.3008,0.0000,0.0000,0.0185,0.0000,-0.0000,0.0000,-0.0000,0.0030,-0.0177
13.4008,0.0000,0.0000,0.0185,0.0000,-0.0000,0.0000,-0.0000,0.0013,-0.0177
13.5002,0.0000,0.0000,0.0185,0.0000,-0.0000,0.0000,-0.0000,0.0010,-0.0177
13.6021,0.0000,0.0000,0.0185,0.0000,-0.0000,0.0000,-0.0000,0.0017,-0.0178
13.7001,0.0000,0.0000,0.0185,-0.0000,0.0000,-0.0000,0.0000,0.0005,-0.0178
13.8001,0.0000,0.0000,0.0185,-0.0000,0.0000,-0.0000,0.0000,0.0012,-0.0178
13.9036,0.0000,0.0000,0.0185,0.0000,-0.0000,0.0000,-0.0000,0.0024,-0.0178
14.0002,0.0000,0.0000,0.0184,0.0000,-0.0000,0.0000,-0.0000,0.0016,-0.0178
14.1001,0.0000,0.0000,0.0184,0.0000,-0.0000,0.0000,-0.0000,0.0002,-0.0178
14.2001,0.0000,0.0000,0.0184,0.0000,-0.0000,0.0000,-0.0000,0.0002,-0.0177
14.3001,0.0000,0.0000,0.0184,0.0000,-0.0000,0.0000,-0.0000,0.0004,-0.0177
14.4002,0.0000,0.0000,0.0184,0.0000,-0.0000,0.0000,-0.0000,0.0005,-0.0176
14.5001,0.0000,0.0000,0.0184,0.0000,-0.0000,0.0000,-0.0000,-0.0010,-0.0176
14.6001,0.0000,0.0000,0.0184,0.0000,-0.0000,0.0000,-0.0000,-0.0006,-0.0176
14.7002,0.0000,0.0000,0.0184,0.0000,-0.0000,0.0000,-0.0000,-0.0007,-0.0175
14.8001,0.0000,0.0000,0.0184,0.0000,-0.0000,0.0000,-0.0000,-0.0009,-0.0174
14.9002,0.0000,0.0000,0.0184,0.0000,-0.0000,0.0000,-0.0000,0.0003,-0.0174
15.0001,0.0000,0.0000,0.0184,0.0000,-0.0000,0.0000,-0.0000,-0.0005,-0.0174
15.1002,0.0005,0.0005,0.0184,0.0054,-0.0000,0.0056,-0.0000,0.0099,-0.0173
15.2002,0.0009,0.0009,0.0185,0.0084,-0.0000,0.0082,-0.0000,0.0219,-0.0173
15.3116,0.0011,0.0011,0.0186,0.0055,-0.0000,0.0056,0.0000,0.0268,-0.0172
15.4003,0.0011,0.0011,0.0189,0.0043,0.0000,0.0015,-0.0000,0.0309,-0.0172
15.5001,0.0012,0.0012,0.0191,0.0053,0.0000,0.0052,0.0000,0.0350,-0.0172
15.6008,0.0014,0.0013,0.0195,0.0063,0.0000,0.0064,0.0000,0.0404,-0.0172
15.7001,0.0016,0.0015,0.0199,0.0083,0.0000,0.0084,0.0000,0.0473,-0.0171
15.8011,0.0016,0.0015,0.0203,0.0045,0.0000,0.0041,0.0000,0.0450,-0.0171
15.9039,0.0017,0.0016,0.0208,0.0049,0.0000,0.0046,0.0000,0.0478,-0.0170
16.0001,0.0017,0.0016,0.0212,0.0042,0.0000,0.0043,0.0000,0.0493,-0.0170
16.1001,0.0017,0.0017,0.0216,0.0031,0.0000,0.0032,0.0000,0.0490,-0.0167
16.2001,0.0018,0.0017,0.0221,0.0048,0.0000,0.0049,0.0000,0.0516,-0.0167
16.3001,0.0018,0.0018,0.0225,0.0048,0.0000,0.0048,0.0000,0.0518,-0.0168
16.4001,0.0018,0.0018,0.0229,0.0035,0.0000,0.0036,0.0000,0.0509,-0.0168
16.5001,0.0018,0.0018,0.0233,0.0035,0.0000,0.0034,0.0000,0.0502,-0.0168
16.6002,0.0019,0.0018,0.0237,0.0037,0.0000,0.0036,0.0000,0.0497,-0.0168
16.7001,0.0019,0.0018,0.0241,0.0041,0.0000,0.0040,0.0000,0.0529,-0.0169
16.8001,0.0019,0.0019,0.0246,0.0049,0.0000,0.0047,0.0000,0.0561,-0.0170
16.9002,0.0020,0.0019,0.0250,0.0054,0.0000,0.0054,0.0000,0.0565,-0.0171
17.0058,0.0020,0.0020,0.0254,0.0057,0.0000,0.0053,0.0000,0.0574,-0.0173
17.1002,0.0021,0.0020,0.0259,0.0053,0.0000,0.0054,0.0000,0.0569,-0.0174
17.2001,0.0021,0.0021,0.0263,0.0059,0.0000,0.0060,0.0000,0.0586,-0.0176
17.3001,0.0022,0.0021,0.0267,0.0046,0.0000,0.0046,0.0000,0.0549,-0.0175
17.4009,0.0022,0.0021,0.0270,0.0036,0.0000,0.0041,0.0000,0.0556,-0.0175
17.5001,0.0022,0.0022,0.0274,0.0052,0.0000,0.0051,0.0000,0.0581,-0.0175
17.6010,0.0022,0.0022,0.0278,0.0029,0.0000,0.0031,0.0000,0.0556,-0.0174
17.7002,0.0022,0.0022,0.0281,0.0031,0.0000,0.0031,0.0000,0.0554,-0.0174
17.8001,0.0023,0.0022,0.0285,0.0048,0.0000,0.0050,0.0000,0.0592,-0.0174
17.9037,0.0023,0.0022,0.0289,0.0033,0.0000,0.0032,0.0000,0.0591,-0.0173
18.0001,0.0023,0.0022,0.0292,0.0044,0.0000,0.0043,0.0000,0.0599,-0.0173
18.1001,0.0023,0.0023,0.0296,0.0038,0.0000,0.0038,0.0000,0.0586,-0.0173
18.2023,0.0023,0.0023,0.0299,0.0027,0.0000,0.0026,0.0000,0.0586,-0.0173
18.3079,0.0023,0.0023,0.0302,0.0033,0.0000,0.0027,0.0000,0.0573,-0.0173
18.4002,0.0023,0.0023,0.0305,0.0045,0.0000,0.0045,0.0000,0.0590,-0.0173
18.5001,0.0023,0.0023,0.0309,0.0039,0.0000,0.0039,0.0000,0.0594,-0.0172
18.6001,0.0024,0.0023,0.0312,0.0032,0.0000,0.0033,0.0000,0.0593,-0.0170
18.7018,0.0024,0.0023,0.0315,0.0034,0.0000,0.0035,0.0000,0.0607,-0.0169
18.8002,0.0024,0.0023,0.0318,0.0043,0.0000,0.0039,0.0000,0.0601,-0.0169
18.9002,0.0024,0.0023,0.0321,0.0031,0.0000,0.0031,0.0000,0.0611,-0.0169
19.0001,0.0024,0.0024,0.0324,0.0042,0.0000,0.0041,0.0000,0.0629,-0.0168
19.1027,0.0024,0.0024,0.0328,0.0038,0.0000,0.0038,0.0000,0.0647,-0.0163
19.2002,0.0024,0.0024,0.0331,0.0041,0.0000,0.0043,0.0000,0.0635,-0.0164
19.3002,0.0024,0.0024,0.0334,0.0030,0.0000,0.0030,0.0000,0.0603,-0.0167
19.4002,0.0024,0.0024,0.0336,0.0035,0.0000,0.0035,0.0000,0.0577,-0.0167
19.5029,0.0024,0.0024,0.0339,0.0032,0.0000,0.0031,0.0000,0.0585,-0.0167
19.6001,0.0025,0.0024,0.0341,0.0035,0.0000,0.0035,0.0000,0.0586,-0.0167
19.7036,0.0025,0.0024,0.0343,0.0035,0.0000,0.0001,0.0000,0.0569,-0.0166
19.8001,0.0025,0.0024,0.0345,0.0039,0.0000,0.0040,0.0000,0.0584,-0.0166
19.9001,0.0025,0.0024,0.0347,0.0038,0.0000,0.0038,0.0000,0.0561,-0.0165
20.0001,0.0025,0.0024,0.0349,0.0024,0.0000,0.0023,0.0000,0.0516,-0.0160
20.1001,0.0025,0.0024,0.0350,0.0026,0.0000,0.0025,0.0000,0.0492,-0.0159
20.2002,0.0025,0.0024,0.0351,0.0037,0.0000,0.0038,0.0000,0.0496,-0.0158
20.3002,0.0025,0.0024,0.0353,0.0036,0.0000,0.0035,0.0000,0.0496,-0.0157
20.4012,0.0025,0.0025,0.0354,0.0037,0.0000,0.0036,0.0000,0.0495,-0.0156
20.5036,0.0025,0.0025,0.0355,0.0031,0.0000,0.0030,0.0000,0.0481,-0.0155
20.6001,0.0025,0.0025,0.0356,0.0043,0.0000,0.0044,0.0000,0.0508,-0.0154
20.7002,0.0025,0.0025,0.0358,0.0045,0.0000,0.0045,0.0000,0.0517,-0.0152
20.8003,0.0025,0.0025,0.0359,0.0006,0.0000,0.0035,0.0000,0.0508,-0.0151
20.9001,0.0025,0.0025,0.0360,0.0032,0.0000,0.0033,0.0000,0.0532,-0.0149
21.0002,0.0025,0.0025,0.0362,0.0033,0.0000,0.0032,0.0000,0.0548,-0.0149
21.1002,0.0026,0.0025,0.0364,0.0046,0.0000,0.0046,0.0000,0.0581,-0.0149
21.2001,0.0026,0.0025,0.0366,0.0033,0.0000,0.0033,0.0000,0.0587,-0.0148
21.3002,0.0026,0.0025,0.0367,0.0026,0.0000,0.0026,0.0000,0.0572,-0.0147
21.4001,0.0026,0.0026,0.0369,0.0056,0.0000,0.0056,0.0000,0.0622,-0.0148
21.5001,0.0026,0.0026,0.0371,0.0035,0.0000,0.0035,0.0000,0.0613,-0.0148
21.6001,0.0026,0.0026,0.0373,0.0016,0.0000,0.0018,0.0000,0.0611,-0.0149
21.7001,0.0026,0.0026,0.0375,0.0047,0.0000,0.0049,0.0000,0.0610,-0.0150
21.8001,0.0026,0.0026,0.0377,0.0031,0.0000,0.0031,0.0000,0.0605,-0.0150
21.9057,0.0026,0.0026,0.0379,0.0038,0.0000,0.0038,0.0000,0.0646,-0.0151
22.0002,0.0026,0.0026,0.0381,0.0024,0.0000,0.0028,0.0000,0.0622,-0.0150
22.1001,0.0026,0.0026,0.0383,0.0033,0.0000,0.0033,0.0000,0.0613,-0.0151
22.2001,0.0026,0.0026,0.0385,0.0025,0.0000,0.0025,0.0000,0.0581,-0.0151
22.3001,0.0026,0.0026,0.0386,0.0029,0.0000,0.0032,0.0000,0.0566,-0.0153
22.4013,0.0026,0.0026,0.0387,0.0038,0.0000,0.0037,0.0000,0.0573,-0.0153
22.5001,0.0026,0.0026,0.0389,0.0028,0.0000,0.0027,0.0000,0.0567,-0.0154
22.6002,0.0026,0.0026,0.0390,0.0043,0.0000,0.0046,0.0000,0.0594,-0.0155
22.7001,0.0027,0.0026,0.0392,0.0040,0.0000,0.0040,0.0000,0.0589,-0.0156
22.8002,0.0027,0.0026,0.0393,0.0042,0.0000,0.0042,0.0000,0.0601,-0.0157
22.9001,0.0027,0.0027,0.0395,0.0039,0.0000,0.0040,0.0000,0.0589,-0.0156
23.0001,0.0027,0.0027,0.0396,0.0051,0.0000,0.0052,0.0000,0.0602,-0.0156
23.1001,0.0027,0.0027,0.0397,0.0031,0.0000,0.0033,0.0000,0.0572,-0.0155
23.2004,0.0027,0.0027,0.0398,0.0028,0.0000,-0.0004,-0.0000,0.0525,-0.0154
23.3001,0.0027,0.0027,0.0399,0.0037,0.0000,0.0033,0.0000,0.0522,-0.0152
23.4002,0.0027,0.0027,0.0400,0.0047,0.0000,0.0048,0.0000,0.0554,-0.0151
23.5002,0.0027,0.0027,0.0402,0.0046,0.0000,0.0043,0.0000,0.0573,-0.0149
23.6002,0.0027,0.0027,0.0403,0.0047,0.0000,0.0048,0.0000,0.0570,-0.0148
23.7002,0.0028,0.0027,0.0404,0.0053,0.0000,0.0053,0.0000,0.0594,-0.0147
23.8078,0.0028,0.0027,0.0405,0.0047,0.0000,0.0048,0.0000,0.0601,-0.0147
23.9002,0.0028,0.0028,0.0407,0.0068,0.0000,0.0065,0.0000,0.0642,-0.0147
24.0000,0.0028,0.0028,0.0409,0.0069,0.0000,0.0065,0.0000,0.0653,-0.0147
24.1002,0.0029,0.0028,0.0410,0.0043,0.0000,0.0046,0.0000,0.0621,-0.0147
24.2001,0.0029,0.0028,0.0412,0.0041,0.0000,0.0042,0.0000,0.0618,-0.0147
24.3001,0.0029,0.0028,0.0413,0.0043,0.0000,0.0046,0.0000,0.0623,-0.0146
24.4002,0.0029,0.0029,0.0415,0.0053,0.0000,0.0054,0.0000,0.0648,-0.0145
24.5001,0.0029,0.0029,0.0416,0.0058,0.0000,0.0057,0.0000,0.0658,-0.0145
24.6002,0.0029,0.0029,0.0418,0.0048,0.0000,0.0047,0.0000,0.0650,-0.0144
24.7027,0.0030,0.0029,0.0420,0.0076,0.0000,0.0073,0.0000,0.0710,-0.0143
24.8004,0.0030,0.0030,0.0422,0.0071,0.0000,0.0072,0.0000,0.0726,-0.0144
24.9001,0.0030,0.0030,0.0424,0.0044,0.0000,0.0044,0.0000,0.0724,-0.0145
25.0001,0.0030,0.0030,0.0426,0.0048,0.0000,0.0048,0.0000,0.0718,-0.0145
25.1006,0.0030,0.0030,0.0428,0.0010,0.0000,0.0011,0.0000,0.0702,-0.0147
25.2006,0.0030,0.0030,0.0430,0.0039,0.0000,-0.0005,-0.0000,0.0700,-0.0150
25.3002,0.0030,0.0030,0.0431,0.0033,0.0000,0.0033,0.0000,0.0694,-0.0151
25.4002,0.0030,0.0030,0.0433,0.0049,0.0000,0.0049,0.0000,0.0724,-0.0152
25.5001,0.0030,0.0030,0.0435,0.0031,0.0000,0.0031,0.0000,0.0702,-0.0154
25.6001,0.0030,0.0030,0.0437,0.0037,0.0000,0.0037,0.0000,0.0714,-0.0157
25.7001,0.0030,0.0030,0.0439,0.0053,0.0000,0.0053,0.0000,0.0734,-0.0159
25.8001,0.0030,0.0030,0.0441,0.0044,0.0000,0.0043,0.0000,0.0722,-0.0160
25.9001,0.0031,0.0030,0.0442,0.0041,0.0000,0.0041,0.0000,0.0728,-0.0159
26.0002,0.0031,0.0030,0.0444,0.0046,0.0000,0.0047,0.0000,0.0737,-0.0158
26.1001,0.0031,0.0030,0.0446,0.0041,0.0000,0.0042,0.0000,0.0722,-0.0156
26.2002,0.0031,0.0030,0.0448,0.0044,0.0000,0.0044,0.0000,0.0741,-0.0154
26.3036,0.0031,0.0030,0.0450,0.0040,0.0000,0.0041,0.0000,0.0741,-0.0153
26.4001,0.0031,0.0030,0.0451,0.0038,0.0000,0.0037,0.0000,0.0725,-0.0149
26.5001,0.0031,0.0031,0.0453,0.0039,0.0000,0.0042,0.0000,0.0710,-0.0147
26.6002,0.0031,0.0031,0.0455,0.0053,0.0000,0.0052,0.0000,0.0746,-0.0140
26.7001,0.0031,0.0031,0.0456,0.0040,0.0000,0.0038,0.0000,0.0710,-0.0136
26.8001,0.0031,0.0031,0.0458,0.0023,0.0000,0.0021,0.0000,0.0687,-0.0134
26.9001,0.0031,0.0031,0.0459,0.0052,0.0000,0.0052,0.0000,0.0709,-0.0131
27.0007,0.0031,0.0031,0.0460,0.0041,0.0000,0.0041,0.0000,0.0691,-0.0129
27.1001,0.0031,0.0031,0.0462,0.0044,0.0000,0.0042,0.0000,0.0679,-0.0126
27.2002,0.0031,0.0031,0.0463,0.0042,0.0000,0.0041,0.0000,0.0668,-0.0124
27.3002,0.0031,0.0031,0.0464,0.0047,0.0000,0.0048,0.0000,0.0674,-0.0122
27.4001,0.0032,0.0031,0.0465,0.0064,0.0000,0.0065,0.0000,0.0706,-0.0120
27.5001,0.0032,0.0031,0.0467,0.0056,0.0000,0.0056,0.0000,0.0698,-0.0115
27.6001,0.0032,0.0032,0.0468,0.0047,0.0000,0.0048,0.0000,0.0697,-0.0114
27.7001,0.0032,0.0032,0.0469,0.0055,0.0000,0.0055,0.0000,0.0698,-0.0113
27.8001,0.0032,0.0032,0.0470,0.0064,0.0000,0.0064,0.0000,0.0697,-0.0111
27.9002,0.0032,0.0032,0.0472,0.0037,0.0000,0.0056,0.0000,0.0678,-0.0111
28.0004,0.0032,0.0032,0.0473,0.0056,0.0000,0.0057,0.0000,0.0694,-0.0109
28.1002,0.0032,0.0032,0.0474,0.0038,0.0000,0.0036,0.0000,0.0660,-0.0108
28.2001,0.0032,0.0032,0.0475,0.0046,0.0000,0.0044,0.0000,0.0646,-0.0106
28.3002,0.0033,0.0032,0.0475,0.0049,0.0000,0.0049,0.0000,0.0634,-0.0103
28.4004,0.0033,0.0032,0.0476,0.0043,0.0000,0.0042,0.0000,0.0624,-0.0102
28.5001,0.0033,0.0032,0.0477,0.0035,0.0000,0.0035,0.0000,0.0615,-0.0100
28.6001,0.0033,0.0032,0.0478,0.0059,0.0000,0.0051,0.0000,0.0671,-0.0099
28.7002,0.0033,0.0032,0.0479,0.0041,0.0000,0.0045,0.0000,0.0641,-0.0097
28.8009,0.0033,0.0033,0.0479,0.0044,0.0000,0.0041,0.0000,0.0624,-0.0095
28.9001,0.0033,0.0033,0.0480,0.0036,0.0000,0.0037,0.0000,0.0604,-0.0093
29.0002,0.0033,0.0033,0.0481,0.0047,0.0000,0.0046,0.0000,0.0613,-0.0090
29.1001,0.0033,0.0033,0.0481,0.0052,0.0000,0.0050,0.0000,0.0628,-0.0087
29.2001,0.0033,0.0033,0.0482,0.0043,0.0000,0.0013,0.0000,0.0628,-0.0085
29.3001,0.0033,0.0033,0.0483,0.0034,0.0000,0.0033,0.0000,0.0614,-0.0084
29.4001,0.0033,0.0033,0.0483,0.0046,0.0000,0.0047,0.0000,0.0630,-0.0083
29.5001,0.0033,0.0033,0.0484,0.0032,0.0000,0.0033,0.0000,0.0600,-0.0082
29.6002,0.0033,0.0033,0.0484,0.0048,0.0000,0.0050,0.0000,0.0618,-0.0081
29.7026,0.0033,0.0033,0.0485,0.0041,0.0000,0.0040,0.0000,0.0604,-0.0081
29.8001,0.0033,0.0033,0.0486,0.0043,0.0000,0.0043,0.0000,0.0640,-0.0080
29.9001,0.0033,0.0033,0.0486,0.0031,0.0000,0.0031,0.0000,0.0593,-0.0079
30.0001,0.0033,0.0033,0.0487,0.0004,0.0000,0.0039,0.0000,0.0607,-0.0078
30.1001,0.0033,0.0033,0.0487,0.0046,0.0000,0.0047,0.0000,0.0612,-0.0077
30.2077,0.0033,0.0033,0.0488,0.0030,0.0000,0.0031,0.0000,0.0577,-0.0076
30.3030,0.0033,0.0033,0.0488,0.0031,0.0000,0.0031,0.0000,0.0588,-0.0075
30.4014,0.0033,0.0033,0.0488,0.0030,0.0000,0.0030,0.0000,0.0578,-0.0076
30.5001,0.0033,0.0033,0.0489,0.0041,0.0000,0.0041,0.0000,0.0588,-0.0076
30.6002,0.0033,0.0033,0.0489,0.0044,0.0000,0.0044,0.0000,0.0600,-0.0077
30.7001,0.0033,0.0033,0.0490,0.0048,0.0000,0.0048,0.0000,0.0602,-0.0077
30.8036,0.0033,0.0033,0.0490,0.0048,0.0000,0.0047,0.0000,0.0624,-0.0077
30.9001,0.0034,0.0033,0.0491,0.0058,0.0000,0.0056,0.0000,0.0652,-0.0078
31.0001,0.0034,0.0033,0.0492,0.0046,0.0000,0.0046,0.0000,0.0660,-0.0079
31.1035,0.0034,0.0033,0.0492,0.0030,0.0000,0.0031,0.0000,0.0614,-0.0080
31.2001,0.0034,0.0033,0.0493,0.0046,0.0000,0.0041,0.0000,0.0631,-0.0080
31.3001,0.0034,0.0033,0.0494,0.0055,0.0000,0.0053,0.0000,0.0664,-0.0082
31.4002,0.0034,0.0033,0.0494,0.0042,0.0000,0.0043,0.0000,0.0645,-0.0083
31.5001,0.0034,0.0034,0.0495,0.0053,0.0000,0.0054,0.0000,0.0672,-0.0084
31.6002,0.0034,0.0034,0.0496,0.0049,0.0000,0.0047,0.0000,0.0647,-0.0085
31.7001,0.0034,0.0034,0.0496,0.0051,0.0000,0.0020,0.0000,0.0608,-0.0085
31.8001,0.0034,0.0034,0.0497,0.0052,0.0000,0.0052,0.0000,0.0656,-0.0086
31.9002,0.0034,0.0034,0.0498,0.0053,0.0000,0.0052,0.0000,0.0641,-0.0085
32.0036,0.0034,0.0034,0.0498,0.0045,0.0000,0.0045,0.0000,0.0628,-0.0084
32.1002,0.0034,0.0034,0.0499,0.0055,0.0000,0.0054,0.0000,0.0641,-0.0083
32.2002,0.0034,0.0034,0.0499,0.0047,0.0000,0.0048,0.0000,0.0629,-0.0083
32.3001,0.0034,0.0034,0.0500,0.0049,0.0000,0.0049,0.0000,0.0640,-0.0083
32.4001,0.0034,0.0034,0.0501,0.0039,0.0000,0.0039,0.0000,0.0644,-0.0083
32.5002,0.0034,0.0034,0.0501,0.0041,0.0000,0.0041,0.0000,0.0646,-0.0083
32.6002,0.0034,0.0034,0.0502,0.0033,0.0000,0.0033,0.0000,0.0641,-0.0083
32.7001,0.0035,0.0034,0.0502,0.0046,0.0000,0.0048,0.0000,0.0653,-0.0082
32.8002,0.0035,0.0034,0.0503,0.0059,0.0000,0.0063,0.0000,0.0672,-0.0082
32.9002,0.0035,0.0034,0.0504,0.0053,0.0000,0.0050,0.0000,0.0635,-0.0077
33.0001,0.0035,0.0034,0.0504,0.0051,0.0000,0.0051,0.0000,0.0649,-0.0074
33.1002,0.0035,0.0035,0.0505,0.0061,0.0000,0.0062,0.0000,0.0665,-0.0071
33.2001,0.0035,0.0035,0.0505,0.0037,0.0000,0.0036,0.0000,0.0636,-0.0067
33.3072,0.0035,0.0035,0.0506,0.0038,0.0000,0.0037,0.0000,0.0625,-0.0063
33.4001,0.0035,0.0035,0.0506,0.0051,0.0000,0.0050,0.0000,0.0633,-0.0060
33.5019,0.0035,0.0035,0.0507,0.0037,0.0000,0.0036,0.0000,0.0598,-0.0058
33.6037,0.0035,0.0035,0.0507,0.0041,0.0000,0.0041,0.0000,0.0608,-0.0055
33.7001,0.0035,0.0035,0.0507,0.0048,0.0000,0.0048,0.0000,0.0616,-0.0055
33.8001,0.0035,0.0035,0.0508,0.0045,0.0000,0.0042,0.0000,0.0605,-0.0051
33.9015,0.0035,0.0035,0.0508,0.0051,0.0000,0.0053,0.0000,0.0615,-0.0049
34.0002,0.0035,0.0035,0.0509,0.0039,0.0000,0.0039,0.0000,0.0593,-0.0047
34.1010,0.0035,0.0035,0.0509,0.0034,0.0000,0.0034,0.0000,0.0576,-0.0045
34.2001,0.0035,0.0035,0.0509,0.0036,0.0000,0.0036,0.0000,0.0570,-0.0042
34.3003,0.0035,0.0035,0.0509,0.0051,0.0000,0.0051,0.0000,0.0584,-0.0039
34.4000,0.0035,0.0035,0.0509,0.0018,0.0000,0.0018,0.0000,0.0550,-0.0037
34.5037,0.0035,0.0035,0.0510,0.0050,0.0000,0.0052,0.0000,0.0609,-0.0034
34.6001,0.0035,0.0035,0.0510,0.0051,0.0000,0.0049,0.0000,0.0609,-0.0032
34.7005,0.0035,0.0035,0.0511,0.0053,0.0000,0.0053,0.0000,0.0629,-0.0031
34.8001,0.0035,0.0035,0.0511,0.0054,0.0000,0.0054,0.0000,0.0632,-0.0029
34.9001,0.0036,0.0035,0.0511,0.0051,0.0000,0.0053,0.0000,0.0616,-0.0028
35.0001,0.0036,0.0035,0.0512,0.0064,0.0000,0.0054,0.0000,0.0625,-0.0027
35.1009,0.0036,0.0035,0.0512,0.0043,0.0000,0.0045,0.0000,0.0618,-0.0027
35.2037,0.0036,0.0035,0.0513,0.0051,0.0000,0.0051,0.0000,0.0624,-0.0027
35.3001,0.0036,0.0035,0.0513,0.0060,0.0000,0.0060,0.0000,0.0639,-0.0028
35.4031,0.0036,0.0036,0.0513,0.0051,0.0000,0.0050,0.0000,0.0634,-0.0029
35.5012,0.0036,0.0036,0.0514,0.0045,0.0000,0.0045,0.0000,0.0633,-0.0030
35.6001,0.0036,0.0036,0.0514,0.0042,0.0000,0.0045,0.0000,0.0652,-0.0029
35.7001,0.0036,0.0036,0.0515,0.0047,0.0000,0.0047,0.0000,0.0640,-0.0029
35.8005,0.0036,0.0036,0.0515,0.0038,0.0000,0.0039,0.0000,0.0636,-0.0028
35.9002,0.0036,0.0036,0.0516,0.0052,0.0000,0.0052,0.0000,0.0658,-0.0028
36.0001,0.0036,0.0036,0.0516,0.0049,0.0000,0.0049,0.0000,0.0654,-0.0027
36.1004,0.0036,0.0036,0.0517,0.0044,0.0000,0.0044,0.0000,0.0629,-0.0026
36.2002,0.0036,0.0036,0.0517,0.0013,0.0000,0.0043,0.0000,0.0593,-0.0026
36.3001,0.0036,0.0036,0.0517,0.0044,0.0000,0.0043,0.0000,0.0619,-0.0026
36.4001,0.0036,0.0036,0.0518,0.0039,0.0000,0.0039,0.0000,0.0606,-0.0024
36.5001,0.0036,0.0036,0.0518,0.0046,0.0000,0.0043,0.0000,0.0614,-0.0022
36.6001,0.0036,0.0036,0.0518,0.0034,0.0000,0.0032,0.0000,0.0603,-0.0020
36.7001,0.0036,0.0036,0.0518,0.0032,0.0000,0.0033,0.0000,0.0588,-0.0019
36.8001,0.0036,0.0036,0.0519,0.0034,0.0000,0.0032,0.0000,0.0572,-0.0018
36.9001,0.0036,0.0036,0.0519,0.0039,0.0000,0.0042,0.0000,0.0578,-0.0017
37.0002,0.0036,0.0036,0.0519,0.0031,0.0000,0.0032,0.0000,0.0567,-0.0016
37.1002,0.0036,0.0036,0.0519,0.0036,0.0000,0.0036,0.0000,0.0591,-0.0015
37.2002,0.0036,0.0036,0.0519,0.0041,0.0000,0.0046,0.0000,0.0609,-0.0015
37.3002,0.0036,0.0036,0.0520,0.0050,0.0000,0.0047,0.0000,0.0599,-0.0014
37.4002,0.0036,0.0036,0.0520,0.0038,0.0000,0.0038,0.0000,0.0595,-0.0013
37.5036,0.0036,0.0036,0.0520,0.0049,0.0000,0.0050,0.0000,0.0616,-0.0012
37.6002,0.0036,0.0036,0.0521,0.0043,0.0000,0.0043,0.0000,0.0618,-0.0011
37.7014,0.0036,0.0036,0.0521,0.0017,0.0000,0.0040,0.0000,0.0627,-0.0010
37.8001,0.0036,0.0036,0.0521,0.0045,0.0000,0.0046,0.0000,0.0633,-0.0009
37.9001,0.0036,0.0036,0.0521,0.0029,0.0000,0.0030,0.0000,0.0601,-0.0007
38.0001,0.0036,0.0036,0.0522,0.0045,0.0000,0.0045,0.0000,0.0609,-0.0005
38.1037,0.0036,0.0036,0.0522,0.0046,0.0000,0.0043,0.0000,0.0635,-0.0002
38.2002,0.0036,0.0036,0.0522,0.0036,0.0000,0.0037,0.0000,0.0640,-0.0000
38.3001,0.0036,0.0036,0.0523,0.0049,0.0000,0.0043,0.0000,0.0661,0.0002
38.4001,0.0036,0.0036,0.0523,0.0055,0.0000,0.0057,0.0000,0.0679,0.0008
38.5001,0.0036,0.0036,0.0524,0.0031,0.0000,0.0031,0.0000,0.0637,0.0011
38.6007,0.0036,0.0036,0.0524,0.0042,0.0000,0.0043,0.0000,0.0654,0.0013
38.7001,0.0036,0.0036,0.0525,0.0053,0.0000,0.0052,0.0000,0.0707,0.0016
38.8001,0.0036,0.0036,0.0525,0.0043,0.0000,0.0044,0.0000,0.0694,0.0018
38.9036,0.0037,0.0036,0.0526,0.0047,0.0000,0.0044,0.0000,0.0680,0.0020
39.0001,0.0037,0.0036,0.0526,0.0042,0.0000,0.0043,0.0000,0.0666,0.0021
39.1001,0.0037,0.0036,0.0527,0.0037,0.0000,0.0044,0.0000,0.0623,0.0021
39.2003,0.0037,0.0036,0.0527,0.0042,0.0000,0.0041,0.0000,0.0636,0.0022
39.3006,0.0037,0.0036,0.0527,0.0033,0.0000,0.0034,0.0000,0.0621,0.0022
39.4001,0.0037,0.0036,0.0528,0.0047,0.0000,0.0047,0.0000,0.0643,0.0022
39.5001,0.0037,0.0036,0.0528,0.0032,0.0000,0.0032,0.0000,0.0610,0.0023
39.6010,0.0037,0.0036,0.0528,0.0031,0.0000,0.0031,0.0000,0.0595,0.0024
39.7001,0.0037,0.0036,0.0528,0.0054,0.0000,0.0055,0.0000,0.0624,0.0024
39.8036,0.0037,0.0036,0.0529,0.0036,0.0000,0.0035,0.0000,0.0593,0.0024
39.9001,0.0037,0.0036,0.0529,0.0027,0.0000,0.0027,0.0000,0.0570,0.0024
40.0001,0.0037,0.0036,0.0529,0.0045,0.0000,0.0046,0.0000,0.0583,0.0024
40.1002,0.0037,0.0036,0.0529,0.0041,0.0000,0.0037,0.0000,0.0570,0.0025
40.2001,0.0037,0.0036,0.0529,0.0041,0.0000,0.0042,0.0000,0.0602,0.0026
40.3001,0.0037,0.0036,0.0529,0.0042,0.0000,0.0043,0.0000,0.0605,0.0025
40.4015,0.0037,0.0036,0.0530,0.0040,0.0000,0.0041,0.0000,0.0598,0.0025
40.5001,0.0037,0.0036,0.0530,0.0046,0.0000,0.0046,0.0000,0.0624,0.0024
40.6002,0.0037,0.0036,0.0530,0.0043,0.0000,0.0029,0.0000,0.0625,0.0024
40.7013,0.0037,0.0036,0.0530,0.0032,0.0000,0.0030,0.0000,0.0602,0.0023
40.8001,0.0037,0.0037,0.0531,0.0051,0.0000,0.0052,0.0000,0.0629,0.0022
40.9002,0.0037,0.0037,0.0531,0.0044,0.0000,0.0044,0.0000,0.0640,0.0021
41.0004,0.0037,0.0037,0.0531,0.0050,0.0000,0.0050,0.0000,0.0624,0.0020
41.1001,0.0037,0.0037,0.0532,0.0046,0.0000,0.0046,0.0000,0.0616,0.0019
41.2002,0.0037,0.0037,0.0532,0.0035,0.0000,0.0036,0.0000,0.0615,0.0018
41.3002,0.0037,0.0037,0.0532,0.0044,0.0000,0.0041,0.0000,0.0603,0.0018
41.4001,0.0037,0.0037,0.0532,0.0035,0.0000,0.0035,0.0000,0.0594,0.0018
41.5039,0.0037,0.0037,0.0532,0.0047,0.0000,0.0047,0.0000,0.0613,0.0018
41.6036,0.0037,0.0037,0.0533,0.0053,0.0000,0.0052,0.0000,0.0620,0.0018
41.7014,0.0037,0.0037,0.0533,0.0049,0.0000,0.0045,0.0000,0.0614,0.0018
41.8002,0.0037,0.0037,0.0533,0.0038,0.0000,0.0039,0.0000,0.0621,0.0018
41.9001,0.0037,0.0037,0.0533,0.0050,0.0000,0.0050,0.0000,0.0637,0.0019
42.0001,0.0037,0.0037,0.0534,0.0045,0.0000,0.0052,0.0000,0.0627,0.0018
42.1002,0.0037,0.0037,0.0534,0.0047,0.0000,0.0047,0.0000,0.0633,0.0019
42.2002,0.0037,0.0037,0.0534,0.0043,0.0000,0.0042,0.0000,0.0648,0.0020
42.3036,0.0037,0.0037,0.0535,0.0037,0.0000,0.0036,0.0000,0.0646,0.0023
42.4002,0.0037,0.0037,0.0535,0.0047,0.0000,0.0045,0.0000,0.0658,0.0024
42.5001,0.0037,0.0037,0.0535,0.0049,0.0000,0.0051,0.0000,0.0668,0.0026
42.6009,0.0037,0.0037,0.0536,0.0045,0.0000,0.0042,0.0000,0.0667,0.0027
42.7001,0.0037,0.0037,0.0536,0.0042,0.0000,0.0042,0.0000,0.0660,0.0027
42.8004,0.0037,0.0037,0.0536,0.0039,0.0000,0.0014,0.0000,0.0644,0.0026
42.9001,0.0037,0.0037,0.0537,0.0047,0.0000,0.0046,0.0000,0.0685,0.0027
43.0001,0.0037,0.0037,0.0537,0.0037,0.0000,0.0049,0.0000,0.0677,0.0026
43.1001,0.0037,0.0037,0.0538,0.0043,0.0000,0.0039,0.0000,0.0670,0.0026
43.2001,0.0037,0.0037,0.0538,0.0052,0.0000,0.0051,0.0000,0.0684,0.0024
43.3003,0.0037,0.0037,0.0538,0.0061,0.0000,0.0060,0.0000,0.0672,0.0024
43.4004,0.0037,0.0037,0.0539,0.0048,0.0000,0.0048,0.0000,0.0671,0.0024
43.5002,0.0037,0.0037,0.0539,0.0054,0.0000,0.0055,0.0000,0.0694,0.0025
43.6001,0.0037,0.0037,0.0540,0.0048,0.0000,0.0048,0.0000,0.0698,0.0025
43.7001,0.0037,0.0037,0.0540,0.0042,0.0000,0.0042,0.0000,0.0696,0.0024
43.8001,0.0038,0.0037,0.0541,0.0049,0.0000,0.0049,0.0000,0.0725,0.0023
43.9002,0.0038,0.0037,0.0541,0.0044,0.0000,0.0045,0.0000,0.0707,0.0020
44.0005,0.0038,0.0037,0.0542,0.0040,0.0000,0.0038,0.0000,0.0694,0.0019
44.1001,0.0038,0.0037,0.0542,0.0059,0.0000,0.0045,0.0000,0.0699,0.0016
44.2002,0.0038,0.0037,0.0543,0.0047,0.0000,0.0049,0.0000,0.0689,0.0014
44.3022,0.0038,0.0037,0.0543,0.0037,0.0000,0.0038,0.0000,0.0665,0.0010
44.4002,0.0038,0.0037,0.0543,0.0028,0.0000,0.0029,0.0000,0.0628,0.0006
44.5001,0.0038,0.0037,0.0543,0.0046,0.0000,0.0046,0.0000,0.0617,0.0003
44.6001,0.0038,0.0037,0.0543,0.0042,0.0000,0.0041,0.0000,0.0624,0.0000
44.7001,0.0038,0.0037,0.0544,0.0038,0.0000,0.0039,0.0000,0.0620,-0.0001
44.8001,0.0038,0.0037,0.0544,0.0046,0.0000,0.0045,0.0000,0.0633,-0.0003
44.9001,0.0038,0.0037,0.0544,0.0041,0.0000,0.0042,0.0000,0.0632,-0.0004
45.0002,0.0038,0.0037,0.0544,0.0039,0.0000,0.0035,0.0000,0.0657,-0.0005
45.1002,0.0038,0.0037,0.0545,0.0032,0.0000,0.0032,0.0000,0.0640,-0.0006
45.2002,0.0038,0.0037,0.0545,0.0042,0.0000,0.0041,0.0000,0.0644,-0.0008
45.3031,0.0038,0.0037,0.0545,0.0031,0.0000,0.0030,0.0000,0.0632,-0.0009
45.4002,0.0038,0.0037,0.0545,0.0039,0.0000,0.0038,0.0000,0.0636,-0.0010
45.5030,0.0038,0.0037,0.0546,0.0015,0.0000,0.0013,0.0000,0.0587,-0.0009
45.6109,0.0038,0.0037,0.0546,0.0004,-0.0000,0.0003,0.0000,0.0534,-0.0009
45.7001,0.0038,0.0037,0.0545,0.0002,-0.0000,0.0001,0.0000,0.0506,-0.0009
45.8002,0.0037,0.0037,0.0545,0.0000,-0.0000,0.0000,0.0000,0.0464,-0.0008
45.9001,0.0037,0.0037,0.0545,0.0000,-0.0000,0.0000,0.0000,0.0404,-0.0005
46.0038,0.0037,0.0037,0.0545,0.0000,-0.0000,0.0000,0.0000,0.0346,-0.0001
46.1002,0.0037,0.0037,0.0544,0.0000,-0.0000,0.0000,0.0000,0.0318,0.0002
46.2001,0.0037,0.0037,0.0544,0.0000,-0.0000,0.0000,0.0000,0.0245,0.0010
46.3001,0.0037,0.0037,0.0543,0.0000,-0.0000,0.0000,0.0000,0.0232,0.0010
46.4001,0.0037,0.0037,0.0543,0.0000,-0.0000,0.0000,0.0000,0.0208,0.0015
46.5001,0.0037,0.0037,0.0542,0.0000,-0.0000,0.0000,0.0000,0.0197,0.0016
46.6031,0.0037,0.0037,0.0541,0.0000,-0.0000,0.0000,0.0000,0.0181,0.0021
46.7001,0.0037,0.0037,0.0541,0.0000,0.0000,0.0000,0.0000,0.0177,0.0023
46.8001,0.0037,0.0037,0.0540,0.0000,-0.0000,0.0000,0.0000,0.0167,0.0028
46.9001,0.0037,0.0037,0.0540,0.0000,-0.0000,0.0000,0.0000,0.0160,0.0031
47.0002,0.0037,0.0037,0.0539,0.0000,-0.0000,0.0000,0.0000,0.0162,0.0028
47.1032,0.0037,0.0037,0.0539,0.0000,0.0000,0.0000,0.0000,0.0155,0.0030
47.2001,0.0037,0.0037,0.0538,0.0000,0.0000,0.0000,0.0000,0.0147,0.0032
47.3001,0.0037,0.0037,0.0537,0.0000,-0.0000,0.0000,-0.0000,0.0136,0.0041
47.4001,0.0037,0.0037,0.0537,0.0000,-0.0000,0.0000,-0.0000,0.0129,0.0049
47.5002,0.0037,0.0036,0.0536,0.0000,0.0000,0.0000,0.0000,0.0127,0.0060
47.6001,0.0037,0.0036,0.0536,-0.0000,0.0000,-0.0000,0.0000,0.0127,0.0071
47.7001,0.0037,0.0036,0.0535,-0.0000,0.0000,-0.0000,0.0000,0.0137,0.0081
47.8001,0.0037,0.0036,0.0535,-0.0000,0.0000,-0.0000,0.0000,0.0151,0.0105
47.9001,0.0037,0.0036,0.0534,0.0000,-0.0000,0.0000,-0.0000,0.0170,0.0131
48.0001,0.0037,0.0036,0.0534,0.0000,-0.0000,0.0000,-0.0000,0.0198,0.0154
48.1002,0.0037,0.0036,0.0533,-0.0000,0.0000,-0.0000,0.0000,0.0231,0.0174
48.2003,0.0036,0.0036,0.0533,-0.0000,0.0000,-0.0000,0.0000,0.0260,0.0180
48.3001,0.0036,0.0036,0.0533,-0.0000,0.0000,-0.0000,0.0000,0.0291,0.0194
48.4001,0.0036,0.0036,0.0532,0.0000,-0.0000,0.0000,-0.0000,0.0323,0.0200
48.5002,0.0036,0.0036,0.0532,0.0000,-0.0000,0.0000,-0.0000,0.0342,0.0213
48.6001,0.0036,0.0036,0.0532,-0.0000,0.0000,-0.0000,0.0000,0.0367,0.0214
48.7001,0.0036,0.0036,0.0532,-0.0000,0.0000,-0.0000,0.0000,0.0386,0.0211
48.8001,0.0036,0.0036,0.0531,-0.0000,0.0000,-0.0000,0.0000,0.0391,0.0215
48.9003,0.0036,0.0036,0.0531,0.0000,-0.0000,0.0000,-0.0000,0.0398,0.0212
49.0001,0.0036,0.0036,0.0531,0.0000,-0.0000,0.0000,-0.0000,0.0394,0.0219
49.1002,0.0036,0.0036,0.0531,-0.0000,0.0000,-0.0000,0.0000,0.0397,0.0213
49.2001,0.0036,0.0036,0.0531,-0.0000,0.0000,-0.0000,0.0000,0.0398,0.0210
49.3001,0.0036,0.0036,0.0531,-0.0000,0.0000,-0.0000,0.0000,0.0408,0.0189
49.4020,0.0036,0.0036,0.0530,0.0000,-0.0000,0.0000,-0.0000,0.0401,0.0207
49.5001,0.0036,0.0036,0.0530,0.0000,-0.0000,0.0000,-0.0000,0.0396,0.0226
49.6001,0.0036,0.0036,0.0530,-0.0000,0.0000,-0.0000,0.0000,0.0392,0.0242
49.7002,0.0036,0.0036,0.0530,-0.0000,0.0000,-0.0000,0.0000,0.0396,0.0250
49.8001,0.0036,0.0036,0.0530,0.0000,-0.0000,0.0000,-0.0000,0.0416,0.0236
49.9001,0.0036,0.0035,0.0530,0.0000,-0.0000,0.0000,-0.0000,0.0446,0.0217
50.0001,0.0036,0.0035,0.0530,-0.0000,0.0000,-0.0000,0.0000,0.0477,0.0191
50.1001,0.0036,0.0035,0.0530,-0.0000,0.0000,-0.0000,0.0000,0.0561,0.0110
50.2001,0.0036,0.0035,0.0530,-0.0000,-0.0000,-0.0000,-0.0000,0.0625,0.0043
50.3002,0.0036,0.0035,0.0530,0.0000,-0.0000,0.0000,-0.0000,0.0664,0.0001
50.4001,0.0036,0.0035,0.0531,0.0000,0.0000,0.0000,0.0000,0.0713,-0.0054
50.5037,0.0036,0.0035,0.0531,0.0000,0.0000,0.0000,0.0000,0.0749,-0.0089
50.6001,0.0036,0.0035,0.0532,0.0000,0.0000,0.0000,0.0000,0.0772,-0.0111
50.7001,0.0035,0.0035,0.0533,0.0000,-0.0000,0.0000,-0.0000,0.0783,-0.0124
50.8002,0.0035,0.0035,0.0534,0.0000,-0.0000,0.0000,-0.0000,0.0794,-0.0127
50.9003,0.0035,0.0035,0.0534,0.0000,0.0000,0.0000,0.0000,0.0800,-0.0138
51.0045,0.0035,0.0035,0.0535,0.0000,0.0000,0.0000,0.0000,0.0803,-0.0121
51.1022,0.0035,0.0035,0.0536,0.0000,-0.0000,0.0000,-0.0000,0.0807,-0.0121
51.2001,0.0035,0.0035,0.0537,0.0000,-0.0000,0.0000,-0.0000,0.0809,-0.0094
51.3001,0.0035,0.0035,0.0537,0.0000,0.0000,0.0000,0.0000,0.0816,-0.0087
51.4001,0.0035,0.0035,0.0538,0.0000,0.0000,0.0000,0.0000,0.0824,-0.0097
51.5031,0.0035,0.0035,0.0539,0.0000,0.0000,0.0000,0.0000,0.0833,-0.0097
51.6001,0.0035,0.0035,0.0540,0.0000,-0.0000,0.0000,-0.0000,0.0840,-0.0118
51.7001,0.0035,0.0035,0.0541,0.0000,0.0000,0.0000,0.0000,0.0846,-0.0156
51.8001,0.0035,0.0035,0.0541,0.0000,0.0000,0.0000,0.0000,0.0851,-0.0163
51.9002,0.0035,0.0035,0.0542,0.0000,0.0000,0.0000,0.0000,0.0857,-0.0162
52.0002,0.0035,0.0035,0.0543,0.0000,-0.0000,0.0000,-0.0000,0.0860,-0.0148
52.1001,0.0035,0.0035,0.0544,0.0000,0.0000,0.0000,0.0000,0.0861,-0.0136
52.2001,0.0035,0.0035,0.0545,0.0000,0.0000,0.0000,0.0000,0.0857,-0.0135
52.3008,0.0035,0.0035,0.0546,0.0000,-0.0000,0.0000,-0.0000,0.0859,-0.0115
52.4000,0.0035,0.0035,0.0547,-0.0000,0.0000,-0.0000,0.0000,0.0861,-0.0106
52.5001,0.0035,0.0035,0.0547,0.0000,-0.0053,0.0000,-0.0053,0.0834,-0.0190
52.6002,0.0035,0.0035,0.0548,0.0000,-0.0058,0.0000,-0.0057,0.0801,-0.0273
52.7002,0.0035,0.0035,0.0549,0.0000,-0.0037,0.0000,-0.0037,0.0777,-0.0286
52.8001,0.0035,0.0035,0.0550,0.0000,-0.0016,0.0000,-0.0015,0.0753,-0.0293
52.9001,0.0035,0.0035,0.0550,0.0001,-0.0058,0.0001,-0.0057,0.0722,-0.0372
53.0001,0.0035,0.0035,0.0551,0.0000,-0.0035,0.0000,-0.0034,0.0703,-0.0378
53.1002,0.0035,0.0035,0.0552,0.0000,-0.0041,0.0000,-0.0041,0.0684,-0.0395
53.2002,0.0035,0.0035,0.0552,0.0000,-0.0047,0.0000,-0.0046,0.0669,-0.0420
53.3001,0.0035,0.0035,0.0553,0.0000,-0.0045,0.0000,-0.0046,0.0650,-0.0446
53.4001,0.0035,0.0035,0.0553,0.0000,-0.0042,0.0000,-0.0042,0.0628,-0.0489
53.5001,0.0035,0.0035,0.0554,0.0000,-0.0043,0.0000,-0.0041,0.0610,-0.0526
53.6072,0.0035,0.0035,0.0555,0.0000,-0.0043,0.0000,-0.0042,0.0598,-0.0549
53.7001,0.0035,0.0035,0.0555,0.0000,-0.0034,0.0000,-0.0032,0.0579,-0.0575
53.8001,0.0035,0.0035,0.0556,0.0000,-0.0034,0.0000,-0.0036,0.0567,-0.0603
53.9001,0.0035,0.0035,0.0557,0.0000,-0.0040,0.0000,-0.0041,0.0549,-0.0656
54.0001,0.0035,0.0035,0.0557,0.0000,-0.0044,0.0000,-0.0045,0.0531,-0.0717
54.1002,0.0035,0.0035,0.0558,0.0000,-0.0040,0.0000,-0.0039,0.0519,-0.0743
54.2002,0.0035,0.0035,0.0559,0.0000,-0.0041,0.0000,-0.0040,0.0506,-0.0784
54.3001,0.0035,0.0035,0.0560,0.0000,-0.0041,0.0000,-0.0041,0.0497,-0.0798
54.4001,0.0035,0.0035,0.0562,0.0000,-0.0048,0.0000,-0.0045,0.0488,-0.0841
54.5036,0.0035,0.0035,0.0563,0.0000,-0.0044,0.0000,-0.0041,0.0480,-0.0859
54.6001,0.0035,0.0035,0.0564,0.0000,-0.0054,0.0000,-0.0054,0.0472,-0.0882
54.7002,0.0035,0.0035,0.0565,0.0001,-0.0057,0.0001,-0.0057,0.0469,-0.0890
54.8030,0.0035,0.0035,0.0566,0.0001,-0.0076,0.0001,-0.0075,0.0463,-0.0913
54.9037,0.0036,0.0035,0.0568,0.0001,-0.0070,0.0001,-0.0069,0.0463,-0.0891
55.0002,0.0036,0.0035,0.0569,0.0001,-0.0056,0.0001,-0.0057,0.0460,-0.0900
55.1001,0.0036,0.0035,0.0570,0.0000,-0.0048,0.0000,-0.0048,0.0462,-0.0863
55.2117,0.0036,0.0035,0.0571,0.0000,-0.0036,0.0000,-0.0036,0.0465,-0.0815
55.3001,0.0036,0.0035,0.0572,0.0000,-0.0049,0.0000,-0.0051,0.0463,-0.0831
55.4002,0.0036,0.0035,0.0573,0.0001,-0.0058,0.0001,-0.0055,0.0464,-0.0811
55.5002,0.0036,0.0035,0.0574,0.0001,-0.0057,0.0001,-0.0056,0.0465,-0.0811
55.6002,0.0036,0.0036,0.0574,0.0000,-0.0051,0.0000,-0.0049,0.0466,-0.0766
55.7004,0.0036,0.0036,0.0575,0.0000,-0.0048,0.0000,-0.0044,0.0468,-0.0791
55.8001,0.0036,0.0036,0.0576,0.0000,-0.0046,0.0000,-0.0046,0.0469,-0.0779
55.9001,0.0036,0.0036,0.0577,0.0001,-0.0065,0.0001,-0.0060,0.0467,-0.0801
56.0037,0.0036,0.0036,0.0578,0.0000,-0.0042,0.0000,-0.0048,0.0469,-0.0785
56.1001,0.0036,0.0036,0.0579,0.0000,-0.0043,0.0000,-0.0039,0.0469,-0.0784
56.2001,0.0036,0.0036,0.0579,0.0000,-0.0013,0.0000,-0.0049,0.0469,-0.0776
56.3037,0.0036,0.0036,0.0580,0.0000,-0.0044,0.0000,-0.0047,0.0469,-0.0777
56.4001,0.0036,0.0036,0.0581,0.0000,-0.0047,0.0000,-0.0049,0.0467,-0.0800
56.5006,0.0036,0.0036,0.0582,0.0000,-0.0044,0.0000,-0.0043,0.0467,-0.0787
56.6005,0.0036,0.0036,0.0583,0.0000,-0.0047,0.0000,-0.0047,0.0464,-0.0799
56.7008,0.0036,0.0036,0.0584,0.0001,-0.0055,0.0001,-0.0055,0.0463,-0.0805
56.8002,0.0036,0.0036,0.0584,0.0001,-0.0055,0.0000,-0.0052,0.0462,-0.0817
56.9002,0.0036,0.0036,0.0585,0.0000,-0.0051,0.0000,-0.0046,0.0460,-0.0807
57.0002,0.0036,0.0036,0.0586,0.0000,-0.0050,0.0000,-0.0051,0.0458,-0.0801
57.1037,0.0036,0.0036,0.0587,0.0000,-0.0050,0.0000,-0.0047,0.0457,-0.0807
57.2013,0.0036,0.0036,0.0588,0.0000,-0.0042,0.0000,-0.0044,0.0456,-0.0799
57.3001,0.0036,0.0036,0.0589,0.0000,-0.0048,0.0000,-0.0048,0.0453,-0.0813
57.4002,0.0036,0.0036,0.0589,0.0000,-0.0050,0.0000,-0.0050,0.0451,-0.0795
57.5002,0.0036,0.0036,0.0590,0.0000,-0.0046,0.0000,-0.0046,0.0450,-0.0782
57.6003,0.0036,0.0036,0.0591,0.0000,-0.0043,0.0000,-0.0045,0.0450,-0.0781
57.7001,0.0036,0.0036,0.0592,0.0001,-0.0056,0.0001,-0.0057,0.0449,-0.0804
57.8002,0.0036,0.0036,0.0592,0.0001,-0.0060,0.0001,-0.0058,0.0449,-0.0813
57.9014,0.0036,0.0036,0.0593,0.0001,-0.0064,0.0001,-0.0063,0.0450,-0.0793
58.0001,0.0037,0.0036,0.0594,0.0000,-0.0047,0.0000,-0.0049,0.0451,-0.0760
58.1001,0.0037,0.0036,0.0594,0.0000,-0.0035,0.0000,-0.0035,0.0452,-0.0729
58.2002,0.0037,0.0036,0.0595,0.0000,-0.0048,0.0000,-0.0048,0.0451,-0.0728
58.3002,0.0037,0.0036,0.0596,0.0000,-0.0047,0.0000,-0.0046,0.0451,-0.0748
58.4002,0.0037,0.0036,0.0596,0.0001,-0.0064,0.0001,-0.0066,0.0451,-0.0786
58.5003,0.0037,0.0036,0.0597,0.0000,-0.0038,0.0000,-0.0039,0.0452,-0.0759
58.6002,0.0037,0.0036,0.0598,0.0000,-0.0043,0.0000,-0.0044,0.0455,-0.0758
58.7002,0.0037,0.0036,0.0598,0.0001,-0.0058,0.0001,-0.0057,0.0456,-0.0777
58.8002,0.0037,0.0036,0.0599,0.0000,-0.0050,0.0000,-0.0047,0.0457,-0.0766
58.9001,0.0037,0.0036,0.0600,0.0000,-0.0048,0.0000,-0.0048,0.0458,-0.0758
59.0010,0.0037,0.0037,0.0600,0.0000,-0.0051,0.0000,-0.0048,0.0459,-0.0750
59.1002,0.0037,0.0037,0.0601,0.0001,-0.0055,0.0001,-0.0055,0.0459,-0.0737
59.2001,0.0037,0.0037,0.0601,0.0000,-0.0049,0.0000,-0.0048,0.0458,-0.0688
59.3002,0.0037,0.0037,0.0602,0.0001,-0.0058,0.0001,-0.0058,0.0458,-0.0701
59.4002,0.0037,0.0037,0.0602,0.0001,-0.0058,0.0001,-0.0058,0.0457,-0.0682
59.5001,0.0037,0.0037,0.0603,0.0000,-0.0034,0.0000,-0.0035,0.0455,-0.0645
59.6001,0.0037,0.0037,0.0603,0.0000,-0.0043,0.0000,-0.0045,0.0454,-0.0644
59.7002,0.0037,0.0037,0.0603,0.0000,-0.0042,0.0000,-0.0048,0.0452,-0.0641
59.8001,0.0037,0.0037,0.0604,0.0000,-0.0040,0.0000,-0.0038,0.0451,-0.0649
59.9001,0.0037,0.0037,0.0604,0.0000,-0.0035,0.0000,-0.0043,0.0449,-0.0632
60.0004,0.0037,0.0037,0.0604,0.0000,-0.0042,0.0000,-0.0041,0.0449,-0.0602
60.1033,0.0037,0.0037,0.0605,0.0000,-0.0028,0.0000,-0.0029,0.0446,-0.0603
60.2003,0.0037,0.0037,0.0605,0.0000,-0.0041,0.0000,-0.0038,0.0446,-0.0619
60.3001,0.0037,0.0037,0.0605,0.0000,-0.0053,0.0000,-0.0053,0.0442,-0.0650
60.4001,0.0037,0.0037,0.0606,0.0000,-0.0040,0.0000,-0.0035,0.0440,-0.0644
60.5001,0.0037,0.0037,0.0606,0.0000,-0.0034,0.0000,-0.0035,0.0437,-0.0646
60.6003,0.0037,0.0037,0.0606,0.0000,-0.0033,0.0000,-0.0034,0.0434,-0.0640
60.7006,0.0037,0.0037,0.0607,0.0000,-0.0031,0.0000,-0.0031,0.0433,-0.0627
60.8002,0.0037,0.0037,0.0607,0.0000,-0.0037,0.0000,-0.0040,0.0430,-0.0648
60.9001,0.0037,0.0037,0.0608,0.0000,-0.0040,0.0000,-0.0043,0.0427,-0.0669
61.0002,0.0037,0.0037,0.0608,0.0000,-0.0035,0.0000,-0.0033,0.0425,-0.0667
61.1001,0.0037,0.0037,0.0608,0.0000,-0.0044,0.0000,-0.0045,0.0422,-0.0670
61.2005,0.0037,0.0037,0.0609,0.0001,-0.0054,0.0000,-0.0051,0.0419,-0.0709
61.3001,0.0037,0.0037,0.0609,0.0000,-0.0052,0.0000,-0.0053,0.0417,-0.0692
61.4001,0.0037,0.0037,0.0609,0.0000,-0.0048,0.0000,-0.0047,0.0415,-0.0663
61.5001,0.0037,0.0037,0.0610,0.0000,-0.0041,0.0000,-0.0041,0.0413,-0.0638
61.6001,0.0037,0.0037,0.0610,0.0000,-0.0046,0.0000,-0.0047,0.0412,-0.0634
61.7002,0.0037,0.0037,0.0610,0.0000,-0.0046,0.0000,-0.0047,0.0410,-0.0647
61.8001,0.0037,0.0037,0.0611,0.0000,-0.0036,0.0000,-0.0036,0.0410,-0.0648
61.9036,0.0037,0.0037,0.0611,0.0000,-0.0034,0.0000,-0.0034,0.0408,-0.0649
62.0001,0.0037,0.0037,0.0611,0.0000,-0.0048,0.0000,-0.0048,0.0408,-0.0667
62.1002,0.0037,0.0037,0.0612,0.0000,-0.0009,0.0000,-0.0043,0.0405,-0.0656
62.2037,0.0037,0.0037,0.0612,0.0000,-0.0038,0.0000,-0.0035,0.0405,-0.0661
62.3003,0.0037,0.0037,0.0612,0.0000,-0.0036,0.0000,-0.0035,0.0404,-0.0672
62.4002,0.0037,0.0037,0.0613,0.0000,-0.0053,0.0000,-0.0047,0.0403,-0.0679
62.5001,0.0037,0.0037,0.0613,0.0000,-0.0032,0.0000,-0.0032,0.0403,-0.0660
62.6023,0.0037,0.0037,0.0613,0.0000,-0.0041,0.0000,-0.0042,0.0403,-0.0682
62.7002,0.0037,0.0037,0.0614,0.0000,-0.0052,0.0000,-0.0051,0.0403,-0.0725
62.8001,0.0037,0.0037,0.0614,0.0000,-0.0029,0.0000,-0.0029,0.0404,-0.0693
62.9001,0.0037,0.0037,0.0614,0.0000,-0.0049,0.0000,-0.0047,0.0404,-0.0702
63.0002,0.0037,0.0037,0.0615,0.0000,-0.0039,0.0000,-0.0039,0.0405,-0.0674
63.1001,0.0037,0.0037,0.0615,0.0000,-0.0041,0.0000,-0.0042,0.0405,-0.0675
63.2036,0.0037,0.0037,0.0615,0.0000,-0.0048,0.0000,-0.0047,0.0404,-0.0670
63.3001,0.0037,0.0037,0.0616,0.0000,-0.0041,0.0000,-0.0040,0.0403,-0.0653
63.4002,0.0037,0.0037,0.0616,0.0000,-0.0028,0.0000,-0.0028,0.0401,-0.0679
63.5001,0.0037,0.0037,0.0616,0.0000,-0.0035,0.0000,-0.0035,0.0399,-0.0675
63.6002,0.0037,0.0037,0.0617,0.0000,-0.0039,0.0000,-0.0039,0.0398,-0.0679
63.7002,0.0037,0.0037,0.0617,0.0000,-0.0040,0.0000,-0.0040,0.0396,-0.0687
63.8002,0.0037,0.0037,0.0617,0.0000,-0.0046,0.0000,-0.0045,0.0394,-0.0686
63.9001,0.0037,0.0037,0.0618,0.0000,-0.0039,0.0000,-0.0042,0.0393,-0.0672
64.0036,0.0037,0.0037,0.0618,0.0001,-0.0057,0.0000,-0.0052,0.0393,-0.0685
64.1001,0.0037,0.0037,0.0618,0.0000,-0.0042,0.0000,-0.0044,0.0390,-0.0666
64.2040,0.0037,0.0037,0.0618,0.0000,-0.0044,0.0000,-0.0047,0.0388,-0.0649
64.3002,0.0037,0.0037,0.0619,0.0000,-0.0045,0.0000,-0.0045,0.0386,-0.0641
64.4001,0.0037,0.0037,0.0619,0.0001,-0.0065,0.0001,-0.0064,0.0384,-0.0662
64.5002,0.0037,0.0037,0.0619,0.0001,-0.0064,0.0000,-0.0030,0.0382,-0.0634
64.6002,0.0037,0.0037,0.0619,0.0001,-0.0059,0.0001,-0.0058,0.0381,-0.0660
64.7010,0.0037,0.0037,0.0620,0.0000,-0.0045,0.0000,-0.0044,0.0377,-0.0620
64.8001,0.0037,0.0037,0.0620,0.0000,-0.0040,0.0000,-0.0040,0.0375,-0.0607
64.9001,0.0038,0.0037,0.0620,0.0000,-0.0048,0.0000,-0.0054,0.0375,-0.0615
65.0001,0.0038,0.0037,0.0620,0.0000,-0.0048,0.0000,-0.0047,0.0372,-0.0600
65.1012,0.0038,0.0037,0.0620,0.0000,-0.0015,0.0000,-0.0015,0.0370,-0.0536
65.2002,0.0037,0.0037,0.0620,0.0000,-0.0006,0.0000,-0.0006,0.0368,-0.0474
65.3001,0.0037,0.0037,0.0620,0.0000,-0.0002,0.0000,-0.0002,0.0370,-0.0409
65.4001,0.0037,0.0037,0.0620,0.0000,-0.0000,0.0000,-0.0000,0.0370,-0.0390
65.5002,0.0037,0.0037,0.0620,0.0000,-0.0000,0.0000,-0.0000,0.0374,-0.0368
65.6019,0.0037,0.0037,0.0620,0.0000,-0.0000,0.0000,-0.0000,0.0381,-0.0330
65.7002,0.0037,0.0037,0.0619,0.0000,-0.0000,0.0000,-0.0000,0.0384,-0.0308
65.8019,0.0037,0.0037,0.0619,0.0000,-0.0000,0.0000,-0.0000,0.0388,-0.0294
65.9001,0.0037,0.0037,0.0619,0.0000,-0.0000,0.0000,-0.0000,0.0394,-0.0276
66.0039,0.0037,0.0037,0.0619,0.0000,-0.0000,0.0000,-0.0000,0.0401,-0.0241
66.1001,0.0037,0.0037,0.0619,0.0000,-0.0000,0.0000,-0.0000,0.0409,-0.0212
66.2002,0.0037,0.0037,0.0618,0.0000,-0.0000,0.0000,-0.0000,0.0412,-0.0193
66.3001,0.0037,0.0037,0.0618,0.0000,-0.0000,0.0000,-0.0000,0.0417,-0.0167
66.4001,0.0037,0.0037,0.0618,0.0000,-0.0000,0.0000,-0.0000,0.0416,-0.0155
66.5003,0.0037,0.0037,0.0618,0.0000,-0.0000,0.0000,-0.0000,0.0413,-0.0150
66.6001,0.0037,0.0037,0.0617,0.0000,-0.0000,0.0000,-0.0000,0.0414,-0.0136
66.7008,0.0037,0.0037,0.0617,0.0000,-0.0000,0.0000,-0.0000,0.0415,-0.0116
66.8001,0.0037,0.0037,0.0617,0.0000,-0.0000,0.0000,-0.0000,0.0411,-0.0108
66.9001,0.0037,0.0037,0.0617,0.0000,-0.0000,0.0000,-0.0000,0.0409,-0.0089
67.0005,0.0037,0.0037,0.0616,0.0000,-0.0000,0.0000,-0.0000,0.0401,-0.0086
67.1085,0.0037,0.0037,0.0616,0.0000,-0.0000,0.0000,-0.0000,0.0383,-0.0095
67.2001,0.0037,0.0037,0.0616,0.0000,-0.0000,0.0000,-0.0000,0.0370,-0.0110
67.3002,0.0037,0.0037,0.0616,0.0000,-0.0000,0.0000,-0.0000,0.0373,-0.0103
67.4001,0.0037,0.0037,0.0615,0.0000,-0.0000,0.0000,-0.0000,0.0377,-0.0102
67.5002,0.0037,0.0037,0.0615,0.0000,-0.0000,0.0000,-0.0000,0.0388,-0.0094
67.6001,0.0037,0.0037,0.0615,0.0000,-0.0000,0.0000,-0.0000,0.0392,-0.0094
67.7001,0.0037,0.0036,0.0614,0.0000,-0.0000,0.0000,-0.0000,0.0389,-0.0109
67.8002,0.0037,0.0036,0.0614,-0.0000,-0.0000,-0.0000,-0.0000,0.0401,-0.0108
67.9008,0.0037,0.0036,0.0614,-0.0000,-0.0000,-0.0000,-0.0000,0.0409,-0.0101
68.0036,0.0037,0.0036,0.0614,-0.0000,-0.0000,-0.0000,-0.0000,0.0411,-0.0101
68.1001,0.0037,0.0036,0.0613,-0.0000,-0.0000,-0.0000,-0.0000,0.0410,-0.0102
68.2001,0.0037,0.0036,0.0613,-0.0000,-0.0000,-0.0000,-0.0000,0.0402,-0.0109
68.3001,0.0037,0.0036,0.0613,-0.0000,-0.0000,-0.0000,-0.0000,0.0393,-0.0114
68.4036,0.0037,0.0036,0.0613,-0.0000,-0.0000,-0.0000,-0.0000,0.0391,-0.0114
68.5001,0.0037,0.0036,0.0612,-0.0000,-0.0000,-0.0000,-0.0000,0.0386,-0.0118
68.6001,0.0036,0.0036,0.0612,-0.0000,-0.0000,-0.0000,-0.0000,0.0378,-0.0126
68.7003,0.0036,0.0036,0.0612,-0.0000,-0.0000,-0.0000,-0.0000,0.0369,-0.0133
68.8001,0.0036,0.0036,0.0612,-0.0000,-0.0000,-0.0000,-0.0000,0.0377,-0.0129
68.9002,0.0036,0.0036,0.0611,-0.0000,-0.0000,-0.0000,-0.0000,0.0393,-0.0117
69.0001,0.0036,0.0036,0.0611,-0.0000,-0.0000,-0.0000,-0.0000,0.0428,-0.0085
69.1001,0.0036,0.0036,0.0611,-0.0000,-0.0000,-0.0000,-0.0000,0.0486,-0.0032
69.2002,0.0036,0.0036,0.0611,-0.0000,-0.0000,-0.0000,-0.0000,0.0532,0.0013
69.3002,0.0036,0.0036,0.0611,-0.0000,-0.0000,-0.0000,-0.0000,0.0552,0.0055
69.4001,0.0036,0.0036,0.0611,-0.0000,-0.0000,-0.0000,-0.0000,0.0564,0.0087
69.5005,0.0036,0.0036,0.0611,-0.0000,-0.0000,-0.0000,-0.0000,0.0555,0.0095
69.6002,0.0036,0.0036,0.0610,-0.0000,-0.0000,-0.0000,-0.0000,0.0525,0.0093
69.7024,0.0036,0.0036,0.0610,-0.0000,-0.0000,-0.0000,-0.0000,0.0476,0.0078
69.8001,0.0036,0.0036,0.0610,-0.0000,-0.0000,-0.0000,-0.0000,0.0444,0.0068
69.9001,0.0036,0.0036,0.0610,-0.0000,-0.0000,-0.0000,-0.0000,0.0445,0.0067
70.0001,0.0036,0.0036,0.0610,-0.0000,-0.0000,-0.0000,-0.0000,0.0421,0.0060
70.1001,0.0036,0.0036,0.0609,-0.0000,-0.0000,-0.0000,-0.0000,0.0424,0.0066
70.2001,0.0036,0.0036,0.0609,-0.0000,-0.0000,-0.0000,-0.0000,0.0453,0.0081
70.3001,0.0036,0.0036,0.0609,-0.0000,-0.0000,-0.0000,-0.0000,0.0489,0.0095
70.4002,0.0036,0.0036,0.0609,-0.0000,-0.0000,-0.0000,-0.0000,0.0506,0.0111
70.5076,0.0036,0.0036,0.0609,-0.0000,-0.0000,-0.0000,-0.0000,0.0555,0.0134
70.6001,0.0036,0.0036,0.0609,-0.0000,-0.0000,-0.0000,-0.0000,0.0586,0.0149
70.7002,0.0036,0.0036,0.0609,-0.0000,-0.0000,-0.0000,-0.0000,0.0615,0.0167
70.8005,0.0036,0.0036,0.0609,-0.0000,-0.0000,-0.0000,-0.0000,0.0614,0.0175
70.9001,0.0036,0.0036,0.0609,-0.0000,-0.0000,-0.0000,-0.0000,0.0606,0.0186
71.0002,0.0036,0.0036,0.0609,-0.0000,-0.0000,-0.0000,-0.0000,0.0594,0.0192
71.1001,0.0036,0.0036,0.0609,-0.0000,-0.0000,-0.0000,-0.0000,0.0581,0.0198
71.2001,0.0036,0.0036,0.0609,-0.0000,-0.0000,-0.0000,-0.0000,0.0555,0.0203
71.3022,0.0036,0.0036,0.0609,-0.0000,-0.0000,-0.0000,-0.0000,0.0554,0.0208
71.4002,0.0036,0.0035,0.0609,-0.0000,-0.0000,-0.0000,-0.0000,0.0564,0.0212
71.5001,0.0036,0.0035,0.0609,-0.0000,-0.0000,-0.0000,-0.0000,0.0565,0.0215
71.6002,0.0036,0.0035,0.0609,-0.0000,-0.0000,-0.0000,-0.0000,0.0562,0.0218
71.7003,0.0036,0.0035,0.0609,-0.0000,-0.0000,-0.0000,-0.0000,0.0568,0.0220
71.8001,0.0036,0.0035,0.0609,-0.0000,-0.0000,-0.0000,-0.0000,0.0572,0.0221
71.9001,0.0036,0.0035,0.0609,-0.0000,-0.0000,-0.0000,-0.0000,0.0589,0.0221
72.0002,0.0036,0.0035,0.0609,-0.0000,-0.0000,-0.0000,-0.0000,0.0603,0.0220
72.1001,0.0036,0.0035,0.0609,-0.0000,-0.0000,-0.0000,-0.0000,0.0612,0.0222
72.2036,0.0036,0.0035,0.0609,-0.0000,-0.0000,-0.0000,-0.0000,0.0618,0.0223
72.3002,0.0035,0.0035,0.0609,-0.0000,-0.0000,-0.0000,-0.0000,0.0613,0.0226
72.4002,0.0035,0.0035,0.0609,-0.0000,-0.0000,-0.0000,-0.0000,0.0584,0.0238
72.5001,0.0035,0.0035,0.0609,-0.0000,-0.0000,-0.0000,-0.0000,0.0563,0.0242
72.6001,0.0035,0.0035,0.0609,-0.0000,-0.0000,-0.0000,-0.0000,0.0537,0.0246
72.7001,0.0035,0.0035,0.0609,0.0000,0.0000,0.0000,0.0000,0.0527,0.0239
72.8001,0.0035,0.0035,0.0609,-0.0053,-0.0000,-0.0051,-0.0000,0.0430,0.0286
72.9001,0.0035,0.0035,0.0609,-0.0060,-0.0001,-0.0063,-0.0001,0.0344,0.0339
73.0020,0.0036,0.0035,0.0609,-0.0060,-0.0001,-0.0057,-0.0001,0.0302,0.0389
73.1002,0.0036,0.0035,0.0609,-0.0045,-0.0000,-0.0045,-0.0000,0.0285,0.0434
73.2002,0.0036,0.0035,0.0608,-0.0055,-0.0001,-0.0056,-0.0001,0.0240,0.0478
73.3001,0.0036,0.0035,0.0608,-0.0052,-0.0001,-0.0049,-0.0001,0.0209,0.0522
73.4001,0.0036,0.0035,0.0608,-0.0033,-0.0000,-0.0033,-0.0000,0.0210,0.0549
73.5002,0.0036,0.0035,0.0608,-0.0047,-0.0000,-0.0047,-0.0000,0.0180,0.0580
73.6027,0.0036,0.0035,0.0608,-0.0029,-0.0000,-0.0031,-0.0000,0.0204,0.0601
73.7001,0.0036,0.0035,0.0609,-0.0057,-0.0001,-0.0056,-0.0001,0.0179,0.0640
73.8002,0.0036,0.0035,0.0609,-0.0062,-0.0001,-0.0068,-0.0001,0.0174,0.0661
73.9076,0.0036,0.0035,0.0609,-0.0055,-0.0001,-0.0053,-0.0001,0.0138,0.0699
74.0001,0.0036,0.0036,0.0609,-0.0054,-0.0001,-0.0050,-0.0001,0.0108,0.0727
74.1001,0.0036,0.0036,0.0609,-0.0057,-0.0001,-0.0057,-0.0001,0.0048,0.0770
74.2001,0.0036,0.0036,0.0610,-0.0058,-0.0001,-0.0058,-0.0001,0.0063,0.0789
74.3001,0.0036,0.0036,0.0610,-0.0057,-0.0001,-0.0055,-0.0001,-0.0037,0.0830
74.4001,0.0036,0.0036,0.0610,-0.0049,-0.0001,-0.0047,-0.0000,-0.0088,0.0863
74.5001,0.0036,0.0036,0.0611,-0.0045,-0.0000,-0.0049,-0.0001,-0.0119,0.0888
74.6004,0.0036,0.0036,0.0611,-0.0042,-0.0000,-0.0044,-0.0000,-0.0160,0.0914
74.7001,0.0036,0.0036,0.0612,-0.0047,-0.0000,-0.0046,-0.0000,-0.0234,0.0947
74.8001,0.0036,0.0036,0.0613,-0.0049,-0.0001,-0.0050,-0.0001,-0.0275,0.0965
74.9001,0.0036,0.0036,0.0614,-0.0045,-0.0000,-0.0044,-0.0000,-0.0321,0.0989
75.0001,0.0036,0.0036,0.0615,-0.0046,-0.0000,-0.0045,-0.0000,-0.0364,0.1009
75.1001,0.0036,0.0036,0.0615,-0.0035,-0.0000,-0.0035,-0.0000,-0.0391,0.1025
75.2001,0.0036,0.0036,0.0616,-0.0046,-0.0000,-0.0045,-0.0000,-0.0412,0.1038
75.3002,0.0036,0.0036,0.0617,-0.0044,-0.0000,-0.0046,-0.0000,-0.0441,0.1053
75.4001,0.0036,0.0036,0.0619,-0.0042,-0.0000,-0.0039,-0.0000,-0.0467,0.1065
75.5001,0.0036,0.0036,0.0620,-0.0045,-0.0000,-0.0045,-0.0000,-0.0505,0.1074
75.6001,0.0036,0.0036,0.0621,-0.0045,-0.0000,-0.0044,-0.0000,-0.0515,0.1079
75.7001,0.0036,0.0036,0.0622,-0.0042,-0.0000,-0.0041,-0.0000,-0.0517,0.1082
75.8001,0.0036,0.0036,0.0623,-0.0036,-0.0000,-0.0036,-0.0000,-0.0524,0.1084
75.9001,0.0036,0.0036,0.0624,-0.0040,-0.0000,-0.0044,-0.0000,-0.0545,0.1087
76.0001,0.0036,0.0036,0.0626,-0.0042,-0.0000,-0.0041,-0.0000,-0.0582,0.1091
76.1036,0.0036,0.0036,0.0627,-0.0041,-0.0000,-0.0042,-0.0000,-0.0556,0.1092
76.2001,0.0036,0.0036,0.0628,-0.0033,-0.0000,-0.0033,-0.0000,-0.0593,0.1092
76.3001,0.0036,0.0036,0.0630,-0.0040,-0.0000,-0.0041,-0.0000,-0.0624,0.1094
76.4002,0.0036,0.0036,0.0631,-0.0056,-0.0001,-0.0019,-0.0000,-0.0609,0.1095
76.5001,0.0036,0.0036,0.0632,-0.0047,-0.0000,-0.0047,-0.0000,-0.0667,0.1097
76.6036,0.0036,0.0036,0.0634,-0.0051,-0.0001,-0.0050,-0.0001,-0.0680,0.1097
76.7001,0.0036,0.0036,0.0635,-0.0060,-0.0001,-0.0055,-0.0001,-0.0689,0.1097
76.8001,0.0036,0.0036,0.0636,-0.0055,-0.0001,-0.0052,-0.0001,-0.0710,0.1098
76.9002,0.0036,0.0036,0.0638,-0.0049,-0.0001,-0.0049,-0.0001,-0.0703,0.1097
77.0002,0.0036,0.0036,0.0639,-0.0005,-0.0000,-0.0041,-0.0000,-0.0650,0.1094
77.1002,0.0036,0.0036,0.0640,-0.0050,-0.0001,-0.0051,-0.0001,-0.0693,0.1090
77.2002,0.0036,0.0036,0.0642,-0.0044,-0.0000,-0.0046,-0.0000,-0.0704,0.1087
77.3030,0.0036,0.0036,0.0643,-0.0052,-0.0001,-0.0051,-0.0001,-0.0708,0.1084
77.4009,0.0036,0.0036,0.0644,-0.0045,-0.0000,-0.0043,-0.0000,-0.0693,0.1078
77.5001,0.0036,0.0036,0.0646,-0.0011,-0.0000,-0.0055,-0.0001,-0.0690,0.1071
77.6078,0.0036,0.0036,0.0647,-0.0046,-0.0000,-0.0047,-0.0000,-0.0679,0.1066
77.7008,0.0036,0.0036,0.0648,-0.0046,-0.0000,-0.0047,-0.0000,-0.0677,0.1058
77.8002,0.0036,0.0036,0.0649,-0.0048,-0.0000,-0.0047,-0.0000,-0.0656,0.1053
77.9001,0.0036,0.0036,0.0650,-0.0010,-0.0000,-0.0009,-0.0000,-0.0636,0.1045
78.0001,0.0036,0.0036,0.0651,-0.0032,-0.0000,-0.0031,-0.0000,-0.0641,0.1036
78.1001,0.0036,0.0036,0.0653,-0.0050,-0.0001,-0.0049,-0.0001,-0.0644,0.1027
78.2001,0.0036,0.0036,0.0654,-0.0043,-0.0000,-0.0042,-0.0000,-0.0626,0.1019
78.3001,0.0036,0.0036,0.0655,-0.0048,-0.0000,-0.0047,-0.0000,-0.0628,0.1013
78.4001,0.0036,0.0036,0.0656,-0.0042,-0.0000,-0.0042,-0.0000,-0.0625,0.1007
78.5001,0.0036,0.0036,0.0657,-0.0044,-0.0000,-0.0044,-0.0000,-0.0620,0.0999
78.6002,0.0036,0.0036,0.0658,-0.0051,-0.0001,-0.0051,-0.0001,-0.0645,0.0994
78.7036,0.0036,0.0036,0.0659,-0.0063,-0.0001,-0.0064,-0.0001,-0.0685,0.0987
78.8001,0.0036,0.0036,0.0660,-0.0036,-0.0000,-0.0036,-0.0000,-0.0646,0.0980
78.9006,0.0036,0.0036,0.0661,-0.0047,-0.0000,-0.0047,-0.0000,-0.0660,0.0977
79.0001,0.0036,0.0036,0.0661,-0.0046,-0.0000,-0.0045,-0.0000,-0.0669,0.0972
79.1001,0.0036,0.0036,0.0662,-0.0040,-0.0000,-0.0039,-0.0000,-0.0644,0.0967
79.2044,0.0036,0.0036,0.0663,-0.0043,-0.0000,-0.0039,-0.0000,-0.0626,0.0964
79.3002,0.0036,0.0036,0.0664,-0.0031,-0.0000,-0.0032,-0.0000,-0.0615,0.0962
79.4001,0.0037,0.0036,0.0665,-0.0047,-0.0000,-0.0047,-0.0000,-0.0631,0.0959
79.5001,0.0037,0.0036,0.0666,-0.0034,-0.0000,-0.0034,-0.0000,-0.0616,0.0956
79.6002,0.0037,0.0036,0.0667,-0.0051,-0.0001,-0.0051,-0.0001,-0.0633,0.0955
79.7001,0.0037,0.0036,0.0668,-0.0038,-0.0000,-0.0038,-0.0000,-0.0637,0.0953
79.8002,0.0037,0.0036,0.0668,-0.0018,-0.0000,-0.0046,-0.0000,-0.0659,0.0950
79.9078,0.0037,0.0036,0.0669,-0.0037,-0.0000,-0.0037,-0.0000,-0.0655,0.0947
80.0001,0.0037,0.0036,0.0670,-0.0039,-0.0000,-0.0039,-0.0000,-0.0621,0.0945
80.1001,0.0037,0.0036,0.0671,-0.0041,-0.0000,-0.0041,-0.0000,-0.0649,0.0942
80.2004,0.0037,0.0036,0.0672,-0.0044,-0.0000,-0.0044,-0.0000,-0.0658,0.0938
80.3003,0.0037,0.0036,0.0673,-0.0030,-0.0000,-0.0030,-0.0000,-0.0624,0.0935
80.4001,0.0037,0.0036,0.0673,-0.0048,-0.0000,-0.0048,-0.0000,-0.0654,0.0931
80.5001,0.0037,0.0036,0.0674,-0.0044,-0.0000,-0.0043,-0.0000,-0.0641,0.0927
80.6004,0.0037,0.0036,0.0675,-0.0039,-0.0000,-0.0039,-0.0000,-0.0639,0.0923
80.7001,0.0037,0.0036,0.0676,-0.0036,-0.0000,-0.0035,-0.0000,-0.0637,0.0918
80.8002,0.0037,0.0036,0.0676,-0.0039,-0.0000,-0.0041,-0.0000,-0.0639,0.0914
80.9036,0.0037,0.0036,0.0677,-0.0051,-0.0001,-0.0045,-0.0000,-0.0663,0.0911
81.0001,0.0037,0.0036,0.0678,-0.0037,-0.0000,-0.0038,-0.0000,-0.0661,0.0907
81.1003,0.0037,0.0036,0.0679,-0.0043,-0.0000,-0.0042,-0.0000,-0.0689,0.0901
81.2001,0.0037,0.0036,0.0680,-0.0026,-0.0000,-0.0029,-0.0000,-0.0666,0.0897
81.3003,0.0037,0.0036,0.0680,-0.0035,-0.0000,-0.0035,-0.0000,-0.0662,0.0892
81.4002,0.0037,0.0036,0.0681,-0.0039,-0.0000,-0.0037,-0.0000,-0.0645,0.0888
81.5002,0.0037,0.0036,0.0682,-0.0028,-0.0000,-0.0028,-0.0000,-0.0621,0.0886
81.6027,0.0037,0.0036,0.0682,-0.0055,-0.0001,-0.0055,-0.0001,-0.0683,0.0881
81.7001,0.0037,0.0036,0.0683,-0.0041,-0.0000,-0.0046,-0.0000,-0.0630,0.0878
81.8001,0.0037,0.0036,0.0684,-0.0047,-0.0000,-0.0046,-0.0000,-0.0617,0.0876
81.9001,0.0037,0.0036,0.0684,-0.0044,-0.0000,-0.0044,-0.0000,-0.0625,0.0872
82.0001,0.0037,0.0036,0.0685,-0.0038,-0.0000,-0.0036,-0.0000,-0.0605,0.0869
82.1002,0.0037,0.0036,0.0686,-0.0053,-0.0001,-0.0053,-0.0001,-0.0643,0.0865
82.2003,0.0037,0.0036,0.0686,-0.0043,-0.0000,-0.0043,-0.0000,-0.0635,0.0860
82.3001,0.0037,0.0037,0.0687,-0.0055,-0.0001,-0.0054,-0.0001,-0.0644,0.0856
82.4001,0.0037,0.0037,0.0687,-0.0043,-0.0000,-0.0043,-0.0000,-0.0634,0.0851
82.5001,0.0037,0.0037,0.0688,-0.0043,-0.0000,-0.0043,-0.0000,-0.0617,0.0846
82.6001,0.0037,0.0037,0.0689,-0.0056,-0.0001,-0.0056,-0.0001,-0.0629,0.0840
82.7002,0.0037,0.0037,0.0689,-0.0052,-0.0001,-0.0048,-0.0001,-0.0653,0.0836
82.8001,0.0037,0.0037,0.0690,-0.0044,-0.0000,-0.0046,-0.0000,-0.0645,0.0831
82.9003,0.0037,0.0037,0.0690,-0.0013,-0.0000,-0.0045,-0.0000,-0.0633,0.0826
83.0001,0.0037,0.0037,0.0691,-0.0039,-0.0000,-0.0040,-0.0000,-0.0635,0.0823
83.1001,0.0037,0.0037,0.0691,-0.0049,-0.0001,-0.0049,-0.0001,-0.0662,0.0818
83.2012,0.0037,0.0037,0.0692,-0.0040,-0.0000,-0.0040,-0.0000,-0.0646,0.0813
83.3002,0.0037,0.0037,0.0693,-0.0042,-0.0000,-0.0042,-0.0000,-0.0632,0.0811
83.4004,0.0037,0.0037,0.0693,-0.0042,-0.0000,-0.0042,-0.0000,-0.0615,0.0806
83.5037,0.0037,0.0037,0.0694,-0.0038,-0.0000,-0.0037,-0.0000,-0.0604,0.0803
83.6017,0.0037,0.0037,0.0694,-0.0031,-0.0000,-0.0031,-0.0000,-0.0601,0.0799
83.7002,0.0037,0.0037,0.0694,-0.0040,-0.0000,-0.0040,-0.0000,-0.0590,0.0795
83.8001,0.0037,0.0037,0.0695,-0.0049,-0.0001,-0.0047,-0.0000,-0.0570,0.0792
83.9004,0.0037,0.0037,0.0695,-0.0036,-0.0000,-0.0037,-0.0000,-0.0584,0.0787
84.0036,0.0037,0.0037,0.0696,-0.0035,-0.0000,-0.0035,-0.0000,-0.0574,0.0785
84.1002,0.0037,0.0037,0.0696,-0.0049,-0.0001,-0.0049,-0.0001,-0.0610,0.0783
84.2001,0.0037,0.0037,0.0697,-0.0044,-0.0000,-0.0043,-0.0000,-0.0621,0.0781
84.3013,0.0037,0.0037,0.0697,-0.0043,-0.0000,-0.0042,-0.0000,-0.0633,0.0779
84.4003,0.0037,0.0037,0.0698,-0.0034,-0.0000,-0.0032,-0.0000,-0.0622,0.0779
84.5003,0.0037,0.0037,0.0698,-0.0051,-0.0001,-0.0051,-0.0001,-0.0632,0.0779
84.6001,0.0037,0.0037,0.0698,-0.0049,-0.0001,-0.0051,-0.0001,-0.0640,0.0777
84.7001,0.0037,0.0037,0.0699,-0.0036,-0.0000,-0.0035,-0.0000,-0.0630,0.0775
84.8001,0.0037,0.0037,0.0699,-0.0039,-0.0000,-0.0038,-0.0000,-0.0594,0.0773
84.9002,0.0037,0.0037,0.0700,-0.0041,-0.0000,-0.0041,-0.0000,-0.0592,0.0769
85.0001,0.0037,0.0037,0.0700,-0.0035,-0.0000,-0.0035,-0.0000,-0.0580,0.0767
85.1002,0.0037,0.0037,0.0700,-0.0035,-0.0000,-0.0037,-0.0000,-0.0588,0.0764
85.2001,0.0037,0.0037,0.0701,-0.0082,-0.0001,-0.0081,-0.0001,-0.0646,0.0761
85.3002,0.0037,0.0037,0.0701,-0.0159,-0.0002,-0.0162,-0.0002,-0.0719,0.0758
85.4002,0.0038,0.0038,0.0702,-0.0220,-0.0002,-0.0220,-0.0002,-0.0786,0.0754
85.5007,0.0039,0.0039,0.0703,-0.0277,-0.0003,-0.0276,-0.0003,-0.0842,0.0751
85.6002,0.0041,0.0041,0.0704,-0.0366,-0.0004,-0.0365,-0.0004,-0.0921,0.0747
85.7002,0.0044,0.0044,0.0704,-0.0425,-0.0004,-0.0424,-0.0004,-0.0976,0.0745
85.8037,0.0047,0.0047,0.0705,-0.0493,-0.0005,-0.0492,-0.0005,-0.1008,0.0743
85.9001,0.0051,0.0051,0.0706,-0.0568,-0.0006,-0.0574,-0.0006,-0.1117,0.0740
86.0001,0.0056,0.0056,0.0708,-0.0638,-0.0007,-0.0636,-0.0007,-0.1190,0.0738
86.1076,0.0061,0.0061,0.0709,-0.0711,-0.0007,-0.0709,-0.0007,-0.1262,0.0733
86.2001,0.0061,0.0061,0.0710,-0.0043,-0.0000,-0.0046,-0.0000,-0.1101,0.0727
86.3002,0.0061,0.0061,0.0711,-0.0048,-0.0000,-0.0044,-0.0000,-0.1018,0.0726
86.4001,0.0061,0.0061,0.0712,-0.0044,-0.0000,-0.0052,-0.0001,-0.0936,0.0722
86.5001,0.0061,0.0061,0.0712,-0.0046,-0.0000,-0.0045,-0.0000,-0.0870,0.0716
86.6002,0.0061,0.0061,0.0713,-0.0011,-0.0000,-0.0013,-0.0000,-0.0798,0.0709
86.7001,0.0061,0.0061,0.0714,-0.0038,-0.0000,-0.0041,-0.0000,-0.0782,0.0705
86.8002,0.0061,0.0061,0.0714,-0.0050,-0.0001,-0.0048,-0.0000,-0.0770,0.0699
86.9038,0.0061,0.0061,0.0714,-0.0042,-0.0000,-0.0043,-0.0000,-0.0745,0.0693
87.0001,0.0061,0.0061,0.0715,-0.0043,-0.0000,-0.0043,-0.0000,-0.0729,0.0689
87.1001,0.0061,0.0061,0.0715,-0.0035,-0.0000,-0.0034,-0.0000,-0.0703,0.0684
87.2001,0.0061,0.0061,0.0716,-0.0050,-0.0001,-0.0050,-0.0001,-0.0721,0.0678
87.3039,0.0061,0.0061,0.0716,-0.0047,-0.0000,-0.0045,-0.0000,-0.0698,0.0674
87.4003,0.0061,0.0061,0.0716,-0.0044,-0.0000,-0.0043,-0.0000,-0.0710,0.0670
87.5001,0.0061,0.0061,0.0717,-0.0052,-0.0001,-0.0052,-0.0001,-0.0726,0.0662
87.6002,0.0061,0.0061,0.0717,-0.0065,-0.0001,-0.0064,-0.0001,-0.0758,0.0657
87.7001,0.0061,0.0061,0.0718,-0.0055,-0.0001,-0.0053,-0.0001,-0.0743,0.0653
87.8001,0.0061,0.0061,0.0718,-0.0042,-0.0000,-0.0043,-0.0000,-0.0721,0.0649
87.9002,0.0061,0.0061,0.0718,-0.0057,-0.0001,-0.0057,-0.0001,-0.0754,0.0645
88.0002,0.0061,0.0061,0.0719,-0.0032,-0.0000,-0.0029,-0.0000,-0.0714,0.0640
88.1001,0.0061,0.0061,0.0719,-0.0041,-0.0000,-0.0041,-0.0000,-0.0713,0.0638
88.2001,0.0061,0.0061,0.0719,-0.0047,-0.0000,-0.0047,-0.0000,-0.0723,0.0634
88.3001,0.0061,0.0060,0.0720,-0.0043,-0.0000,-0.0041,-0.0000,-0.0705,0.0630
88.4005,0.0061,0.0060,0.0720,-0.0003,-0.0000,-0.0005,-0.0000,-0.0649,0.0628
88.5001,0.0061,0.0060,0.0720,-0.0047,-0.0000,-0.0044,-0.0000,-0.0693,0.0624
88.6002,0.0061,0.0060,0.0720,-0.0065,-0.0001,-0.0062,-0.0001,-0.0721,0.0619
88.7036,0.0061,0.0060,0.0721,-0.0053,-0.0001,-0.0052,-0.0001,-0.0720,0.0616
88.8010,0.0061,0.0060,0.0721,-0.0046,-0.0000,-0.0047,-0.0000,-0.0707,0.0612
88.9001,0.0060,0.0060,0.0721,-0.0048,-0.0001,-0.0048,-0.0001,-0.0712,0.0609
89.0005,0.0060,0.0060,0.0722,-0.0049,-0.0001,-0.0049,-0.0001,-0.0712,0.0606
89.1001,0.0060,0.0060,0.0722,-0.0045,-0.0000,-0.0047,-0.0000,-0.0692,0.0601
89.2002,0.0061,0.0060,0.0722,-0.0126,-0.0001,-0.0123,-0.0001,-0.0760,0.0600
89.3034,0.0061,0.0061,0.0723,-0.0187,-0.0002,-0.0184,-0.0002,-0.0818,0.0597
89.4001,0.0062,0.0061,0.0723,-0.0277,-0.0003,-0.0273,-0.0003,-0.0928,0.0593
89.5035,0.0063,0.0062,0.0724,-0.0339,-0.0004,-0.0326,-0.0003,-0.0984,0.0591
89.6001,0.0064,0.0064,0.0725,-0.0399,-0.0004,-0.0396,-0.0004,-0.1054,0.0589
89.7001,0.0066,0.0066,0.0725,-0.0464,-0.0005,-0.0462,-0.0005,-0.1114,0.0587
89.8015,0.0068,0.0068,0.0726,-0.0527,-0.0005,-0.0525,-0.0005,-0.1177,0.0585
89.9001,0.0071,0.0071,0.0727,-0.0595,-0.0006,-0.0597,-0.0006,-0.1249,0.0583
90.0001,0.0075,0.0074,0.0729,-0.0647,-0.0007,-0.0645,-0.0007,-0.1324,0.0581
90.1001,0.0078,0.0078,0.0730,-0.0711,-0.0007,-0.0708,-0.0007,-0.1387,0.0579
90.2001,0.0078,0.0078,0.0731,-0.0049,-0.0001,-0.0051,-0.0001,-0.1237,0.0571
90.3000,0.0078,0.0078,0.0732,-0.0048,-0.0001,-0.0023,-0.0000,-0.1137,0.0565
90.4003,0.0078,0.0078,0.0733,-0.0048,-0.0001,-0.0043,-0.0000,-0.1093,0.0561
90.5001,0.0078,0.0078,0.0733,-0.0045,-0.0000,-0.0044,-0.0000,-0.1033,0.0554
90.6001,0.0078,0.0078,0.0734,-0.0044,-0.0000,-0.0045,-0.0000,-0.0970,0.0549
90.7001,0.0078,0.0078,0.0734,-0.0041,-0.0000,-0.0041,-0.0000,-0.0953,0.0543
90.8001,0.0078,0.0078,0.0735,-0.0051,-0.0001,-0.0052,-0.0001,-0.0932,0.0536
90.9001,0.0078,0.0078,0.0735,-0.0026,-0.0000,-0.0027,-0.0000,-0.0848,0.0530
91.0008,0.0078,0.0078,0.0736,-0.0036,-0.0000,-0.0037,-0.0000,-0.0814,0.0525
